Day,Cath Room 1 Proc 1,Cath Room 1 Proc 2,Cath Room 1 Proc 3,Cath Room 1 Proc 4,Cath Room 1 Proc 5,Cath Room 1 Proc 6,Cath Room 1 Proc 7,Cath Room 2 Proc 1,Cath Room 2 Proc 2,Cath Room 2 Proc 3,Cath Room 2 Proc 4,Cath Room 2 Proc 5,Cath Room 2 Proc 6,Cath Room 2 Proc 7,Cath Room 3 Proc 1,Cath Room 3 Proc 2,Cath Room 3 Proc 3,Cath Room 3 Proc 4,Cath Room 3 Proc 5,Cath Room 3 Proc 6,Cath Room 3 Proc 7,Cath Room 4 Proc 1,Cath Room 4 Proc 2,Cath Room 4 Proc 3,Cath Room 4 Proc 4,Cath Room 4 Proc 5,Cath Room 4 Proc 6,Cath Room 4 Proc 7,Cath Room 5 Proc 1,Cath Room 5 Proc 2,Cath Room 5 Proc 3,Cath Room 5 Proc 4,Cath Room 5 Proc 5,Cath Room 5 Proc 6,Cath Room 5 Proc 7,EP Room 1 Proc 1,EP Room 1 Proc 2,EP Room 1 Proc 3,EP Room 1 Proc 4,EP Room 1 Proc 5,EP Room 2 Proc 1,EP Room 2 Proc 2,EP Room 2 Proc 3,EP Room 2 Proc 4,EP Room 2 Proc 5,EP Room 3 Proc 1,EP Room 3 Proc 2,EP Room 3 Proc 3,EP Room 3 Proc 4,EP Room 3 Proc 5,Overflow Proc 1,Overflow Proc 2,Overflow Proc 3,Overflow Proc 4,Overflow Proc 5,Overflow Proc 6,Overflow Proc 7
1,67.2,92.61,189.73,224.38,0.0,0.0,0.0,116.45,94.75,94.85,98.11,100.6,129.65,0.0,100.92,103.87,139.22,143.32,102.72,0.0,0.0,85.76,148.8,156.31,107.75,0.0,0.0,0.0,106.45,0.0,0.0,0.0,0.0,0.0,0.0,119.97,266.44,90.93,0.0,0.0,386.7,0.0,0.0,0.0,0.0,158.87,0.0,0.0,0.0,0.0,0.0,0.0,0.0,0.0,0.0,0.0,0.0
2,71.78,150.75,85.72,89.7,95.55,117.34,0.0,85.12,123.46,205.44,125.36,0.0,0.0,0.0,101.94,104.19,105.94,225.89,0.0,0.0,0.0,178.9,145.06,155.89,0.0,0.0,0.0,0.0,72.32,150.91,255.46,0.0,0.0,0.0,0.0,159.6,226.64,83.67,133.07,0.0,301.21,164.27,0.0,0.0,0.0,186.37,138.18,0.0,0.0,0.0,163.14,210.17,366.89,0.0,0.0,0.0,0.0
3,105.86,76.13,86.51,92.13,101.75,122.73,0.0,123.53,130.97,160.83,177.86,0.0,0.0,0.0,107.14,120.23,141.28,156.58,98.88,0.0,0.0,56.94,91.18,183.76,187.36,107.05,0.0,0.0,87.58,100.91,0.0,0.0,0.0,0.0,0.0,97.8,191.35,0.0,0.0,0.0,234.45,251.06,0.0,0.0,0.0,185.91,198.21,208.96,0.0,0.0,0.0,0.0,0.0,0.0,0.0,0.0,0.0
4,100.92,161.71,62.0,79.92,101.45,106.0,0.0,99.99,145.89,162.95,195.11,0.0,0.0,0.0,129.67,130.3,165.41,0.0,0.0,0.0,0.0,154.62,246.5,0.0,0.0,0.0,0.0,0.0,163.44,210.68,0.0,0.0,0.0,0.0,0.0,246.66,79.47,0.0,0.0,0.0,0.0,0.0,0.0,0.0,0.0,0.0,0.0,0.0,0.0,0.0,0.0,0.0,0.0,0.0,0.0,0.0,0.0
5,86.42,91.72,103.3,120.63,124.75,0.0,0.0,103.4,125.23,173.57,197.38,0.0,0.0,0.0,355.82,0.0,0.0,0.0,0.0,0.0,0.0,113.51,117.02,174.65,0.0,0.0,0.0,0.0,81.56,83.47,89.88,0.0,0.0,0.0,0.0,451.97,0.0,0.0,0.0,0.0,0.0,0.0,0.0,0.0,0.0,0.0,0.0,0.0,0.0,0.0,0.0,0.0,0.0,0.0,0.0,0.0,0.0
6,166.33,192.73,80.67,87.15,104.52,0.0,0.0,101.05,114.94,127.39,105.14,109.41,0.0,0.0,77.94,80.0,100.96,112.5,123.64,126.88,0.0,85.97,88.65,102.06,167.75,110.11,0.0,0.0,90.94,114.36,116.68,127.83,130.27,0.0,0.0,124.07,162.38,258.46,67.9,0.0,160.5,208.1,209.86,0.0,0.0,147.7,354.72,0.0,0.0,0.0,135.95,150.13,159.4,634.8,0.0,0.0,0.0
7,155.86,137.6,168.0,0.0,0.0,0.0,0.0,77.8,98.44,177.07,0.0,0.0,0.0,0.0,84.8,91.36,113.7,193.92,0.0,0.0,0.0,62.0,346.26,0.0,0.0,0.0,0.0,0.0,140.5,0.0,0.0,0.0,0.0,0.0,0.0,129.4,191.58,0.0,0.0,0.0,318.4,0.0,0.0,0.0,0.0,143.17,159.17,180.05,0.0,0.0,362.5,413.58,0.0,0.0,0.0,0.0,0.0
8,92.89,125.64,129.07,80.0,93.79,94.93,0.0,63.85,105.6,137.15,140.12,98.02,0.0,0.0,74.21,81.76,104.16,108.43,122.46,126.28,0.0,113.76,115.53,128.23,163.15,0.0,0.0,0.0,76.25,88.76,135.09,170.43,0.0,0.0,0.0,73.63,302.2,169.36,0.0,0.0,123.37,154.17,0.0,0.0,0.0,173.82,108.5,0.0,0.0,0.0,178.11,180.95,380.43,0.0,0.0,0.0,0.0
9,110.65,118.16,135.72,168.69,86.18,0.0,0.0,89.9,111.58,111.85,117.27,122.44,0.0,0.0,82.31,86.39,113.7,141.68,0.0,0.0,0.0,78.03,83.73,84.55,98.93,108.89,0.0,0.0,95.02,102.23,102.28,104.85,0.0,0.0,0.0,314.75,0.0,0.0,0.0,0.0,427.04,0.0,0.0,0.0,0.0,0.0,0.0,0.0,0.0,0.0,390.55,0.0,0.0,0.0,0.0,0.0,0.0
10,94.29,196.79,68.51,89.92,90.97,0.0,0.0,101.38,168.52,107.18,107.84,115.89,0.0,0.0,101.13,177.16,354.08,0.0,0.0,0.0,0.0,135.7,119.75,120.02,120.11,126.03,0.0,0.0,152.13,137.85,154.88,164.31,0.0,0.0,0.0,279.6,349.5,0.0,0.0,0.0,374.04,0.0,0.0,0.0,0.0,0.0,0.0,0.0,0.0,0.0,234.06,0.0,0.0,0.0,0.0,0.0,0.0
11,4.0,93.7,102.09,60.0,0.0,0.0,0.0,0.0,0.0,0.0,0.0,0.0,0.0,0.0,154.97,353.46,0.0,0.0,0.0,0.0,0.0,93.52,97.39,104.98,112.81,0.0,0.0,0.0,214.0,0.0,0.0,0.0,0.0,0.0,0.0,165.74,0.0,0.0,0.0,0.0,147.7,185.81,0.0,0.0,0.0,273.35,0.0,0.0,0.0,0.0,0.0,0.0,0.0,0.0,0.0,0.0,0.0
12,86.0,86.12,87.53,98.13,142.32,0.0,0.0,102.42,146.17,150.41,0.0,0.0,0.0,0.0,105.43,112.2,251.17,0.0,0.0,0.0,0.0,0.0,0.0,0.0,0.0,0.0,0.0,0.0,95.63,109.53,165.91,0.0,0.0,0.0,0.0,201.99,270.41,115.17,0.0,0.0,227.91,190.26,0.0,0.0,0.0,223.42,270.01,0.0,0.0,0.0,334.99,554.45,0.0,0.0,0.0,0.0,0.0
13,104.49,132.57,148.01,214.77,0.0,0.0,0.0,71.6,98.19,129.41,71.97,97.25,103.37,0.0,139.46,270.74,106.55,108.77,0.0,0.0,0.0,113.96,115.53,120.07,120.67,150.06,0.0,0.0,82.38,130.72,154.2,157.04,0.0,0.0,0.0,187.95,191.75,75.33,85.77,0.0,173.93,385.8,0.0,0.0,0.0,156.3,0.0,0.0,0.0,0.0,217.76,0.0,0.0,0.0,0.0,0.0,0.0
14,81.56,91.19,83.87,89.17,95.27,104.59,0.0,137.4,175.72,183.57,0.0,0.0,0.0,0.0,218.56,0.0,0.0,0.0,0.0,0.0,0.0,151.68,0.0,0.0,0.0,0.0,0.0,0.0,117.1,121.65,146.37,154.68,0.0,0.0,0.0,338.85,167.6,0.0,0.0,0.0,390.29,0.0,0.0,0.0,0.0,0.0,0.0,0.0,0.0,0.0,0.0,0.0,0.0,0.0,0.0,0.0,0.0
15,80.16,83.68,83.99,88.16,100.18,100.46,0.0,96.95,115.71,119.63,173.88,115.67,0.0,0.0,198.41,126.41,156.2,0.0,0.0,0.0,0.0,161.93,172.71,0.0,0.0,0.0,0.0,0.0,0.0,0.0,0.0,0.0,0.0,0.0,0.0,164.79,285.54,72.83,101.1,0.0,320.74,121.53,164.7,0.0,0.0,382.15,0.0,0.0,0.0,0.0,0.0,0.0,0.0,0.0,0.0,0.0,0.0
16,94.88,97.82,75.39,104.38,108.08,109.61,0.0,532.93,0.0,0.0,0.0,0.0,0.0,0.0,78.75,117.34,161.99,223.3,0.0,0.0,0.0,96.15,121.88,132.65,215.35,0.0,0.0,0.0,336.79,118.16,141.34,0.0,0.0,0.0,0.0,84.33,132.43,307.91,89.67,0.0,100.57,196.57,93.33,155.23,0.0,186.24,104.57,192.1,0.0,0.0,367.12,0.0,0.0,0.0,0.0,0.0,0.0
17,68.0,70.18,113.97,20.0,98.71,107.9,140.58,164.18,118.98,0.0,0.0,0.0,0.0,0.0,0.0,0.0,0.0,0.0,0.0,0.0,0.0,74.78,222.65,0.0,0.0,0.0,0.0,0.0,126.61,154.68,0.0,0.0,0.0,0.0,0.0,188.31,141.45,224.18,0.0,0.0,435.47,171.2,0.0,0.0,0.0,104.0,106.3,276.14,0.0,0.0,378.15,379.99,0.0,0.0,0.0,0.0,0.0
18,122.24,78.38,83.25,86.5,95.02,98.4,0.0,89.47,270.66,121.76,0.0,0.0,0.0,0.0,126.28,171.06,0.0,0.0,0.0,0.0,0.0,0.0,0.0,0.0,0.0,0.0,0.0,0.0,117.48,0.0,0.0,0.0,0.0,0.0,0.0,207.06,86.1,242.23,90.2,0.0,199.29,224.9,0.0,0.0,0.0,79.07,121.37,198.32,0.0,0.0,0.0,0.0,0.0,0.0,0.0,0.0,0.0
19,115.12,129.94,163.23,75.16,88.83,0.0,0.0,108.9,106.75,0.0,0.0,0.0,0.0,0.0,80.0,108.0,0.0,0.0,0.0,0.0,0.0,119.36,0.0,0.0,0.0,0.0,0.0,0.0,67.4,115.25,0.0,0.0,0.0,0.0,0.0,200.69,278.38,0.0,0.0,0.0,347.88,0.0,0.0,0.0,0.0,377.16,0.0,0.0,0.0,0.0,0.0,0.0,0.0,0.0,0.0,0.0,0.0
20,108.53,132.6,85.38,87.0,93.26,97.56,0.0,91.18,144.17,103.03,117.65,147.99,0.0,0.0,83.31,162.01,215.06,109.94,0.0,0.0,0.0,95.2,116.18,125.61,131.27,0.0,0.0,0.0,74.68,81.87,178.13,0.0,0.0,0.0,0.0,188.77,270.97,69.33,84.2,0.0,314.8,0.0,0.0,0.0,0.0,0.0,0.0,0.0,0.0,0.0,0.0,0.0,0.0,0.0,0.0,0.0,0.0
21,151.28,335.29,89.7,0.0,0.0,0.0,0.0,118.75,138.51,90.79,102.33,105.45,0.0,0.0,95.98,108.7,117.94,126.44,134.26,0.0,0.0,86.17,124.78,138.68,155.88,95.89,0.0,0.0,93.76,122.6,198.53,120.97,0.0,0.0,0.0,122.65,125.53,272.42,0.0,0.0,119.63,191.48,213.06,0.0,0.0,166.53,352.32,0.0,0.0,0.0,158.75,174.65,0.0,0.0,0.0,0.0,0.0
22,140.97,176.38,76.14,80.82,90.76,0.0,0.0,90.99,185.63,255.13,94.55,0.0,0.0,0.0,114.74,174.11,96.61,142.21,0.0,0.0,0.0,144.65,163.74,116.29,0.0,0.0,0.0,0.0,105.46,0.0,0.0,0.0,0.0,0.0,0.0,239.26,150.63,179.39,0.0,0.0,238.48,134.87,101.67,0.0,0.0,185.6,219.11,223.5,0.0,0.0,331.36,0.0,0.0,0.0,0.0,0.0,0.0
23,110.06,177.86,89.2,106.87,114.92,0.0,0.0,74.0,115.72,220.6,99.44,106.7,0.0,0.0,153.87,225.23,0.0,0.0,0.0,0.0,0.0,109.96,0.0,0.0,0.0,0.0,0.0,0.0,150.96,0.0,0.0,0.0,0.0,0.0,0.0,181.45,353.04,87.53,0.0,0.0,0.0,0.0,0.0,0.0,0.0,0.0,0.0,0.0,0.0,0.0,0.0,0.0,0.0,0.0,0.0,0.0,0.0
24,80.0,81.39,107.68,141.32,116.24,0.0,0.0,113.78,132.45,141.16,197.26,0.0,0.0,0.0,103.97,110.6,141.73,0.0,0.0,0.0,0.0,123.24,0.0,0.0,0.0,0.0,0.0,0.0,22.0,80.23,120.23,147.18,0.0,0.0,0.0,206.18,360.31,0.0,0.0,0.0,533.54,0.0,0.0,0.0,0.0,103.5,143.3,0.0,0.0,0.0,0.0,0.0,0.0,0.0,0.0,0.0,0.0
25,101.38,208.43,210.61,71.47,0.0,0.0,0.0,105.4,119.38,85.66,88.36,99.79,117.92,0.0,117.24,274.64,0.0,0.0,0.0,0.0,0.0,96.1,134.96,150.0,0.0,0.0,0.0,0.0,118.64,0.0,0.0,0.0,0.0,0.0,0.0,168.0,243.36,165.97,0.0,0.0,303.3,0.0,0.0,0.0,0.0,348.84,0.0,0.0,0.0,0.0,0.0,0.0,0.0,0.0,0.0,0.0,0.0
26,81.35,167.98,170.84,75.92,79.88,0.0,0.0,90.11,113.1,155.63,94.07,96.1,78.0,0.0,54.0,103.62,198.11,92.57,172.53,0.0,0.0,92.74,125.31,252.79,112.93,0.0,0.0,0.0,99.14,0.0,0.0,0.0,0.0,0.0,0.0,99.4,178.17,153.73,160.49,0.0,147.43,293.99,56.33,75.7,0.0,225.99,318.2,0.0,0.0,0.0,330.23,0.0,0.0,0.0,0.0,0.0,0.0
27,74.0,92.89,135.51,203.32,0.0,0.0,0.0,62.0,94.1,205.41,144.24,0.0,0.0,0.0,32.0,105.94,116.69,239.16,0.0,0.0,0.0,65.86,186.48,0.0,0.0,0.0,0.0,0.0,91.86,129.16,273.49,0.0,0.0,0.0,0.0,220.96,118.37,232.08,0.0,0.0,136.43,354.55,90.77,0.0,0.0,141.96,151.32,164.07,120.0,0.0,404.83,612.39,0.0,0.0,0.0,0.0,0.0
28,119.8,87.57,91.11,99.18,102.24,110.71,0.0,114.21,119.53,131.57,144.8,0.0,0.0,0.0,87.54,124.6,166.01,132.16,0.0,0.0,0.0,184.01,0.0,0.0,0.0,0.0,0.0,0.0,0.0,0.0,0.0,0.0,0.0,0.0,0.0,65.9,106.1,238.17,0.0,0.0,173.08,0.0,0.0,0.0,0.0,220.24,281.34,0.0,0.0,0.0,0.0,0.0,0.0,0.0,0.0,0.0,0.0
29,80.42,107.53,111.51,76.22,80.0,87.67,0.0,129.07,128.72,137.24,146.55,0.0,0.0,0.0,70.02,89.84,134.05,142.36,151.57,0.0,0.0,131.8,0.0,0.0,0.0,0.0,0.0,0.0,109.48,0.0,0.0,0.0,0.0,0.0,0.0,270.45,362.93,0.0,0.0,0.0,0.0,0.0,0.0,0.0,0.0,0.0,0.0,0.0,0.0,0.0,0.0,0.0,0.0,0.0,0.0,0.0,0.0
30,61.74,102.21,75.18,80.73,82.71,83.37,103.1,70.0,150.27,0.0,0.0,0.0,0.0,0.0,172.65,0.0,0.0,0.0,0.0,0.0,0.0,64.0,98.42,113.3,116.7,146.89,0.0,0.0,138.53,0.0,0.0,0.0,0.0,0.0,0.0,251.9,306.95,0.0,0.0,0.0,402.66,0.0,0.0,0.0,0.0,0.0,0.0,0.0,0.0,0.0,0.0,0.0,0.0,0.0,0.0,0.0,0.0
31,90.17,252.07,0.0,0.0,0.0,0.0,0.0,80.0,0.0,0.0,0.0,0.0,0.0,0.0,77.99,92.34,110.07,122.41,0.0,0.0,0.0,96.8,110.0,160.2,0.0,0.0,0.0,0.0,85.24,103.27,0.0,0.0,0.0,0.0,0.0,160.04,0.0,0.0,0.0,0.0,0.0,0.0,0.0,0.0,0.0,0.0,0.0,0.0,0.0,0.0,0.0,0.0,0.0,0.0,0.0,0.0,0.0
32,139.69,75.78,87.21,105.09,105.44,107.81,0.0,170.47,108.31,113.37,132.79,0.0,0.0,0.0,113.21,120.29,134.37,139.3,0.0,0.0,0.0,142.77,150.25,160.96,0.0,0.0,0.0,0.0,140.35,191.02,0.0,0.0,0.0,0.0,0.0,148.5,260.67,105.03,0.0,0.0,200.17,177.1,192.01,0.0,0.0,170.4,222.17,0.0,0.0,0.0,272.48,313.05,464.45,0.0,0.0,0.0,0.0
33,246.7,84.85,85.72,95.35,99.79,0.0,0.0,99.88,104.37,128.5,130.37,158.83,0.0,0.0,75.59,236.28,283.99,0.0,0.0,0.0,0.0,81.36,0.0,0.0,0.0,0.0,0.0,0.0,89.83,118.45,0.0,0.0,0.0,0.0,0.0,273.99,302.93,0.0,0.0,0.0,253.76,170.53,0.0,0.0,0.0,264.42,0.0,0.0,0.0,0.0,0.0,0.0,0.0,0.0,0.0,0.0,0.0
34,83.98,90.98,93.34,107.8,122.48,126.32,0.0,116.08,126.55,133.9,179.72,0.0,0.0,0.0,88.16,185.82,114.45,0.0,0.0,0.0,0.0,139.14,0.0,0.0,0.0,0.0,0.0,0.0,110.61,0.0,0.0,0.0,0.0,0.0,0.0,344.46,98.53,0.0,0.0,0.0,566.67,0.0,0.0,0.0,0.0,0.0,0.0,0.0,0.0,0.0,0.0,0.0,0.0,0.0,0.0,0.0,0.0
35,71.78,103.95,120.61,128.55,130.71,0.0,0.0,107.16,130.91,132.25,136.6,0.0,0.0,0.0,103.12,108.64,127.05,154.84,0.0,0.0,0.0,266.28,220.73,0.0,0.0,0.0,0.0,0.0,90.75,154.02,0.0,0.0,0.0,0.0,0.0,219.93,402.19,0.0,0.0,0.0,87.6,122.23,0.0,0.0,0.0,0.0,0.0,0.0,0.0,0.0,0.0,0.0,0.0,0.0,0.0,0.0,0.0
36,118.11,89.91,90.27,91.55,91.76,116.25,0.0,72.54,154.41,180.66,122.39,0.0,0.0,0.0,123.48,200.12,0.0,0.0,0.0,0.0,0.0,99.31,114.17,130.54,249.37,0.0,0.0,0.0,80.0,91.7,0.0,0.0,0.0,0.0,0.0,170.25,292.44,81.27,0.0,0.0,146.73,135.17,0.0,0.0,0.0,173.01,0.0,0.0,0.0,0.0,0.0,0.0,0.0,0.0,0.0,0.0,0.0
37,91.53,79.78,86.96,92.62,94.65,116.72,0.0,103.04,122.84,143.83,154.67,103.92,0.0,0.0,179.5,160.25,172.17,0.0,0.0,0.0,0.0,75.83,94.34,186.28,205.73,0.0,0.0,0.0,99.03,207.83,234.83,0.0,0.0,0.0,0.0,140.88,302.43,104.13,0.0,0.0,151.23,304.07,0.0,0.0,0.0,236.96,265.6,0.0,0.0,0.0,307.88,129.7,0.0,0.0,0.0,0.0,0.0
38,92.82,76.22,99.49,103.46,119.33,121.12,0.0,96.4,131.72,132.9,151.64,0.0,0.0,0.0,200.41,0.0,0.0,0.0,0.0,0.0,0.0,86.28,145.43,0.0,0.0,0.0,0.0,0.0,111.99,0.0,0.0,0.0,0.0,0.0,0.0,359.24,81.7,139.93,0.0,0.0,323.21,181.85,0.0,0.0,0.0,396.24,0.0,0.0,0.0,0.0,0.0,0.0,0.0,0.0,0.0,0.0,0.0
39,89.42,112.77,113.09,50.0,71.1,85.91,92.99,121.0,127.74,93.71,107.62,107.98,0.0,0.0,634.8,0.0,0.0,0.0,0.0,0.0,0.0,77.78,94.83,109.3,115.05,157.61,77.12,0.0,189.04,0.0,0.0,0.0,0.0,0.0,0.0,24.87,66.67,0.0,0.0,0.0,0.0,0.0,0.0,0.0,0.0,0.0,0.0,0.0,0.0,0.0,0.0,0.0,0.0,0.0,0.0,0.0,0.0
40,141.7,176.41,76.0,77.37,80.65,0.0,0.0,88.2,116.27,334.05,91.16,0.0,0.0,0.0,124.45,107.89,109.05,119.76,125.53,0.0,0.0,83.78,139.51,179.34,205.38,0.0,0.0,0.0,77.55,118.95,160.44,274.64,0.0,0.0,0.0,58.13,59.0,60.1,226.47,228.5,130.87,0.0,0.0,0.0,0.0,0.0,0.0,0.0,0.0,0.0,95.49,0.0,0.0,0.0,0.0,0.0,0.0
41,90.96,141.82,197.1,77.65,89.76,0.0,0.0,110.58,118.22,120.44,94.45,108.24,0.0,0.0,113.31,116.83,160.62,162.66,0.0,0.0,0.0,110.91,176.41,211.89,103.13,0.0,0.0,0.0,132.15,0.0,0.0,0.0,0.0,0.0,0.0,128.9,142.23,233.44,0.0,0.0,159.37,166.83,172.99,0.0,0.0,71.03,178.98,0.0,0.0,0.0,0.0,0.0,0.0,0.0,0.0,0.0,0.0
42,221.91,230.95,79.42,92.18,0.0,0.0,0.0,126.05,156.03,106.14,131.73,114.44,0.0,0.0,101.39,133.3,158.85,181.02,0.0,0.0,0.0,144.53,151.76,249.57,0.0,0.0,0.0,0.0,138.68,298.94,0.0,0.0,0.0,0.0,0.0,181.09,272.68,84.8,0.0,0.0,281.88,300.32,0.0,0.0,0.0,237.85,192.63,193.4,0.0,0.0,331.29,0.0,0.0,0.0,0.0,0.0,0.0
43,59.69,69.12,106.82,20.0,71.19,124.08,140.76,137.62,0.0,0.0,0.0,0.0,0.0,0.0,0.0,0.0,0.0,0.0,0.0,0.0,0.0,0.0,0.0,0.0,0.0,0.0,0.0,0.0,149.1,0.0,0.0,0.0,0.0,0.0,0.0,408.36,81.13,118.03,0.0,0.0,183.0,306.6,0.0,0.0,0.0,0.0,0.0,0.0,0.0,0.0,0.0,0.0,0.0,0.0,0.0,0.0,0.0
44,132.39,170.57,93.24,101.85,105.51,0.0,0.0,74.87,80.54,81.67,98.22,194.45,83.81,0.0,72.27,84.74,117.31,138.05,205.15,0.0,0.0,190.34,108.14,133.31,134.26,0.0,0.0,0.0,358.59,142.27,100.86,0.0,0.0,0.0,0.0,182.95,319.66,108.3,0.0,0.0,329.14,0.0,0.0,0.0,0.0,0.0,0.0,0.0,0.0,0.0,175.18,261.46,0.0,0.0,0.0,0.0,0.0
45,273.55,72.0,74.0,74.0,91.45,0.0,0.0,118.55,139.17,190.68,93.5,0.0,0.0,0.0,149.38,177.51,97.09,97.97,0.0,0.0,0.0,120.48,173.0,0.0,0.0,0.0,0.0,0.0,89.06,124.25,215.12,0.0,0.0,0.0,0.0,253.47,353.11,0.0,0.0,0.0,382.67,0.0,0.0,0.0,0.0,0.0,0.0,0.0,0.0,0.0,435.16,0.0,0.0,0.0,0.0,0.0,0.0
46,148.58,83.76,86.26,87.2,93.85,108.28,0.0,62.08,87.04,122.74,141.41,174.38,0.0,0.0,96.21,186.19,252.63,83.05,0.0,0.0,0.0,133.86,0.0,0.0,0.0,0.0,0.0,0.0,111.63,0.0,0.0,0.0,0.0,0.0,0.0,156.05,195.27,233.92,0.0,0.0,147.8,478.32,0.0,0.0,0.0,343.69,0.0,0.0,0.0,0.0,334.02,353.47,0.0,0.0,0.0,0.0,0.0
47,122.27,182.87,257.03,44.0,0.0,0.0,0.0,89.51,123.04,130.38,150.35,0.0,0.0,0.0,112.9,301.63,0.0,0.0,0.0,0.0,0.0,77.9,0.0,0.0,0.0,0.0,0.0,0.0,112.82,112.89,157.68,0.0,0.0,0.0,0.0,119.93,146.7,325.18,0.0,0.0,239.3,288.09,0.0,0.0,0.0,219.13,195.9,128.17,0.0,0.0,329.91,362.09,0.0,0.0,0.0,0.0,0.0
48,118.57,60.0,81.21,107.63,109.44,111.82,0.0,108.36,124.74,127.07,127.74,134.62,0.0,0.0,115.07,134.89,143.97,146.4,0.0,0.0,0.0,84.28,104.62,122.12,280.96,0.0,0.0,0.0,120.73,123.52,280.19,0.0,0.0,0.0,0.0,248.85,144.63,176.06,0.0,0.0,376.77,75.97,0.0,0.0,0.0,218.7,391.73,0.0,0.0,0.0,153.51,170.57,393.93,0.0,0.0,0.0,0.0
49,79.13,83.28,87.81,88.21,107.93,114.41,0.0,88.82,95.3,104.97,140.08,126.95,0.0,0.0,82.65,105.0,114.04,114.57,123.69,0.0,0.0,97.65,103.34,147.41,153.12,113.16,0.0,0.0,68.55,83.46,136.08,136.66,140.42,0.0,0.0,57.57,108.9,138.2,0.0,0.0,0.0,0.0,0.0,0.0,0.0,0.0,0.0,0.0,0.0,0.0,142.68,159.96,203.04,0.0,0.0,0.0,0.0
50,91.32,44.0,89.52,94.46,105.45,105.65,0.0,89.24,132.44,159.1,126.09,0.0,0.0,0.0,91.88,95.8,136.07,138.18,154.81,0.0,0.0,96.53,111.83,135.56,158.81,0.0,0.0,0.0,116.25,195.49,215.14,0.0,0.0,0.0,0.0,49.07,75.93,0.0,0.0,0.0,0.0,0.0,0.0,0.0,0.0,0.0,0.0,0.0,0.0,0.0,274.6,189.64,0.0,0.0,0.0,0.0,0.0
51,131.84,200.03,71.07,73.56,81.28,0.0,0.0,78.16,96.85,117.03,119.06,85.0,95.85,0.0,96.12,112.07,112.21,113.4,118.42,0.0,0.0,104.12,129.46,119.46,121.61,125.86,0.0,0.0,102.82,112.99,130.84,188.55,0.0,0.0,0.0,138.6,142.7,148.99,164.55,0.0,613.04,0.0,0.0,0.0,0.0,178.6,197.7,0.0,0.0,0.0,235.92,147.74,0.0,0.0,0.0,0.0,0.0
52,90.82,167.33,64.0,90.34,97.5,97.5,0.0,117.42,125.2,126.11,127.17,0.0,0.0,0.0,93.6,131.04,166.34,157.25,0.0,0.0,0.0,195.55,163.65,170.44,0.0,0.0,0.0,0.0,102.83,114.53,210.54,0.0,0.0,0.0,0.0,147.33,159.92,239.03,0.0,0.0,145.13,369.66,0.0,0.0,0.0,237.62,141.27,0.0,0.0,0.0,0.0,0.0,0.0,0.0,0.0,0.0,0.0
53,74.29,103.08,117.1,121.84,125.97,0.0,0.0,92.26,152.44,128.79,131.3,0.0,0.0,0.0,181.14,139.52,155.71,0.0,0.0,0.0,0.0,117.65,179.97,225.87,0.0,0.0,0.0,0.0,114.24,227.39,0.0,0.0,0.0,0.0,0.0,133.5,173.83,0.0,0.0,0.0,251.25,115.23,185.84,0.0,0.0,132.5,0.0,0.0,0.0,0.0,0.0,0.0,0.0,0.0,0.0,0.0,0.0
54,58.0,83.98,105.54,117.9,130.92,0.0,0.0,144.32,0.0,0.0,0.0,0.0,0.0,0.0,73.85,77.66,138.31,191.67,0.0,0.0,0.0,76.0,0.0,0.0,0.0,0.0,0.0,0.0,151.84,191.24,0.0,0.0,0.0,0.0,0.0,82.57,258.85,265.47,0.0,0.0,356.83,0.0,0.0,0.0,0.0,0.0,0.0,0.0,0.0,0.0,0.0,0.0,0.0,0.0,0.0,0.0,0.0
55,124.62,190.25,85.6,94.15,96.17,0.0,0.0,73.01,85.51,220.25,96.57,97.89,0.0,0.0,77.16,111.47,131.49,136.75,139.57,0.0,0.0,176.67,82.89,0.0,0.0,0.0,0.0,0.0,90.76,117.81,132.73,141.14,0.0,0.0,0.0,204.38,350.25,0.0,0.0,0.0,378.44,0.0,0.0,0.0,0.0,505.75,0.0,0.0,0.0,0.0,0.0,0.0,0.0,0.0,0.0,0.0,0.0
56,98.62,99.26,85.79,96.2,98.06,104.63,0.0,75.68,77.0,86.04,115.29,134.14,0.0,0.0,87.7,136.25,151.04,152.54,0.0,0.0,0.0,90.26,160.11,183.21,0.0,0.0,0.0,0.0,77.4,135.16,161.98,0.0,0.0,0.0,0.0,242.07,272.67,0.0,0.0,0.0,249.47,159.73,222.61,0.0,0.0,312.76,198.82,0.0,0.0,0.0,332.45,261.31,0.0,0.0,0.0,0.0,0.0
57,60.09,80.96,94.32,87.32,97.16,120.14,0.0,162.9,125.55,111.53,99.04,0.0,0.0,0.0,74.0,88.39,0.0,0.0,0.0,0.0,0.0,84.94,93.1,0.0,0.0,0.0,0.0,0.0,0.0,0.0,0.0,0.0,0.0,0.0,0.0,360.07,81.03,0.0,0.0,0.0,433.76,0.0,0.0,0.0,0.0,223.53,0.0,0.0,0.0,0.0,0.0,0.0,0.0,0.0,0.0,0.0,0.0
58,98.36,74.52,89.78,99.27,107.09,107.81,0.0,70.5,176.05,129.3,149.4,0.0,0.0,0.0,100.56,115.93,127.49,143.11,118.03,0.0,0.0,166.08,181.39,205.08,0.0,0.0,0.0,0.0,140.97,160.52,164.17,0.0,0.0,0.0,0.0,144.4,269.74,141.8,0.0,0.0,182.08,307.51,0.0,0.0,0.0,0.0,0.0,0.0,0.0,0.0,347.43,0.0,0.0,0.0,0.0,0.0,0.0
59,92.84,98.4,142.25,74.0,74.8,85.68,0.0,72.16,112.95,109.51,111.24,123.33,89.49,0.0,77.44,97.5,181.03,0.0,0.0,0.0,0.0,75.54,0.0,0.0,0.0,0.0,0.0,0.0,69.25,164.19,0.0,0.0,0.0,0.0,0.0,42.9,324.24,0.0,0.0,0.0,352.9,0.0,0.0,0.0,0.0,0.0,0.0,0.0,0.0,0.0,0.0,0.0,0.0,0.0,0.0,0.0,0.0
60,94.23,75.6,81.58,82.61,88.24,90.19,94.48,82.24,91.69,143.55,99.9,122.77,0.0,0.0,129.54,130.71,152.28,0.0,0.0,0.0,0.0,240.12,0.0,0.0,0.0,0.0,0.0,0.0,68.83,0.0,0.0,0.0,0.0,0.0,0.0,67.8,314.58,138.8,0.0,0.0,149.8,0.0,0.0,0.0,0.0,0.0,0.0,0.0,0.0,0.0,0.0,0.0,0.0,0.0,0.0,0.0,0.0
61,78.18,99.72,113.87,115.58,116.15,90.65,0.0,98.18,145.99,116.62,116.81,125.65,0.0,0.0,93.31,104.67,170.74,189.25,0.0,0.0,0.0,102.06,135.42,136.66,145.58,114.74,0.0,0.0,0.0,0.0,0.0,0.0,0.0,0.0,0.0,297.71,334.09,0.0,0.0,0.0,176.43,203.43,238.25,0.0,0.0,167.26,105.73,212.66,0.0,0.0,0.0,0.0,0.0,0.0,0.0,0.0,0.0
62,113.45,201.41,96.96,103.42,106.37,0.0,0.0,87.04,113.44,113.45,126.17,148.32,0.0,0.0,219.86,0.0,0.0,0.0,0.0,0.0,0.0,0.0,0.0,0.0,0.0,0.0,0.0,0.0,85.24,93.81,0.0,0.0,0.0,0.0,0.0,72.93,79.77,215.29,249.81,0.0,183.72,329.74,0.0,0.0,0.0,174.3,263.68,192.29,0.0,0.0,0.0,0.0,0.0,0.0,0.0,0.0,0.0
63,92.37,122.99,236.13,78.11,94.4,0.0,0.0,112.23,114.26,118.03,136.48,104.02,0.0,0.0,80.85,109.12,117.37,120.26,124.47,0.0,0.0,135.17,133.92,140.77,153.94,0.0,0.0,0.0,100.98,118.81,139.6,170.71,0.0,0.0,0.0,191.51,121.2,0.0,0.0,0.0,110.13,232.32,0.0,0.0,0.0,167.53,158.45,158.53,0.0,0.0,166.08,0.0,0.0,0.0,0.0,0.0,0.0
64,105.88,113.93,121.64,67.89,86.33,90.04,0.0,87.27,89.26,110.96,179.47,132.05,0.0,0.0,145.63,136.28,156.18,164.77,0.0,0.0,0.0,63.0,76.0,80.74,213.81,0.0,0.0,0.0,129.1,0.0,0.0,0.0,0.0,0.0,0.0,207.9,284.62,0.0,0.0,0.0,0.0,0.0,0.0,0.0,0.0,0.0,0.0,0.0,0.0,0.0,0.0,0.0,0.0,0.0,0.0,0.0,0.0
65,81.01,91.56,92.32,96.47,105.06,130.48,0.0,98.43,185.74,142.54,163.13,0.0,0.0,0.0,174.05,186.13,205.55,0.0,0.0,0.0,0.0,88.15,80.19,116.34,0.0,0.0,0.0,0.0,152.07,183.45,0.0,0.0,0.0,0.0,0.0,172.26,295.99,104.67,0.0,0.0,309.79,0.0,0.0,0.0,0.0,0.0,0.0,0.0,0.0,0.0,0.0,0.0,0.0,0.0,0.0,0.0,0.0
66,227.97,68.01,95.84,102.66,119.46,0.0,0.0,147.2,131.21,140.1,172.26,0.0,0.0,0.0,158.75,81.78,0.0,0.0,0.0,0.0,0.0,101.11,126.45,187.87,0.0,0.0,0.0,0.0,96.74,104.26,112.32,0.0,0.0,0.0,0.0,149.95,169.68,241.04,0.0,0.0,152.3,170.48,192.55,0.0,0.0,348.19,0.0,0.0,0.0,0.0,0.0,0.0,0.0,0.0,0.0,0.0,0.0
67,142.55,85.63,88.11,106.47,111.5,0.0,0.0,67.09,95.42,110.42,115.53,157.83,0.0,0.0,85.27,137.67,135.12,139.78,0.0,0.0,0.0,143.34,155.68,155.41,0.0,0.0,0.0,0.0,104.07,0.0,0.0,0.0,0.0,0.0,0.0,275.29,59.73,63.5,150.49,0.0,75.4,289.26,0.0,0.0,0.0,0.0,0.0,0.0,0.0,0.0,0.0,0.0,0.0,0.0,0.0,0.0,0.0
68,144.5,458.56,0.0,0.0,0.0,0.0,0.0,118.95,231.72,92.07,94.21,0.0,0.0,0.0,66.74,148.83,105.81,135.96,155.82,0.0,0.0,104.39,0.0,0.0,0.0,0.0,0.0,0.0,143.33,156.71,0.0,0.0,0.0,0.0,0.0,198.88,55.77,83.07,141.37,0.0,249.64,322.76,0.0,0.0,0.0,184.1,174.4,187.17,0.0,0.0,0.0,0.0,0.0,0.0,0.0,0.0,0.0
69,83.03,96.52,70.0,73.16,74.22,100.77,121.9,176.82,157.34,162.35,119.45,0.0,0.0,0.0,94.91,192.93,181.16,0.0,0.0,0.0,0.0,107.86,150.79,160.21,0.0,0.0,0.0,0.0,199.5,240.48,0.0,0.0,0.0,0.0,0.0,119.97,176.07,265.17,67.7,0.0,76.13,191.13,0.0,0.0,0.0,0.0,0.0,0.0,0.0,0.0,0.0,0.0,0.0,0.0,0.0,0.0,0.0
70,86.0,105.59,87.29,100.42,100.98,107.38,0.0,97.13,124.4,165.35,107.97,113.88,0.0,0.0,100.89,105.89,133.21,233.84,0.0,0.0,0.0,100.65,115.78,118.12,140.88,0.0,0.0,0.0,165.81,174.92,179.4,0.0,0.0,0.0,0.0,83.6,322.73,88.53,0.0,0.0,0.0,0.0,0.0,0.0,0.0,0.0,0.0,0.0,0.0,0.0,183.73,233.75,471.05,0.0,0.0,0.0,0.0
71,375.91,48.0,83.78,95.63,0.0,0.0,0.0,114.09,110.15,113.58,147.66,142.83,0.0,0.0,77.88,88.08,98.2,98.53,186.43,0.0,0.0,88.54,160.0,160.59,163.3,0.0,0.0,0.0,82.49,91.9,98.69,120.24,122.74,0.0,0.0,330.68,62.6,74.53,75.93,0.0,278.5,202.1,94.1,0.0,0.0,193.31,224.13,103.1,0.0,0.0,130.09,0.0,0.0,0.0,0.0,0.0,0.0
72,102.71,95.18,120.9,143.94,152.75,0.0,0.0,78.29,141.86,167.41,184.35,0.0,0.0,0.0,86.26,144.2,205.53,0.0,0.0,0.0,0.0,634.8,0.0,0.0,0.0,0.0,0.0,0.0,0.0,0.0,0.0,0.0,0.0,0.0,0.0,238.64,249.16,0.0,0.0,0.0,171.67,316.63,0.0,0.0,0.0,160.5,181.83,198.55,0.0,0.0,191.15,271.0,286.02,405.42,0.0,0.0,0.0
73,116.03,77.56,85.79,88.05,146.11,0.0,0.0,158.87,214.19,147.28,0.0,0.0,0.0,0.0,104.02,135.92,275.27,0.0,0.0,0.0,0.0,108.14,124.1,140.32,184.32,0.0,0.0,0.0,170.58,199.27,0.0,0.0,0.0,0.0,0.0,142.13,370.18,0.0,0.0,0.0,103.17,151.57,127.1,184.51,0.0,179.33,0.0,0.0,0.0,0.0,270.89,0.0,0.0,0.0,0.0,0.0,0.0
74,110.22,114.47,204.64,79.32,83.19,0.0,0.0,80.85,82.57,132.55,93.75,128.76,112.27,0.0,157.02,131.14,139.18,157.33,0.0,0.0,0.0,93.12,166.71,168.61,191.99,0.0,0.0,0.0,85.42,93.43,108.97,0.0,0.0,0.0,0.0,272.27,173.02,188.66,0.0,0.0,0.0,0.0,0.0,0.0,0.0,0.0,0.0,0.0,0.0,0.0,0.0,0.0,0.0,0.0,0.0,0.0,0.0
75,142.14,60.0,76.34,80.8,90.77,103.91,0.0,32.0,86.11,185.14,209.68,114.35,0.0,0.0,78.25,106.58,112.99,114.43,115.08,0.0,0.0,88.35,108.7,109.85,232.54,0.0,0.0,0.0,81.5,99.33,110.23,136.76,127.94,0.0,0.0,260.66,319.67,0.0,0.0,0.0,380.64,100.37,105.3,0.0,0.0,152.7,165.32,0.0,0.0,0.0,132.25,154.16,0.0,0.0,0.0,0.0,0.0
76,259.06,86.15,99.53,103.24,0.0,0.0,0.0,112.12,117.49,105.39,115.35,126.39,0.0,0.0,123.97,198.2,142.71,100.59,0.0,0.0,0.0,116.93,117.03,186.57,198.38,0.0,0.0,0.0,89.55,0.0,0.0,0.0,0.0,0.0,0.0,192.27,248.81,0.0,0.0,0.0,160.33,259.54,0.0,0.0,0.0,158.3,0.0,0.0,0.0,0.0,0.0,0.0,0.0,0.0,0.0,0.0,0.0
77,96.78,126.17,75.44,83.09,90.51,106.23,0.0,177.61,190.44,111.0,113.92,0.0,0.0,0.0,120.27,139.48,164.51,115.78,0.0,0.0,0.0,85.4,155.47,150.35,0.0,0.0,0.0,0.0,123.94,127.78,149.5,0.0,0.0,0.0,0.0,176.07,323.97,0.0,0.0,0.0,350.68,0.0,0.0,0.0,0.0,200.17,221.03,0.0,0.0,0.0,0.0,0.0,0.0,0.0,0.0,0.0,0.0
78,53.89,97.55,101.52,116.57,177.89,0.0,0.0,102.69,187.78,327.71,0.0,0.0,0.0,0.0,87.78,0.0,0.0,0.0,0.0,0.0,0.0,0.0,0.0,0.0,0.0,0.0,0.0,0.0,52.0,80.64,84.4,84.63,113.28,127.76,0.0,191.91,123.93,166.19,0.0,0.0,191.83,202.83,0.0,0.0,0.0,216.89,0.0,0.0,0.0,0.0,0.0,0.0,0.0,0.0,0.0,0.0,0.0
79,73.94,106.01,106.84,163.29,0.0,0.0,0.0,120.93,0.0,0.0,0.0,0.0,0.0,0.0,169.29,0.0,0.0,0.0,0.0,0.0,0.0,144.57,0.0,0.0,0.0,0.0,0.0,0.0,130.1,147.23,0.0,0.0,0.0,0.0,0.0,261.55,361.87,0.0,0.0,0.0,436.23,80.2,107.23,0.0,0.0,0.0,0.0,0.0,0.0,0.0,0.0,0.0,0.0,0.0,0.0,0.0,0.0
80,98.64,115.16,157.94,88.98,97.82,0.0,0.0,115.89,103.52,112.97,123.37,130.83,0.0,0.0,153.59,167.48,173.33,0.0,0.0,0.0,0.0,106.94,108.93,110.25,132.73,0.0,0.0,0.0,104.56,118.93,184.38,177.95,0.0,0.0,0.0,356.07,78.97,100.33,0.0,0.0,357.36,0.0,0.0,0.0,0.0,0.0,0.0,0.0,0.0,0.0,0.0,0.0,0.0,0.0,0.0,0.0,0.0
81,220.6,84.05,84.5,96.13,99.21,0.0,0.0,99.42,112.49,127.93,130.3,0.0,0.0,0.0,100.36,115.27,144.7,163.42,0.0,0.0,0.0,96.86,179.88,221.58,0.0,0.0,0.0,0.0,123.95,302.22,0.0,0.0,0.0,0.0,0.0,139.17,164.57,191.85,76.03,0.0,233.43,316.24,0.0,0.0,0.0,211.82,207.61,176.7,0.0,0.0,390.12,401.9,0.0,0.0,0.0,0.0,0.0
82,119.24,121.78,124.39,135.14,82.34,0.0,0.0,63.86,74.0,114.42,116.05,183.51,0.0,0.0,78.0,106.46,108.76,120.39,134.07,0.0,0.0,119.18,251.24,104.5,109.75,0.0,0.0,0.0,48.0,106.1,106.87,162.71,190.81,0.0,0.0,169.1,298.05,102.7,0.0,0.0,187.03,366.59,0.0,0.0,0.0,176.16,379.69,0.0,0.0,0.0,109.81,134.18,144.23,158.99,376.98,148.8,158.94
83,251.22,96.71,111.98,118.33,0.0,0.0,0.0,87.29,121.38,124.01,153.67,85.51,0.0,0.0,105.08,140.81,159.3,178.77,0.0,0.0,0.0,81.04,89.73,140.85,156.22,0.0,0.0,0.0,82.03,256.71,0.0,0.0,0.0,0.0,0.0,206.9,297.23,0.0,0.0,0.0,69.83,216.85,230.38,0.0,0.0,0.0,0.0,0.0,0.0,0.0,0.0,0.0,0.0,0.0,0.0,0.0,0.0
84,86.95,95.91,96.42,99.23,101.25,114.42,0.0,130.38,140.28,144.21,152.88,0.0,0.0,0.0,81.59,120.1,130.81,117.79,119.2,0.0,0.0,94.66,175.72,153.74,154.04,0.0,0.0,0.0,109.25,123.2,129.15,161.98,0.0,0.0,0.0,31.93,265.87,316.26,0.0,0.0,381.88,178.13,0.0,0.0,0.0,503.66,0.0,0.0,0.0,0.0,155.32,0.0,0.0,0.0,0.0,0.0,0.0
85,105.5,94.07,94.61,96.17,104.03,115.72,0.0,93.71,153.96,161.38,174.11,0.0,0.0,0.0,81.3,104.07,272.71,174.62,0.0,0.0,0.0,373.12,0.0,0.0,0.0,0.0,0.0,0.0,98.16,278.66,0.0,0.0,0.0,0.0,0.0,185.71,260.66,147.27,0.0,0.0,271.62,311.0,0.0,0.0,0.0,0.0,0.0,0.0,0.0,0.0,0.0,0.0,0.0,0.0,0.0,0.0,0.0
86,72.0,79.43,84.01,86.71,95.43,96.67,97.77,103.1,130.91,105.99,106.61,107.09,0.0,0.0,88.78,142.41,107.94,109.28,147.6,0.0,0.0,82.82,111.82,151.16,159.52,81.73,0.0,0.0,253.41,294.12,0.0,0.0,0.0,0.0,0.0,227.13,0.0,0.0,0.0,0.0,164.0,188.82,0.0,0.0,0.0,168.9,0.0,0.0,0.0,0.0,0.0,0.0,0.0,0.0,0.0,0.0,0.0
87,95.21,101.69,114.93,100.88,101.39,108.84,0.0,64.21,116.97,154.15,150.84,0.0,0.0,0.0,120.28,139.52,181.38,0.0,0.0,0.0,0.0,105.34,0.0,0.0,0.0,0.0,0.0,0.0,97.62,108.24,132.56,0.0,0.0,0.0,0.0,142.55,0.0,0.0,0.0,0.0,139.95,0.0,0.0,0.0,0.0,169.66,0.0,0.0,0.0,0.0,0.0,0.0,0.0,0.0,0.0,0.0,0.0
88,262.54,79.08,83.59,109.87,0.0,0.0,0.0,144.4,124.81,129.7,148.02,0.0,0.0,0.0,95.29,114.62,140.95,153.08,0.0,0.0,0.0,187.44,158.07,220.45,0.0,0.0,0.0,0.0,146.06,0.0,0.0,0.0,0.0,0.0,0.0,225.17,0.0,0.0,0.0,0.0,131.5,186.58,0.0,0.0,0.0,0.0,0.0,0.0,0.0,0.0,0.0,0.0,0.0,0.0,0.0,0.0,0.0
89,98.07,103.87,101.91,132.0,151.69,0.0,0.0,0.0,0.0,0.0,0.0,0.0,0.0,0.0,189.66,191.39,0.0,0.0,0.0,0.0,0.0,634.8,0.0,0.0,0.0,0.0,0.0,0.0,199.72,0.0,0.0,0.0,0.0,0.0,0.0,0.0,0.0,0.0,0.0,0.0,0.0,0.0,0.0,0.0,0.0,0.0,0.0,0.0,0.0,0.0,0.0,0.0,0.0,0.0,0.0,0.0,0.0
90,108.56,145.76,62.0,79.25,93.95,136.63,0.0,104.95,114.32,166.01,126.79,0.0,0.0,0.0,141.4,147.17,152.02,0.0,0.0,0.0,0.0,75.04,78.0,188.35,0.0,0.0,0.0,0.0,85.99,116.87,118.11,181.57,0.0,0.0,0.0,0.0,0.0,0.0,0.0,0.0,0.0,0.0,0.0,0.0,0.0,0.0,0.0,0.0,0.0,0.0,0.0,0.0,0.0,0.0,0.0,0.0,0.0
91,165.94,8.0,93.06,119.51,126.45,0.0,0.0,160.93,182.4,128.94,146.74,0.0,0.0,0.0,290.46,146.93,150.57,0.0,0.0,0.0,0.0,87.29,98.9,114.5,172.61,126.53,0.0,0.0,66.61,83.75,0.0,0.0,0.0,0.0,0.0,183.74,160.42,188.37,0.0,0.0,209.38,188.07,207.99,0.0,0.0,223.47,294.31,106.07,0.0,0.0,367.25,0.0,0.0,0.0,0.0,0.0,0.0
92,81.99,107.22,115.59,143.75,172.95,0.0,0.0,98.8,141.15,144.25,157.29,77.54,0.0,0.0,75.68,78.6,96.48,94.96,112.79,67.02,0.0,46.0,79.03,127.42,240.79,0.0,0.0,0.0,146.36,0.0,0.0,0.0,0.0,0.0,0.0,302.52,169.28,0.0,0.0,0.0,177.94,191.91,206.28,0.0,0.0,252.57,262.62,0.0,0.0,0.0,425.78,0.0,0.0,0.0,0.0,0.0,0.0
93,128.39,90.36,102.73,105.19,112.86,0.0,0.0,86.62,130.18,138.31,115.16,142.41,0.0,0.0,96.23,169.4,319.53,0.0,0.0,0.0,0.0,85.72,117.3,142.1,0.0,0.0,0.0,0.0,132.89,179.36,0.0,0.0,0.0,0.0,0.0,144.7,178.62,0.03,0.0,0.0,137.73,144.03,183.16,0.0,0.0,190.8,144.89,0.0,0.0,0.0,0.0,0.0,0.0,0.0,0.0,0.0,0.0
94,98.54,132.73,152.86,75.83,99.85,0.0,0.0,99.19,114.05,142.92,112.95,115.54,0.0,0.0,104.42,211.36,119.32,176.85,0.0,0.0,0.0,82.91,96.99,105.26,198.18,0.0,0.0,0.0,89.83,109.43,0.0,0.0,0.0,0.0,0.0,183.16,290.76,0.0,0.0,0.0,376.09,0.0,0.0,0.0,0.0,0.0,0.0,0.0,0.0,0.0,0.0,0.0,0.0,0.0,0.0,0.0,0.0
95,143.7,161.1,99.62,100.85,112.73,0.0,0.0,107.13,108.35,120.53,128.02,116.71,0.0,0.0,83.04,95.31,102.69,110.89,167.84,0.0,0.0,126.59,156.55,165.7,97.06,0.0,0.0,0.0,120.23,0.0,0.0,0.0,0.0,0.0,0.0,305.53,134.27,0.0,0.0,0.0,0.0,0.0,0.0,0.0,0.0,0.0,0.0,0.0,0.0,0.0,0.0,0.0,0.0,0.0,0.0,0.0,0.0
96,99.56,121.03,85.37,140.95,154.86,0.0,0.0,110.01,154.01,239.3,0.0,0.0,0.0,0.0,99.01,99.08,112.2,148.57,150.33,0.0,0.0,182.85,192.37,0.0,0.0,0.0,0.0,0.0,102.92,108.26,109.05,0.0,0.0,0.0,0.0,190.32,306.26,71.47,0.0,0.0,247.68,320.78,0.0,0.0,0.0,157.57,328.66,0.0,0.0,0.0,0.0,0.0,0.0,0.0,0.0,0.0,0.0
97,109.81,122.91,177.72,93.08,93.49,0.0,0.0,94.84,99.36,107.72,108.4,110.91,112.6,0.0,119.34,158.51,207.15,128.37,0.0,0.0,0.0,87.66,99.07,141.42,242.18,0.0,0.0,0.0,88.46,105.57,123.87,161.32,133.42,0.0,0.0,185.32,233.52,90.57,0.0,0.0,180.85,266.79,0.0,0.0,0.0,301.18,306.49,0.0,0.0,0.0,167.09,169.81,0.0,0.0,0.0,0.0,0.0
98,134.89,153.49,0.0,0.0,0.0,0.0,0.0,96.22,114.49,0.0,0.0,0.0,0.0,0.0,106.96,128.42,0.0,0.0,0.0,0.0,0.0,109.22,123.83,323.83,0.0,0.0,0.0,0.0,98.66,82.94,0.0,0.0,0.0,0.0,0.0,205.51,284.61,78.13,0.0,0.0,258.04,214.58,0.0,0.0,0.0,321.23,0.0,0.0,0.0,0.0,325.12,0.0,0.0,0.0,0.0,0.0,0.0
99,66.0,88.0,106.09,111.99,119.01,125.21,0.0,110.52,140.64,270.55,0.0,0.0,0.0,0.0,185.74,152.0,0.0,0.0,0.0,0.0,0.0,130.95,0.0,0.0,0.0,0.0,0.0,0.0,206.25,0.0,0.0,0.0,0.0,0.0,0.0,279.75,316.45,0.0,0.0,0.0,191.17,0.0,0.0,0.0,0.0,0.0,0.0,0.0,0.0,0.0,0.0,0.0,0.0,0.0,0.0,0.0,0.0
100,108.09,126.5,132.93,81.33,85.21,92.46,0.0,103.42,122.78,172.83,190.29,0.0,0.0,0.0,62.71,165.91,166.85,105.55,110.47,0.0,0.0,98.37,104.8,133.2,147.75,112.75,0.0,0.0,94.32,101.95,108.44,115.91,130.33,0.0,0.0,44.47,255.99,280.37,0.0,0.0,283.36,190.14,0.0,0.0,0.0,0.0,0.0,0.0,0.0,0.0,154.7,168.62,172.9,206.51,0.0,0.0,0.0
101,89.83,93.87,120.41,146.03,147.51,0.0,0.0,92.52,183.76,109.75,0.0,0.0,0.0,0.0,95.91,100.55,148.8,187.18,0.0,0.0,0.0,0.0,0.0,0.0,0.0,0.0,0.0,0.0,0.0,0.0,0.0,0.0,0.0,0.0,0.0,281.61,0.0,0.0,0.0,0.0,159.73,152.13,177.51,0.0,0.0,0.0,0.0,0.0,0.0,0.0,0.0,0.0,0.0,0.0,0.0,0.0,0.0
102,123.82,268.45,62.21,100.52,0.0,0.0,0.0,83.39,108.65,114.57,148.1,160.03,0.0,0.0,187.13,217.52,0.0,0.0,0.0,0.0,0.0,82.76,100.82,247.76,0.0,0.0,0.0,0.0,86.57,0.0,0.0,0.0,0.0,0.0,0.0,123.0,190.63,309.18,0.0,0.0,315.28,0.0,0.0,0.0,0.0,154.63,393.26,0.0,0.0,0.0,0.0,0.0,0.0,0.0,0.0,0.0,0.0
103,103.59,244.23,76.0,79.1,105.56,0.0,0.0,78.74,81.77,213.93,109.37,150.89,0.0,0.0,94.86,106.64,0.0,0.0,0.0,0.0,0.0,0.0,0.0,0.0,0.0,0.0,0.0,0.0,100.55,101.54,109.36,159.3,0.0,0.0,0.0,159.88,24.3,341.1,107.2,0.0,108.5,0.0,0.0,0.0,0.0,253.42,0.0,0.0,0.0,0.0,0.0,0.0,0.0,0.0,0.0,0.0,0.0
104,106.99,95.33,109.58,129.88,136.7,0.0,0.0,314.13,164.15,96.63,0.0,0.0,0.0,0.0,241.82,0.0,0.0,0.0,0.0,0.0,0.0,0.0,0.0,0.0,0.0,0.0,0.0,0.0,110.61,0.0,0.0,0.0,0.0,0.0,0.0,24.93,222.0,277.15,95.17,0.0,0.0,0.0,0.0,0.0,0.0,0.0,0.0,0.0,0.0,0.0,0.0,0.0,0.0,0.0,0.0,0.0,0.0
105,86.7,108.58,109.27,123.59,143.42,0.0,0.0,123.26,150.19,168.79,0.0,0.0,0.0,0.0,110.13,128.47,142.02,159.63,0.0,0.0,0.0,142.15,153.62,208.88,0.0,0.0,0.0,0.0,132.59,134.05,146.05,0.0,0.0,0.0,0.0,12.3,21.53,240.85,290.9,0.0,316.15,0.0,0.0,0.0,0.0,0.0,0.0,0.0,0.0,0.0,0.0,0.0,0.0,0.0,0.0,0.0,0.0
106,115.72,54.0,95.75,110.99,118.63,134.56,0.0,90.13,99.63,127.93,166.34,146.43,0.0,0.0,92.81,111.61,123.27,233.12,72.0,0.0,0.0,60.0,90.87,110.69,183.17,106.41,0.0,0.0,167.67,0.0,0.0,0.0,0.0,0.0,0.0,166.68,293.26,0.0,0.0,0.0,152.47,181.41,0.0,0.0,0.0,0.0,0.0,0.0,0.0,0.0,0.0,0.0,0.0,0.0,0.0,0.0,0.0
107,81.04,87.39,191.74,86.25,91.83,0.0,0.0,93.78,129.32,97.75,102.31,104.35,104.86,0.0,78.89,98.97,111.89,119.54,122.13,0.0,0.0,56.0,113.36,159.7,176.14,0.0,0.0,0.0,70.0,89.21,153.68,0.0,0.0,0.0,0.0,245.77,299.37,0.0,0.0,0.0,314.35,99.47,0.0,0.0,0.0,132.0,134.9,184.03,0.0,0.0,0.0,0.0,0.0,0.0,0.0,0.0,0.0
108,152.08,207.05,42.0,78.02,79.17,0.0,0.0,99.93,107.76,117.55,120.42,130.85,0.0,0.0,117.06,131.05,167.82,168.73,0.0,0.0,0.0,152.5,124.43,90.95,0.0,0.0,0.0,0.0,0.0,0.0,0.0,0.0,0.0,0.0,0.0,406.65,104.03,0.0,0.0,0.0,172.37,189.32,205.35,0.0,0.0,162.33,174.23,206.78,0.0,0.0,477.32,0.0,0.0,0.0,0.0,0.0,0.0
109,82.0,84.46,107.1,111.83,124.95,0.0,0.0,54.0,120.52,159.23,198.26,0.0,0.0,0.0,96.28,141.37,196.13,142.86,0.0,0.0,0.0,148.67,241.8,204.68,0.0,0.0,0.0,0.0,101.78,113.12,359.09,0.0,0.0,0.0,0.0,285.34,73.97,126.87,0.0,0.0,395.36,0.0,0.0,0.0,0.0,0.0,0.0,0.0,0.0,0.0,0.0,0.0,0.0,0.0,0.0,0.0,0.0
110,83.36,165.16,212.38,84.07,0.0,0.0,0.0,139.28,91.0,95.5,99.1,99.33,0.0,0.0,220.27,112.14,112.49,140.28,0.0,0.0,0.0,197.86,227.23,0.0,0.0,0.0,0.0,0.0,293.74,0.0,0.0,0.0,0.0,0.0,0.0,136.57,315.99,0.0,0.0,0.0,349.37,0.0,0.0,0.0,0.0,0.0,0.0,0.0,0.0,0.0,0.0,0.0,0.0,0.0,0.0,0.0,0.0
111,108.18,60.0,86.74,131.68,153.09,0.0,0.0,146.84,186.42,153.42,0.0,0.0,0.0,0.0,116.51,129.23,131.47,140.3,0.0,0.0,0.0,113.99,173.12,308.02,0.0,0.0,0.0,0.0,126.93,156.39,0.0,0.0,0.0,0.0,0.0,174.89,45.6,276.17,72.0,0.0,186.77,299.39,122.2,0.0,0.0,216.48,256.81,0.0,0.0,0.0,337.27,0.0,0.0,0.0,0.0,0.0,0.0
112,291.31,98.78,103.52,105.19,0.0,0.0,0.0,144.25,144.93,159.66,110.24,0.0,0.0,0.0,105.45,112.14,114.33,233.99,0.0,0.0,0.0,113.68,128.67,229.43,110.74,0.0,0.0,0.0,117.01,289.5,123.37,0.0,0.0,0.0,0.0,229.66,21.23,264.82,92.53,0.0,302.78,315.09,0.0,0.0,0.0,353.99,138.3,0.0,0.0,0.0,0.0,0.0,0.0,0.0,0.0,0.0,0.0
113,83.9,86.73,90.59,91.11,137.1,0.0,0.0,370.66,0.0,0.0,0.0,0.0,0.0,0.0,149.33,221.33,0.0,0.0,0.0,0.0,0.0,112.74,141.27,291.19,0.0,0.0,0.0,0.0,108.15,175.67,0.0,0.0,0.0,0.0,0.0,90.67,100.9,0.0,0.0,0.0,180.65,211.27,0.0,0.0,0.0,293.41,165.8,0.0,0.0,0.0,0.0,0.0,0.0,0.0,0.0,0.0,0.0
114,44.0,121.22,42.0,102.77,107.06,119.87,81.37,108.39,136.39,151.5,173.42,0.0,0.0,0.0,83.81,90.84,189.56,245.34,0.0,0.0,0.0,0.0,0.0,0.0,0.0,0.0,0.0,0.0,62.25,73.06,78.19,363.45,0.0,0.0,0.0,215.35,228.01,0.0,0.0,0.0,258.9,0.0,0.0,0.0,0.0,0.0,0.0,0.0,0.0,0.0,0.0,0.0,0.0,0.0,0.0,0.0,0.0
115,66.0,74.7,90.31,88.68,111.28,114.43,0.0,115.55,150.24,291.06,0.0,0.0,0.0,0.0,106.04,117.11,130.16,281.18,0.0,0.0,0.0,52.0,89.47,104.2,110.24,165.71,0.0,0.0,148.25,263.6,125.4,0.0,0.0,0.0,0.0,267.17,268.52,0.0,0.0,0.0,318.59,0.0,0.0,0.0,0.0,339.3,0.0,0.0,0.0,0.0,133.2,138.56,205.31,267.51,369.1,0.0,0.0
116,137.64,141.31,148.44,76.07,76.41,0.0,0.0,86.06,129.09,141.09,152.48,72.55,0.0,0.0,169.92,0.0,0.0,0.0,0.0,0.0,0.0,70.41,167.58,0.0,0.0,0.0,0.0,0.0,0.0,0.0,0.0,0.0,0.0,0.0,0.0,212.35,272.6,36.77,0.0,0.0,199.25,284.13,141.13,0.0,0.0,334.63,142.14,0.0,0.0,0.0,334.65,0.0,0.0,0.0,0.0,0.0,0.0
117,69.73,76.58,100.04,102.13,137.03,143.25,0.0,82.09,130.6,146.56,201.06,0.0,0.0,0.0,142.67,218.18,223.09,0.0,0.0,0.0,0.0,142.55,165.82,0.0,0.0,0.0,0.0,0.0,92.49,118.45,223.55,0.0,0.0,0.0,0.0,177.03,208.19,226.15,0.0,0.0,380.97,0.0,0.0,0.0,0.0,210.0,146.17,206.14,0.0,0.0,353.16,0.0,0.0,0.0,0.0,0.0,0.0
118,98.92,193.69,83.07,88.52,106.94,0.0,0.0,75.13,77.79,91.48,93.5,117.71,113.82,0.0,84.07,104.38,130.62,120.0,132.32,0.0,0.0,156.67,232.99,89.42,0.0,0.0,0.0,0.0,221.21,0.0,0.0,0.0,0.0,0.0,0.0,163.9,316.93,0.0,0.0,0.0,399.97,170.3,0.0,0.0,0.0,125.63,170.64,180.71,0.0,0.0,0.0,0.0,0.0,0.0,0.0,0.0,0.0
119,70.0,149.42,188.38,77.84,103.18,0.0,0.0,80.0,107.01,135.42,155.85,107.18,0.0,0.0,131.49,145.68,179.33,0.0,0.0,0.0,0.0,71.38,81.62,122.58,133.78,183.83,0.0,0.0,132.72,147.52,272.29,0.0,0.0,0.0,0.0,353.2,85.07,103.17,0.0,0.0,136.63,0.0,0.0,0.0,0.0,0.0,0.0,0.0,0.0,0.0,198.7,0.0,0.0,0.0,0.0,0.0,0.0
120,98.25,78.13,87.75,90.26,90.99,97.43,0.0,134.99,99.4,101.66,103.14,142.35,0.0,0.0,82.22,91.3,101.92,175.19,142.69,0.0,0.0,156.14,142.81,159.88,167.96,0.0,0.0,0.0,76.47,92.93,107.5,181.94,0.0,0.0,0.0,123.9,324.8,0.0,0.0,0.0,333.16,0.0,0.0,0.0,0.0,356.64,0.0,0.0,0.0,0.0,185.6,208.56,0.0,0.0,0.0,0.0,0.0
121,172.87,65.26,69.73,85.66,104.59,132.75,0.0,81.08,124.31,197.82,203.39,0.0,0.0,0.0,68.0,123.44,133.72,160.22,0.0,0.0,0.0,72.0,87.67,112.26,132.0,137.87,0.0,0.0,130.91,154.58,170.26,174.88,0.0,0.0,0.0,206.39,296.9,14.97,0.0,0.0,172.83,258.16,0.0,0.0,0.0,373.97,0.0,0.0,0.0,0.0,203.55,0.0,0.0,0.0,0.0,0.0,0.0
122,88.64,137.78,184.61,81.59,81.8,0.0,0.0,97.22,113.45,120.39,185.26,91.51,0.0,0.0,161.84,98.86,101.45,109.6,109.66,0.0,0.0,85.96,92.77,99.57,130.04,158.03,0.0,0.0,69.64,77.55,85.19,98.91,109.86,141.66,0.0,204.5,276.08,103.73,0.0,0.0,183.8,221.79,0.0,0.0,0.0,253.06,320.7,0.0,0.0,0.0,158.24,163.53,0.0,0.0,0.0,0.0,0.0
123,96.93,77.54,100.74,106.45,110.03,112.74,0.0,108.1,125.12,122.18,139.9,101.56,0.0,0.0,239.19,159.13,177.22,0.0,0.0,0.0,0.0,248.37,186.66,0.0,0.0,0.0,0.0,0.0,105.91,123.15,217.7,0.0,0.0,0.0,0.0,194.39,204.48,131.6,0.0,0.0,187.27,272.05,0.0,0.0,0.0,238.84,176.93,0.0,0.0,0.0,0.0,0.0,0.0,0.0,0.0,0.0,0.0
124,89.31,225.27,97.52,114.92,0.0,0.0,0.0,129.62,133.58,174.77,122.49,0.0,0.0,0.0,78.9,142.24,179.38,134.79,0.0,0.0,0.0,148.74,152.9,169.27,139.9,0.0,0.0,0.0,157.58,161.33,0.0,0.0,0.0,0.0,0.0,36.77,0.0,0.0,0.0,0.0,0.0,0.0,0.0,0.0,0.0,0.0,0.0,0.0,0.0,0.0,0.0,0.0,0.0,0.0,0.0,0.0,0.0
125,139.19,206.8,78.53,96.13,108.1,0.0,0.0,114.72,150.28,109.47,117.69,125.77,0.0,0.0,97.77,139.89,144.97,157.08,0.0,0.0,0.0,117.7,346.99,131.11,0.0,0.0,0.0,0.0,115.25,125.27,133.48,151.52,0.0,0.0,0.0,245.18,342.61,0.0,0.0,0.0,108.13,110.57,154.37,0.0,0.0,0.0,0.0,0.0,0.0,0.0,161.67,168.87,222.84,209.04,0.0,0.0,0.0
