Day,Cath Room 1 Proc 1,Cath Room 1 Proc 2,Cath Room 1 Proc 3,Cath Room 1 Proc 4,Cath Room 1 Proc 5,Cath Room 1 Proc 6,Cath Room 1 Proc 7,Cath Room 1 Proc 8,Cath Room 1 Proc 9,Cath Room 2 Proc 1,Cath Room 2 Proc 2,Cath Room 2 Proc 3,Cath Room 2 Proc 4,Cath Room 2 Proc 5,Cath Room 2 Proc 6,Cath Room 2 Proc 7,Cath Room 2 Proc 8,Cath Room 2 Proc 9,Cath Room 3 Proc 1,Cath Room 3 Proc 2,Cath Room 3 Proc 3,Cath Room 3 Proc 4,Cath Room 3 Proc 5,Cath Room 3 Proc 6,Cath Room 3 Proc 7,Cath Room 3 Proc 8,Cath Room 3 Proc 9,Cath Room 4 Proc 1,Cath Room 4 Proc 2,Cath Room 4 Proc 3,Cath Room 4 Proc 4,Cath Room 4 Proc 5,Cath Room 4 Proc 6,Cath Room 4 Proc 7,Cath Room 4 Proc 8,Cath Room 4 Proc 9,Cath Room 5 Proc 1,Cath Room 5 Proc 2,Cath Room 5 Proc 3,Cath Room 5 Proc 4,Cath Room 5 Proc 5,Cath Room 5 Proc 6,Cath Room 5 Proc 7,Cath Room 5 Proc 8,Cath Room 5 Proc 9,EP Room 1 Proc 1,EP Room 1 Proc 2,EP Room 1 Proc 3,EP Room 1 Proc 4,EP Room 1 Proc 5,EP Room 1 Proc 6,EP Room 1 Proc 7,EP Room 2 Proc 1,EP Room 2 Proc 2,EP Room 2 Proc 3,EP Room 2 Proc 4,EP Room 2 Proc 5,EP Room 2 Proc 6,EP Room 2 Proc 7,EP Room 3 Proc 1,EP Room 3 Proc 2,EP Room 3 Proc 3,EP Room 3 Proc 4,EP Room 3 Proc 5,EP Room 3 Proc 6,EP Room 3 Proc 7,Overflow Proc 1,Overflow Proc 2,Overflow Proc 3,Overflow Proc 4,Overflow Proc 5,Overflow Proc 6
1,"(2698, 59.16)","(1570, 68.63)","(1235, 85.16)","(548, 89.01)","(537, 91.69)","(1475, 92.95)","(2670, 94.26)",0.0,0.0,"(1556, 94.27)","(584, 98.84)","(487, 102.17)","(1195, 106.77)","(1398, 109.08)","(1876, 106.06)",0.0,0.0,0.0,"(1453, 124.64)","(1528, 125.09)","(624, 127.91)","(1530, 132.94)","(1222, 107.2)",0.0,0.0,0.0,0.0,"(1176, 140.14)","(1215, 142.4)","(506, 153.27)","(714, 155.85)",0.0,0.0,0.0,0.0,0.0,"(1457, 158.43)","(1882, 198.97)","(1953, 217.16)",0.0,0.0,0.0,0.0,0.0,0.0,"(2545, 119.97)","(2232, 244.42)","(2549, 90.93)","(64, 158.87)",0.0,0.0,0.0,"(903, 377.97)",0.0,0.0,0.0,0.0,0.0,0.0,"(3126, 377.97)",0.0,0.0,0.0,0.0,0.0,0.0,"(3237, 377.97)",0.0,0.0,0.0,0.0,0.0
2,"(1104, 88.02)","(1211, 89.87)","(1428, 93.35)","(1366, 93.56)","(1340, 97.03)","(1452, 102.8)",0.0,0.0,0.0,"(1588, 109.56)","(1218, 110.58)","(1645, 123.08)","(1474, 124.45)","(190, 136.28)",0.0,0.0,0.0,0.0,"(162, 148.36)","(2799, 149.44)","(1794, 162.66)","(119, 168.05)",0.0,0.0,0.0,0.0,0.0,"(845, 169.47)","(1739, 201.8)","(2766, 227.43)",0.0,0.0,0.0,0.0,0.0,0.0,"(2750, 268.53)","(2298, 157.86)","(2613, 182.97)",0.0,0.0,0.0,0.0,0.0,0.0,"(917, 149.23)","(3140, 149.23)","(3251, 149.23)","(2335, 83.67)",0.0,0.0,0.0,"(3070, 238.75)","(2951, 294.26)",0.0,0.0,0.0,0.0,0.0,"(909, 364.34)","(2325, 133.07)",0.0,0.0,0.0,0.0,0.0,"(3132, 364.34)","(3243, 364.34)",0.0,0.0,0.0,0.0
3,"(313, 81.85)","(362, 83.7)","(371, 85.86)","(437, 88.08)","(1858, 92.34)","(1249, 106.28)",0.0,0.0,0.0,"(1740, 108.35)","(1017, 120.85)","(1114, 124.22)","(1644, 127.46)","(1042, 147.17)",0.0,0.0,0.0,0.0,"(1710, 156.93)","(1256, 166.33)","(2940, 166.52)","(1389, 115.62)",0.0,0.0,0.0,0.0,0.0,"(1589, 178.51)","(380, 181.64)","(2771, 193.33)",0.0,0.0,0.0,0.0,0.0,0.0,"(1974, 206.05)",0.0,0.0,0.0,0.0,0.0,0.0,0.0,0.0,"(928, 180.74)","(3151, 180.74)","(3262, 180.74)",0.0,0.0,0.0,0.0,"(3020, 244.03)","(2288, 97.8)","(2656, 156.1)",0.0,0.0,0.0,0.0,"(63, 193.21)","(2326, 256.9)",0.0,0.0,0.0,0.0,0.0,0.0,0.0,0.0,0.0,0.0,0.0
4,"(1004, 62.0)","(2447, 76.0)","(767, 81.47)","(683, 94.08)","(721, 99.56)","(976, 100.84)","(2513, 104.92)",0.0,0.0,"(780, 105.52)","(674, 107.15)","(654, 109.16)","(2412, 118.73)","(1294, 142.32)",0.0,0.0,0.0,0.0,"(2476, 155.52)","(804, 158.63)","(1291, 174.99)",0.0,0.0,0.0,0.0,0.0,0.0,"(732, 183.0)","(995, 248.39)",0.0,0.0,0.0,0.0,0.0,0.0,0.0,0.0,0.0,0.0,0.0,0.0,0.0,0.0,0.0,0.0,"(2263, 282.97)","(104, 79.47)",0.0,0.0,0.0,0.0,0.0,0.0,0.0,0.0,0.0,0.0,0.0,0.0,0.0,0.0,0.0,0.0,0.0,0.0,0.0,0.0,0.0,0.0,0.0,0.0,0.0
5,"(2895, 79.71)","(258, 81.48)","(388, 90.24)","(358, 90.79)","(568, 93.93)","(1621, 95.33)","(458, 99.67)",0.0,0.0,"(1201, 101.29)","(226, 118.69)","(1670, 127.92)","(1961, 132.88)","(221, 134.3)",0.0,0.0,0.0,0.0,"(216, 153.94)","(1619, 170.52)","(571, 182.42)",0.0,0.0,0.0,0.0,0.0,0.0,"(2826, 200.67)","(825, 354.93)",0.0,0.0,0.0,0.0,0.0,0.0,0.0,0.0,0.0,0.0,0.0,0.0,0.0,0.0,0.0,0.0,"(3072, 470.86)",0.0,0.0,0.0,0.0,0.0,0.0,"(1990, 200.07)","(2016, 207.55)",0.0,0.0,0.0,0.0,0.0,0.0,0.0,0.0,0.0,0.0,0.0,0.0,0.0,0.0,0.0,0.0,0.0,0.0
6,"(2700, 62.0)","(2732, 70.0)","(2733, 72.11)","(496, 75.82)","(2719, 77.24)","(1519, 83.59)","(554, 88.2)","(662, 93.01)",0.0,"(691, 93.91)","(1221, 95.18)","(482, 99.44)","(2429, 103.41)","(1514, 104.31)","(1881, 107.25)",0.0,0.0,0.0,"(2427, 107.28)","(635, 108.2)","(1148, 113.36)","(2422, 116.32)","(1914, 118.25)",0.0,0.0,0.0,0.0,"(1902, 120.23)","(2484, 121.17)","(477, 129.67)","(2390, 133.42)",0.0,0.0,0.0,0.0,0.0,"(1402, 140.94)","(2421, 146.29)","(1425, 161.01)","(1937, 176.04)",0.0,0.0,0.0,0.0,0.0,"(2140, 257.94)","(2072, 368.0)",0.0,0.0,0.0,0.0,0.0,"(2529, 67.9)","(2337, 129.4)","(2289, 159.17)","(912, 228.43)",0.0,0.0,0.0,"(3135, 228.43)","(3246, 228.43)",0.0,0.0,0.0,0.0,0.0,"(500, 182.9)","(1804, 340.49)","(632, 634.8)",0.0,0.0,0.0
7,"(159, 84.86)","(2785, 87.03)","(1423, 96.74)","(1730, 108.11)","(1648, 115.28)","(1666, 120.16)",0.0,0.0,0.0,"(1373, 128.52)","(1486, 131.95)","(211, 138.84)","(1118, 143.14)",0.0,0.0,0.0,0.0,0.0,"(127, 157.25)","(1368, 193.94)","(2787, 197.92)",0.0,0.0,0.0,0.0,0.0,0.0,"(1119, 176.86)","(1198, 343.84)",0.0,0.0,0.0,0.0,0.0,0.0,0.0,0.0,0.0,0.0,0.0,0.0,0.0,0.0,0.0,0.0,"(854, 211.21)","(3077, 211.21)","(3188, 211.21)",0.0,0.0,0.0,0.0,"(2976, 324.27)","(954, 154.17)","(3177, 154.17)",0.0,0.0,0.0,0.0,"(2081, 341.82)","(3288, 154.17)",0.0,0.0,0.0,0.0,0.0,"(2134, 412.98)",0.0,0.0,0.0,0.0,0.0
8,"(1972, 80.0)","(346, 80.55)","(385, 80.93)","(1351, 92.04)","(1091, 92.38)","(1320, 93.14)","(1463, 95.93)",0.0,0.0,"(1970, 99.52)","(563, 99.83)","(440, 100.75)","(1224, 102.53)","(1465, 104.33)","(1868, 109.49)",0.0,0.0,0.0,"(1870, 120.39)","(1092, 122.29)","(43, 123.72)","(2833, 124.98)","(846, 128.61)",0.0,0.0,0.0,0.0,"(349, 138.74)","(1911, 139.1)","(1130, 149.71)","(1884, 158.91)",0.0,0.0,0.0,0.0,0.0,"(1243, 173.28)","(1056, 185.4)","(2345, 204.1)",0.0,0.0,0.0,0.0,0.0,0.0,"(2632, 73.63)","(3003, 267.38)","(866, 108.5)","(3089, 108.5)",0.0,0.0,0.0,"(3200, 108.5)","(930, 124.07)","(3153, 124.07)","(3264, 124.07)","(905, 143.17)",0.0,0.0,"(3128, 143.17)","(3239, 143.17)","(2622, 158.78)","(2662, 172.21)",0.0,0.0,0.0,"(2808, 385.65)",0.0,0.0,0.0,0.0,0.0
9,"(1196, 75.47)","(1069, 83.94)","(2505, 84.91)","(588, 96.54)","(2431, 103.66)","(3032, 105.97)",0.0,0.0,0.0,"(3030, 110.4)","(2394, 111.51)","(755, 112.05)","(1168, 112.07)","(2396, 124.88)",0.0,0.0,0.0,0.0,"(765, 128.1)","(3039, 128.56)","(2507, 140.29)","(1031, 142.65)",0.0,0.0,0.0,0.0,0.0,"(1188, 154.59)","(770, 164.47)","(606, 170.32)",0.0,0.0,0.0,0.0,0.0,0.0,"(1045, 173.81)","(1306, 173.85)","(1107, 191.08)",0.0,0.0,0.0,0.0,0.0,0.0,"(2114, 190.4)","(2106, 314.35)",0.0,0.0,0.0,0.0,0.0,"(2972, 419.85)","(2312, 148.43)",0.0,0.0,0.0,0.0,0.0,"(82, 163.7)",0.0,0.0,0.0,0.0,0.0,0.0,"(814, 410.63)",0.0,0.0,0.0,0.0,0.0
10,"(231, 65.1)","(207, 74.07)","(360, 77.73)","(324, 78.76)","(2692, 80.11)","(1725, 82.69)","(1799, 86.04)",0.0,0.0,"(1551, 92.85)","(1539, 94.97)","(243, 99.6)","(383, 100.01)","(2739, 101.17)","(444, 102.62)",0.0,0.0,0.0,"(391, 103.13)","(2871, 106.82)","(1729, 112.81)","(1731, 113.88)","(1764, 119.23)",0.0,0.0,0.0,0.0,"(273, 121.63)","(427, 123.07)","(356, 123.96)","(2868, 131.76)","(1654, 132.02)",0.0,0.0,0.0,0.0,"(2881, 156.43)","(212, 157.11)","(2811, 230.11)",0.0,0.0,0.0,0.0,0.0,0.0,"(2148, 273.03)","(2027, 123.37)","(2602, 193.6)",0.0,0.0,0.0,0.0,"(2037, 364.43)",0.0,0.0,0.0,0.0,0.0,0.0,"(870, 380.52)",0.0,0.0,0.0,0.0,0.0,0.0,"(3093, 380.52)","(3204, 380.52)",0.0,0.0,0.0,0.0
11,"(1484, 60.0)",0.0,0.0,0.0,0.0,0.0,0.0,0.0,0.0,0.0,0.0,0.0,0.0,0.0,0.0,0.0,0.0,0.0,0.0,0.0,0.0,0.0,0.0,0.0,0.0,0.0,0.0,0.0,0.0,0.0,0.0,0.0,0.0,0.0,0.0,0.0,0.0,0.0,0.0,0.0,0.0,0.0,0.0,0.0,0.0,0.0,0.0,0.0,0.0,0.0,0.0,0.0,0.0,0.0,0.0,0.0,0.0,0.0,0.0,0.0,0.0,0.0,0.0,0.0,0.0,0.0,0.0,0.0,0.0,0.0,0.0,0.0
12,"(142, 74.43)","(1352, 83.38)","(252, 87.84)","(1755, 92.16)","(2781, 93.93)","(1213, 101.92)",0.0,0.0,0.0,"(2518, 102.18)","(1590, 108.75)","(1472, 111.37)","(1390, 116.86)","(1040, 127.43)",0.0,0.0,0.0,0.0,"(118, 143.94)","(1229, 145.05)","(196, 150.48)","(1185, 152.21)",0.0,0.0,0.0,0.0,0.0,"(132, 157.95)","(1741, 160.26)","(1642, 218.9)",0.0,0.0,0.0,0.0,0.0,0.0,"(1241, 242.17)",0.0,0.0,0.0,0.0,0.0,0.0,0.0,0.0,"(3058, 270.6)","(3067, 335.17)",0.0,0.0,0.0,0.0,0.0,"(2046, 569.84)",0.0,0.0,0.0,0.0,0.0,0.0,"(3014, 115.17)","(2329, 156.3)","(2961, 174.72)","(2283, 178.49)",0.0,0.0,0.0,0.0,0.0,0.0,0.0,0.0,0.0
13,"(39, 4.0)","(352, 78.25)","(40, 80.83)","(1012, 90.89)","(561, 91.09)","(2217, 91.35)","(2183, 93.94)","(1026, 97.27)",0.0,"(316, 103.48)","(3044, 104.23)","(293, 111.18)","(785, 122.45)","(16, 123.27)",0.0,0.0,0.0,0.0,"(2184, 127.32)","(376, 128.63)","(1537, 136.7)","(1705, 148.56)",0.0,0.0,0.0,0.0,0.0,"(2919, 153.69)","(819, 155.96)","(2212, 162.86)",0.0,0.0,0.0,0.0,0.0,0.0,"(792, 358.05)","(2664, 185.52)",0.0,0.0,0.0,0.0,0.0,0.0,0.0,"(2233, 211.97)","(2270, 213.82)","(860, 75.33)","(3083, 75.33)",0.0,0.0,0.0,"(859, 376.0)","(3194, 75.33)","(2273, 85.77)",0.0,0.0,0.0,0.0,"(3082, 376.0)","(2628, 180.47)",0.0,0.0,0.0,0.0,0.0,"(3193, 376.0)","(2349, 185.67)","(2185, 216.98)",0.0,0.0,0.0
14,"(969, 73.63)","(980, 74.11)","(2220, 84.45)","(2207, 94.32)","(2432, 96.72)","(2500, 100.57)","(970, 104.2)",0.0,0.0,"(2172, 105.02)","(2489, 108.06)","(2469, 111.8)","(735, 120.22)","(2461, 123.68)",0.0,0.0,0.0,0.0,"(730, 128.85)","(830, 132.13)","(2219, 142.25)","(707, 160.49)",0.0,0.0,0.0,0.0,0.0,"(637, 166.51)","(801, 174.09)","(984, 183.62)",0.0,0.0,0.0,0.0,0.0,0.0,"(587, 202.77)","(828, 216.11)",0.0,0.0,0.0,0.0,0.0,0.0,0.0,"(2133, 230.9)","(2305, 259.98)",0.0,0.0,0.0,0.0,0.0,"(2104, 331.42)","(2350, 167.6)",0.0,0.0,0.0,0.0,0.0,"(2967, 399.76)","(2991, 170.87)",0.0,0.0,0.0,0.0,0.0,0.0,0.0,0.0,0.0,0.0,0.0
15,"(259, 85.52)","(2467, 90.21)","(302, 92.97)","(613, 96.64)","(17, 96.71)","(663, 103.28)",0.0,0.0,0.0,"(303, 108.08)","(844, 108.73)","(218, 115.75)","(228, 116.32)","(1844, 122.53)",0.0,0.0,0.0,0.0,"(1907, 157.42)","(392, 160.29)","(656, 173.01)",0.0,0.0,0.0,0.0,0.0,0.0,"(1840, 215.48)","(821, 271.66)",0.0,0.0,0.0,0.0,0.0,0.0,0.0,"(2574, 157.1)","(2014, 164.7)","(280, 177.49)",0.0,0.0,0.0,0.0,0.0,0.0,"(935, 177.98)","(3158, 177.98)","(3269, 177.98)","(2593, 72.83)",0.0,0.0,0.0,"(1987, 274.91)","(2121, 292.16)",0.0,0.0,0.0,0.0,0.0,"(2161, 345.73)","(2583, 101.1)","(2029, 121.53)",0.0,0.0,0.0,0.0,"(893, 386.87)","(3116, 386.87)","(3227, 386.87)",0.0,0.0,0.0
16,"(478, 66.85)","(1426, 71.56)","(1550, 79.26)","(2673, 87.15)","(2665, 100.75)","(1454, 104.25)","(2216, 104.69)",0.0,0.0,"(540, 110.53)","(1350, 112.31)","(2215, 128.01)","(1500, 134.13)","(1487, 118.82)",0.0,0.0,0.0,0.0,"(641, 156.65)","(2168, 161.3)","(629, 181.77)","(509, 133.12)",0.0,0.0,0.0,0.0,0.0,"(1861, 216.93)","(2511, 234.87)",0.0,0.0,0.0,0.0,0.0,0.0,0.0,"(685, 338.72)","(2328, 218.48)",0.0,0.0,0.0,0.0,0.0,0.0,0.0,"(2524, 79.07)","(939, 190.8)","(3162, 190.8)","(2550, 89.67)",0.0,0.0,0.0,"(3273, 190.8)","(2568, 200.99)","(2541, 93.33)",0.0,0.0,0.0,0.0,"(2044, 307.79)","(2340, 150.93)",0.0,0.0,0.0,0.0,0.0,"(1934, 373.35)",0.0,0.0,0.0,0.0,0.0
17,"(1075, 20.0)","(1360, 70.89)","(2509, 81.61)","(1341, 89.71)","(1247, 107.0)","(177, 109.55)","(1193, 109.62)",0.0,0.0,"(117, 119.15)","(1412, 129.03)","(156, 132.21)","(2778, 140.84)",0.0,0.0,0.0,0.0,0.0,"(130, 144.03)","(2789, 182.85)","(1456, 117.26)",0.0,0.0,0.0,0.0,0.0,0.0,0.0,0.0,0.0,0.0,0.0,0.0,0.0,0.0,0.0,0.0,0.0,0.0,0.0,0.0,0.0,0.0,0.0,0.0,"(2309, 100.57)","(2032, 299.07)","(3002, 104.57)",0.0,0.0,0.0,0.0,"(3064, 371.33)","(2950, 145.07)",0.0,0.0,0.0,0.0,0.0,"(2059, 379.92)","(2327, 149.34)",0.0,0.0,0.0,0.0,0.0,0.0,0.0,0.0,0.0,0.0,0.0
18,"(359, 77.76)","(2679, 78.12)","(1582, 84.04)","(342, 84.06)","(2828, 88.51)","(1471, 93.84)","(4, 100.25)",0.0,0.0,"(1157, 100.99)","(3052, 106.77)","(0, 114.77)","(44, 124.93)","(28, 136.11)",0.0,0.0,0.0,0.0,"(1205, 274.62)","(1431, 118.82)",0.0,0.0,0.0,0.0,0.0,0.0,0.0,"(3006, 413.74)",0.0,0.0,0.0,0.0,0.0,0.0,0.0,0.0,0.0,0.0,0.0,0.0,0.0,0.0,0.0,0.0,0.0,"(2965, 86.1)","(2366, 202.26)","(2228, 239.9)","(111, 90.2)",0.0,0.0,0.0,"(72, 104.0)","(2627, 132.43)","(2638, 212.33)",0.0,0.0,0.0,0.0,"(2654, 221.29)",0.0,0.0,0.0,0.0,0.0,0.0,0.0,0.0,0.0,0.0,0.0,0.0
19,"(2471, 72.03)","(652, 82.28)","(752, 83.34)","(2516, 83.83)","(628, 89.87)","(2411, 97.72)","(1096, 101.69)",0.0,0.0,"(36, 103.89)","(1177, 106.45)","(699, 109.16)","(7, 114.93)","(644, 117.27)",0.0,0.0,0.0,0.0,"(1039, 121.66)","(2392, 123.54)","(1313, 123.62)","(1046, 166.32)",0.0,0.0,0.0,0.0,0.0,"(2859, 524.92)",0.0,0.0,0.0,0.0,0.0,0.0,0.0,0.0,0.0,0.0,0.0,0.0,0.0,0.0,0.0,0.0,0.0,"(2294, 84.33)","(2995, 192.75)","(2225, 207.69)","(2246, 121.37)",0.0,0.0,0.0,"(2119, 293.39)","(2101, 337.93)",0.0,0.0,0.0,0.0,0.0,"(2981, 373.92)",0.0,0.0,0.0,0.0,0.0,0.0,0.0,0.0,0.0,0.0,0.0,0.0
20,"(384, 83.02)","(460, 86.72)","(1775, 95.9)","(245, 97.89)","(329, 107.34)","(308, 108.22)",0.0,0.0,0.0,"(2843, 125.54)","(838, 151.3)","(1071, 154.1)","(808, 162.06)",0.0,0.0,0.0,0.0,0.0,"(261, 218.31)","(2849, 219.5)","(820, 107.18)",0.0,0.0,0.0,0.0,0.0,0.0,0.0,0.0,0.0,0.0,0.0,0.0,0.0,0.0,0.0,0.0,0.0,0.0,0.0,0.0,0.0,0.0,0.0,0.0,"(2087, 180.58)","(2113, 240.84)","(1998, 69.33)","(2584, 84.2)",0.0,0.0,0.0,"(2109, 330.33)","(2011, 106.3)","(2008, 185.17)",0.0,0.0,0.0,0.0,"(2603, 233.63)",0.0,0.0,0.0,0.0,0.0,0.0,0.0,0.0,0.0,0.0,0.0,0.0
21,"(2695, 73.45)","(2195, 85.46)","(474, 92.58)","(495, 93.91)","(1534, 98.39)","(1532, 98.47)",0.0,0.0,0.0,"(2842, 102.39)","(2197, 102.45)","(1543, 112.63)","(560, 114.47)","(529, 118.25)",0.0,0.0,0.0,0.0,"(2448, 119.15)","(2213, 125.48)","(1845, 129.06)","(2407, 132.37)",0.0,0.0,0.0,0.0,0.0,"(1369, 137.53)","(2181, 145.47)","(706, 146.99)","(1942, 155.78)",0.0,0.0,0.0,0.0,0.0,"(2901, 160.51)","(1361, 167.66)","(1922, 185.09)",0.0,0.0,0.0,0.0,0.0,0.0,"(850, 180.35)","(3073, 180.35)","(3184, 180.35)",0.0,0.0,0.0,0.0,"(2090, 236.29)","(2039, 350.83)",0.0,0.0,0.0,0.0,0.0,"(2543, 120.97)","(2571, 125.53)","(2532, 163.03)","(2552, 166.53)",0.0,0.0,0.0,"(709, 208.44)","(927, 207.78)","(3150, 207.78)","(3261, 207.78)","(1936, 177.39)",0.0
22,"(1097, 22.0)","(165, 78.46)","(1342, 83.85)","(149, 85.34)","(1099, 86.75)","(184, 88.09)","(1301, 99.02)",0.0,0.0,"(182, 99.58)","(141, 144.18)","(1362, 149.48)","(2764, 194.26)",0.0,0.0,0.0,0.0,0.0,"(625, 208.64)","(1186, 104.56)",0.0,0.0,0.0,0.0,0.0,0.0,0.0,0.0,0.0,0.0,0.0,0.0,0.0,0.0,0.0,0.0,0.0,0.0,0.0,0.0,0.0,0.0,0.0,0.0,0.0,"(2962, 259.34)","(2127, 324.46)",0.0,0.0,0.0,0.0,0.0,"(2236, 101.67)","(3009, 150.63)","(2231, 173.64)",0.0,0.0,0.0,0.0,0.0,0.0,0.0,0.0,0.0,0.0,0.0,0.0,0.0,0.0,0.0,0.0,0.0
23,"(401, 85.17)","(412, 87.46)","(298, 104.44)","(1297, 105.35)","(425, 110.38)","(1585, 116.54)",0.0,0.0,0.0,"(1490, 123.63)","(1356, 146.26)","(1854, 214.73)","(27, 107.74)",0.0,0.0,0.0,0.0,0.0,"(802, 341.16)",0.0,0.0,0.0,0.0,0.0,0.0,0.0,0.0,0.0,0.0,0.0,0.0,0.0,0.0,0.0,0.0,0.0,0.0,0.0,0.0,0.0,0.0,0.0,0.0,0.0,0.0,"(919, 321.38)","(2359, 87.53)","(2343, 119.63)",0.0,0.0,0.0,0.0,"(3142, 321.38)","(2639, 134.87)","(2269, 175.83)",0.0,0.0,0.0,0.0,"(3253, 321.38)",0.0,0.0,0.0,0.0,0.0,0.0,0.0,0.0,0.0,0.0,0.0,0.0
24,"(655, 70.43)","(2683, 76.53)","(2449, 87.48)","(738, 96.59)","(2402, 101.12)","(700, 101.95)",0.0,0.0,0.0,"(2468, 103.23)","(2433, 103.69)","(747, 115.55)","(1308, 123.45)","(2450, 128.89)",0.0,0.0,0.0,0.0,"(682, 138.85)","(2384, 140.3)","(1200, 142.06)","(1287, 172.35)",0.0,0.0,0.0,0.0,0.0,"(593, 221.71)","(849, 222.85)","(609, 115.79)",0.0,0.0,0.0,0.0,0.0,0.0,"(796, 251.07)",0.0,0.0,0.0,0.0,0.0,0.0,0.0,0.0,"(2035, 211.53)","(2282, 247.95)","(2290, 103.5)",0.0,0.0,0.0,0.0,"(2053, 350.89)","(2271, 143.3)",0.0,0.0,0.0,0.0,0.0,"(2963, 530.95)",0.0,0.0,0.0,0.0,0.0,0.0,0.0,0.0,0.0,0.0,0.0,0.0
25,"(2829, 79.25)","(413, 88.1)","(2875, 89.07)","(318, 95.38)","(2844, 97.73)","(315, 98.56)",0.0,0.0,0.0,"(448, 100.78)","(1726, 113.39)","(2743, 119.48)","(1738, 120.52)","(1593, 121.01)",0.0,0.0,0.0,0.0,"(431, 123.69)","(1721, 125.08)","(1669, 144.33)","(1344, 146.51)",0.0,0.0,0.0,0.0,0.0,"(2816, 161.15)","(256, 177.73)","(208, 275.67)",0.0,0.0,0.0,0.0,0.0,0.0,"(2611, 158.61)","(2012, 184.5)","(2597, 236.21)",0.0,0.0,0.0,0.0,0.0,0.0,"(892, 161.62)","(3115, 161.62)","(3226, 161.62)","(931, 133.67)",0.0,0.0,0.0,"(2026, 169.19)","(885, 244.35)","(3154, 133.67)",0.0,0.0,0.0,0.0,"(3108, 244.35)","(3219, 244.35)","(3265, 133.67)",0.0,0.0,0.0,0.0,"(2068, 276.34)","(2100, 353.19)","(2588, 255.31)",0.0,0.0,0.0
26,"(2717, 32.0)","(2734, 62.0)","(1575, 63.7)","(1541, 67.81)","(1524, 71.35)","(1439, 74.77)","(1455, 82.86)","(1935, 86.15)","(595, 89.11)","(523, 94.33)","(2416, 96.72)","(2167, 96.92)","(513, 102.84)","(711, 104.18)","(1511, 105.13)",0.0,0.0,0.0,"(539, 106.29)","(2191, 108.09)","(2179, 115.89)","(2381, 122.26)","(2502, 124.2)",0.0,0.0,0.0,0.0,"(494, 124.61)","(1850, 142.14)","(1973, 146.55)","(615, 149.8)",0.0,0.0,0.0,0.0,0.0,"(1802, 158.58)","(2182, 203.52)","(2250, 174.76)","(1495, 74.62)",0.0,0.0,0.0,0.0,0.0,"(2142, 321.25)","(2569, 56.33)","(2526, 75.7)","(2553, 92.57)",0.0,0.0,0.0,"(2052, 329.58)","(2560, 136.43)","(911, 158.28)",0.0,0.0,0.0,0.0,"(3134, 158.28)","(3245, 158.28)","(2285, 164.07)",0.0,0.0,0.0,0.0,"(2358, 178.23)","(492, 108.88)",0.0,0.0,0.0,0.0
27,"(202, 54.0)","(123, 57.51)","(1473, 70.0)","(1485, 70.38)","(174, 72.82)","(129, 79.24)","(2832, 97.41)","(1383, 104.2)",0.0,"(712, 118.41)","(1388, 135.01)","(2759, 137.63)","(2893, 174.36)",0.0,0.0,0.0,0.0,0.0,"(826, 207.35)","(2767, 251.93)","(2953, 146.03)",0.0,0.0,0.0,0.0,0.0,0.0,"(1260, 277.01)","(2996, 157.5)","(788, 186.43)",0.0,0.0,0.0,0.0,0.0,0.0,0.0,0.0,0.0,0.0,0.0,0.0,0.0,0.0,0.0,"(2125, 233.57)","(2084, 337.93)",0.0,0.0,0.0,0.0,0.0,"(3065, 398.46)","(3018, 90.77)","(2948, 120.0)",0.0,0.0,0.0,0.0,"(2267, 612.53)",0.0,0.0,0.0,0.0,0.0,0.0,0.0,0.0,0.0,0.0,0.0,0.0
28,"(1420, 82.84)","(299, 83.88)","(354, 83.93)","(1165, 84.31)","(572, 86.55)","(436, 89.07)","(1372, 109.03)",0.0,0.0,"(3050, 115.1)","(2922, 127.22)","(1255, 143.22)","(1557, 159.19)",0.0,0.0,0.0,0.0,0.0,"(1874, 176.43)","(1903, 181.55)","(1860, 188.2)",0.0,0.0,0.0,0.0,0.0,0.0,0.0,0.0,0.0,0.0,0.0,0.0,0.0,0.0,0.0,0.0,0.0,0.0,0.0,0.0,0.0,0.0,0.0,0.0,"(99, 65.9)","(2258, 171.93)","(2018, 204.54)","(2616, 106.1)",0.0,0.0,0.0,"(2344, 214.9)","(2605, 228.15)",0.0,0.0,0.0,0.0,0.0,0.0,0.0,0.0,0.0,0.0,0.0,0.0,0.0,0.0,0.0,0.0,0.0,0.0
29,"(1533, 70.27)","(994, 75.96)","(978, 91.32)","(1036, 91.85)","(2371, 102.84)","(782, 106.96)",0.0,0.0,0.0,"(1334, 115.71)","(998, 116.75)","(2405, 119.65)","(1226, 124.46)","(705, 127.24)",0.0,0.0,0.0,0.0,"(2479, 127.62)","(817, 153.32)","(679, 203.18)","(657, 138.14)",0.0,0.0,0.0,0.0,0.0,"(1230, 256.9)",0.0,0.0,0.0,0.0,0.0,0.0,0.0,0.0,0.0,0.0,0.0,0.0,0.0,0.0,0.0,0.0,0.0,"(2139, 219.79)","(2956, 296.52)","(92, 118.37)",0.0,0.0,0.0,0.0,"(2099, 359.05)","(69, 147.43)",0.0,0.0,0.0,0.0,0.0,"(3021, 168.47)","(93, 313.3)",0.0,0.0,0.0,0.0,0.0,0.0,0.0,0.0,0.0,0.0,0.0
30,"(2857, 66.25)","(447, 78.77)","(2672, 81.12)","(2889, 82.8)","(279, 85.77)","(265, 103.88)","(759, 124.26)",0.0,0.0,"(264, 135.78)","(341, 155.0)",0.0,0.0,0.0,0.0,0.0,0.0,0.0,0.0,0.0,0.0,0.0,0.0,0.0,0.0,0.0,0.0,0.0,0.0,0.0,0.0,0.0,0.0,0.0,0.0,0.0,0.0,0.0,0.0,0.0,0.0,0.0,0.0,0.0,0.0,"(2587, 99.4)","(2118, 267.6)","(2575, 192.34)",0.0,0.0,0.0,0.0,"(106, 278.46)","(2154, 311.32)",0.0,0.0,0.0,0.0,0.0,"(888, 392.15)",0.0,0.0,0.0,0.0,0.0,0.0,"(3111, 392.15)","(3222, 392.15)",0.0,0.0,0.0,0.0
31,"(1052, 239.27)",0.0,0.0,0.0,0.0,0.0,0.0,0.0,0.0,0.0,0.0,0.0,0.0,0.0,0.0,0.0,0.0,0.0,0.0,0.0,0.0,0.0,0.0,0.0,0.0,0.0,0.0,0.0,0.0,0.0,0.0,0.0,0.0,0.0,0.0,0.0,0.0,0.0,0.0,0.0,0.0,0.0,0.0,0.0,0.0,0.0,0.0,0.0,0.0,0.0,0.0,0.0,0.0,0.0,0.0,0.0,0.0,0.0,0.0,0.0,0.0,0.0,0.0,0.0,0.0,0.0,0.0,0.0,0.0,0.0,0.0,0.0
32,"(1574, 69.54)","(1441, 84.37)","(1386, 84.84)","(1406, 87.26)","(1289, 96.22)","(1692, 102.02)","(1236, 102.67)",0.0,0.0,"(1292, 105.76)","(164, 109.3)","(1413, 111.67)","(143, 115.36)","(1751, 117.18)",0.0,0.0,0.0,0.0,"(151, 118.59)","(1419, 125.32)","(2756, 129.97)","(1499, 139.08)","(2323, 105.03)",0.0,0.0,0.0,0.0,"(193, 140.69)","(1976, 153.77)","(1777, 153.86)","(1612, 165.68)",0.0,0.0,0.0,0.0,0.0,"(1713, 172.91)","(1317, 186.95)","(2365, 189.13)",0.0,0.0,0.0,0.0,0.0,0.0,"(2254, 262.45)","(883, 269.93)",0.0,0.0,0.0,0.0,0.0,"(3106, 269.93)","(3217, 269.93)",0.0,0.0,0.0,0.0,0.0,"(2112, 297.57)","(2070, 309.98)",0.0,0.0,0.0,0.0,0.0,"(3057, 444.37)",0.0,0.0,0.0,0.0,0.0
33,"(430, 79.29)","(1943, 81.32)","(1819, 82.56)","(1407, 89.8)","(428, 90.06)","(1459, 90.09)","(1660, 90.8)",0.0,0.0,"(450, 93.59)","(325, 95.15)","(1098, 95.95)","(1812, 97.32)","(1899, 100.8)","(287, 108.34)",0.0,0.0,0.0,"(1150, 114.03)","(459, 120.66)","(1034, 128.56)","(3054, 134.54)",0.0,0.0,0.0,0.0,0.0,"(1305, 167.99)","(1140, 174.06)","(1829, 238.11)",0.0,0.0,0.0,0.0,0.0,0.0,"(1093, 242.61)","(2758, 270.31)",0.0,0.0,0.0,0.0,0.0,0.0,0.0,"(851, 170.4)","(3074, 170.4)","(3185, 170.4)",0.0,0.0,0.0,0.0,"(2235, 250.45)","(862, 322.85)",0.0,0.0,0.0,0.0,0.0,"(3085, 322.85)","(2620, 148.5)",0.0,0.0,0.0,0.0,0.0,"(3196, 322.85)","(2625, 183.45)",0.0,0.0,0.0,0.0
34,"(1304, 86.64)","(586, 94.62)","(746, 96.25)","(1171, 100.17)","(619, 103.46)","(1134, 107.32)",0.0,0.0,0.0,"(1135, 112.23)","(650, 112.42)","(1290, 112.49)","(1087, 119.43)","(745, 123.34)",0.0,0.0,0.0,0.0,"(710, 123.9)","(1007, 126.25)","(2426, 126.64)","(621, 131.32)","(786, 115.77)",0.0,0.0,0.0,0.0,"(2497, 132.33)","(2375, 140.45)","(1044, 151.5)","(734, 170.04)",0.0,0.0,0.0,0.0,0.0,"(2498, 186.85)",0.0,0.0,0.0,0.0,0.0,0.0,0.0,0.0,"(105, 230.91)","(2253, 240.71)","(110, 98.53)",0.0,0.0,0.0,0.0,"(2989, 314.15)","(2355, 184.81)",0.0,0.0,0.0,0.0,0.0,0.0,0.0,0.0,0.0,0.0,0.0,0.0,"(1237, 564.23)",0.0,0.0,0.0,0.0,0.0
35,"(1924, 72.12)","(235, 75.07)","(424, 79.25)","(222, 100.61)","(740, 112.2)","(1702, 123.37)",0.0,0.0,0.0,"(1631, 129.15)","(757, 133.45)","(305, 134.22)","(230, 135.69)",0.0,0.0,0.0,0.0,0.0,"(1789, 159.39)","(1242, 226.68)","(2594, 122.23)",0.0,0.0,0.0,0.0,0.0,0.0,"(1227, 255.89)","(67, 170.53)",0.0,0.0,0.0,0.0,0.0,0.0,0.0,0.0,0.0,0.0,0.0,0.0,0.0,0.0,0.0,0.0,"(62, 196.39)","(873, 196.82)","(3096, 196.82)",0.0,0.0,0.0,0.0,"(3207, 196.82)","(913, 432.93)",0.0,0.0,0.0,0.0,0.0,"(3136, 432.93)","(2585, 87.6)",0.0,0.0,0.0,0.0,0.0,"(3247, 432.93)",0.0,0.0,0.0,0.0,0.0
36,"(2680, 71.46)","(2685, 72.33)","(1546, 84.78)","(1337, 87.54)","(545, 88.95)","(18, 90.49)","(25, 91.51)",0.0,0.0,"(484, 93.46)","(1418, 94.66)","(2712, 100.82)","(1447, 105.01)","(37, 111.24)","(592, 113.43)",0.0,0.0,0.0,"(10, 117.35)","(481, 123.79)","(701, 128.25)","(623, 132.27)",0.0,0.0,0.0,0.0,0.0,"(464, 138.99)","(510, 185.51)","(2399, 189.84)",0.0,0.0,0.0,0.0,0.0,0.0,"(1315, 205.63)",0.0,0.0,0.0,0.0,0.0,0.0,0.0,0.0,"(2064, 281.99)","(2525, 333.23)",0.0,0.0,0.0,0.0,0.0,"(2520, 81.27)","(2368, 135.17)",0.0,0.0,0.0,0.0,0.0,0.0,0.0,0.0,0.0,0.0,0.0,0.0,0.0,0.0,0.0,0.0,0.0,0.0
37,"(1296, 74.95)","(695, 85.72)","(126, 87.51)","(120, 93.76)","(135, 99.92)","(160, 101.01)",0.0,0.0,0.0,"(1327, 116.13)","(189, 120.41)","(599, 121.74)","(20, 135.98)","(172, 110.1)",0.0,0.0,0.0,0.0,"(1259, 153.24)","(1385, 157.43)","(1060, 168.06)","(1691, 126.98)",0.0,0.0,0.0,0.0,0.0,"(2757, 186.26)","(1030, 190.96)","(1778, 215.41)",0.0,0.0,0.0,0.0,0.0,0.0,"(1686, 232.12)",0.0,0.0,0.0,0.0,0.0,0.0,0.0,0.0,"(853, 236.5)","(3076, 236.5)","(2959, 104.13)",0.0,0.0,0.0,0.0,"(3187, 236.5)","(2096, 296.21)",0.0,0.0,0.0,0.0,0.0,"(3068, 309.88)","(2054, 314.49)",0.0,0.0,0.0,0.0,0.0,0.0,0.0,0.0,0.0,0.0,0.0
38,"(2711, 79.94)","(2682, 85.22)","(1116, 91.07)","(1883, 94.48)","(337, 97.97)","(49, 104.44)",0.0,0.0,0.0,"(442, 104.59)","(335, 109.39)","(1748, 115.38)","(731, 122.59)","(331, 132.21)",0.0,0.0,0.0,0.0,"(803, 132.69)","(1127, 133.81)","(1634, 138.35)","(569, 140.49)",0.0,0.0,0.0,0.0,0.0,"(1963, 141.95)","(1756, 147.72)","(1806, 167.33)","(2302, 169.34)",0.0,0.0,0.0,0.0,0.0,"(59, 192.44)","(1909, 241.86)","(2362, 170.59)",0.0,0.0,0.0,0.0,0.0,0.0,"(2657, 260.83)","(886, 370.87)",0.0,0.0,0.0,0.0,0.0,"(3109, 370.87)","(2297, 81.7)","(2612, 139.93)",0.0,0.0,0.0,0.0,"(3220, 370.87)","(2284, 155.83)",0.0,0.0,0.0,0.0,0.0,"(768, 344.27)","(2330, 171.81)",0.0,0.0,0.0,0.0
39,"(2458, 50.0)","(1497, 72.06)","(1549, 72.51)","(982, 81.4)","(966, 86.21)","(2428, 91.74)","(1578, 98.22)",0.0,0.0,"(1470, 98.77)","(2943, 101.0)","(1460, 102.97)","(1857, 104.25)","(2398, 106.67)","(974, 106.78)",0.0,0.0,0.0,"(750, 110.25)","(1501, 117.35)","(2902, 118.12)","(996, 126.39)",0.0,0.0,0.0,0.0,0.0,"(2760, 165.36)","(812, 195.64)",0.0,0.0,0.0,0.0,0.0,0.0,0.0,0.0,0.0,0.0,0.0,0.0,0.0,0.0,0.0,0.0,"(115, 24.87)","(2630, 66.67)","(2960, 287.68)",0.0,0.0,0.0,0.0,0.0,0.0,0.0,0.0,0.0,0.0,0.0,0.0,0.0,0.0,0.0,0.0,0.0,0.0,0.0,0.0,0.0,0.0,0.0,0.0
40,"(466, 75.88)","(2666, 81.8)","(310, 85.13)","(3023, 97.31)","(3025, 100.11)","(456, 101.23)","(3041, 92.9)",0.0,0.0,"(2736, 106.82)","(2735, 118.57)","(311, 130.11)","(1598, 139.12)",0.0,0.0,0.0,0.0,0.0,"(1673, 142.61)","(3027, 152.9)","(1946, 173.32)","(2578, 151.23)",0.0,0.0,0.0,0.0,0.0,"(1667, 201.62)","(470, 279.34)",0.0,0.0,0.0,0.0,0.0,0.0,0.0,"(2888, 634.8)",0.0,0.0,0.0,0.0,0.0,0.0,0.0,0.0,"(2004, 58.13)","(1992, 59.0)","(2003, 60.1)","(940, 211.31)","(3163, 211.31)",0.0,0.0,"(3274, 211.31)","(925, 235.36)","(1993, 130.87)",0.0,0.0,0.0,0.0,"(3148, 235.36)","(3259, 235.36)","(86, 146.73)",0.0,0.0,0.0,0.0,0.0,0.0,0.0,0.0,0.0,0.0
41,"(2697, 74.0)","(493, 76.62)","(531, 87.28)","(1571, 92.64)","(516, 93.22)","(497, 100.73)","(475, 101.56)",0.0,0.0,"(1580, 102.36)","(661, 103.04)","(1878, 105.3)","(1382, 112.74)","(533, 117.59)",0.0,0.0,0.0,0.0,"(589, 117.77)","(2434, 118.33)","(1392, 120.5)","(2690, 133.23)","(1852, 132.05)",0.0,0.0,0.0,0.0,"(1509, 159.44)","(1841, 167.3)","(1359, 184.17)",0.0,0.0,0.0,0.0,0.0,0.0,"(2378, 187.22)","(639, 202.99)","(1917, 208.28)",0.0,0.0,0.0,0.0,0.0,0.0,"(891, 190.06)","(3114, 190.06)","(3225, 190.06)",0.0,0.0,0.0,0.0,"(2079, 213.91)","(2570, 142.23)","(2564, 179.26)",0.0,0.0,0.0,0.0,0.0,0.0,0.0,0.0,0.0,0.0,0.0,0.0,0.0,0.0,0.0,0.0,0.0
42,"(183, 77.65)","(173, 78.52)","(1762, 78.93)","(161, 81.78)","(449, 86.97)","(125, 95.45)","(1379, 108.53)",0.0,0.0,"(1387, 139.42)","(1437, 140.4)","(1159, 143.44)","(1162, 149.5)",0.0,0.0,0.0,0.0,0.0,"(1445, 156.99)","(1288, 161.07)","(1268, 173.1)","(204, 106.22)",0.0,0.0,0.0,0.0,0.0,"(1774, 206.85)","(2957, 317.79)",0.0,0.0,0.0,0.0,0.0,0.0,0.0,0.0,0.0,0.0,0.0,0.0,0.0,0.0,0.0,0.0,"(950, 207.12)","(3173, 207.12)","(3284, 207.12)",0.0,0.0,0.0,0.0,"(3063, 261.47)","(2162, 311.68)",0.0,0.0,0.0,0.0,0.0,"(2043, 315.24)","(947, 84.8)","(3170, 84.8)","(3281, 84.8)",0.0,0.0,0.0,"(923, 395.84)","(3146, 395.84)","(3257, 395.84)",0.0,0.0,0.0
43,"(2784, 20.0)","(2726, 70.39)","(46, 81.09)","(2728, 84.0)","(344, 111.0)","(2747, 117.91)","(3047, 119.11)",0.0,0.0,"(411, 123.19)","(2824, 135.03)","(1836, 136.92)","(1189, 144.91)",0.0,0.0,0.0,0.0,0.0,"(1129, 211.79)","(1950, 273.89)","(2651, 118.03)",0.0,0.0,0.0,0.0,0.0,0.0,"(2836, 365.76)","(2304, 150.51)",0.0,0.0,0.0,0.0,0.0,0.0,0.0,"(2339, 175.66)","(2618, 176.92)",0.0,0.0,0.0,0.0,0.0,0.0,0.0,"(2607, 71.03)","(908, 235.44)","(3131, 235.44)","(2659, 81.13)",0.0,0.0,0.0,"(3242, 235.44)","(879, 317.09)",0.0,0.0,0.0,0.0,0.0,"(3102, 317.09)","(3213, 317.09)",0.0,0.0,0.0,0.0,0.0,0.0,0.0,0.0,0.0,0.0,0.0
44,"(2463, 92.38)","(836, 92.97)","(1103, 95.42)","(1121, 102.3)","(837, 105.81)","(1697, 110.89)",0.0,0.0,0.0,"(1278, 115.8)","(2372, 129.96)","(1125, 135.25)","(2514, 137.77)","(795, 88.16)",0.0,0.0,0.0,0.0,"(761, 138.22)","(1977, 141.96)","(2413, 144.26)","(1285, 154.58)",0.0,0.0,0.0,0.0,0.0,"(2480, 163.56)","(841, 179.49)","(1094, 180.46)",0.0,0.0,0.0,0.0,0.0,0.0,"(2456, 181.17)","(1183, 263.92)","(798, 116.29)",0.0,0.0,0.0,0.0,0.0,0.0,"(98, 176.93)","(2102, 277.71)","(2229, 108.3)",0.0,0.0,0.0,0.0,"(2954, 315.42)","(2056, 318.09)",0.0,0.0,0.0,0.0,0.0,"(2243, 128.9)","(2272, 182.36)",0.0,0.0,0.0,0.0,0.0,0.0,0.0,0.0,0.0,0.0,0.0
45,"(379, 68.24)","(420, 69.39)","(367, 74.0)","(2740, 85.88)","(373, 88.7)","(338, 95.28)","(1732, 102.7)",0.0,0.0,"(1652, 110.69)","(574, 112.04)","(262, 171.74)","(2870, 176.03)",0.0,0.0,0.0,0.0,0.0,"(241, 192.91)","(225, 229.93)",0.0,0.0,0.0,0.0,0.0,0.0,0.0,"(1239, 239.08)",0.0,0.0,0.0,0.0,0.0,0.0,0.0,0.0,"(775, 429.08)",0.0,0.0,0.0,0.0,0.0,0.0,0.0,0.0,"(2093, 246.81)","(894, 341.9)",0.0,0.0,0.0,0.0,0.0,"(3117, 341.9)","(2595, 166.83)",0.0,0.0,0.0,0.0,0.0,"(3228, 341.9)",0.0,0.0,0.0,0.0,0.0,0.0,"(2132, 391.81)",0.0,0.0,0.0,0.0,0.0
46,"(1535, 70.0)","(1562, 80.97)","(2941, 82.77)","(594, 84.55)","(514, 86.84)","(530, 89.72)","(2938, 93.64)",0.0,0.0,"(1873, 95.3)","(1503, 96.21)","(2465, 96.97)","(503, 100.65)","(1365, 105.27)","(1945, 106.4)",0.0,0.0,0.0,"(1438, 109.53)","(518, 120.64)","(2911, 120.74)","(1940, 139.02)","(532, 74.69)",0.0,0.0,0.0,0.0,"(1462, 176.73)","(19, 187.17)","(590, 243.92)",0.0,0.0,0.0,0.0,0.0,0.0,"(2380, 261.93)","(1859, 276.19)",0.0,0.0,0.0,0.0,0.0,0.0,0.0,"(2034, 234.5)","(857, 340.34)",0.0,0.0,0.0,0.0,0.0,"(3080, 340.34)","(2567, 185.21)",0.0,0.0,0.0,0.0,0.0,"(3191, 340.34)","(2539, 206.6)",0.0,0.0,0.0,0.0,0.0,"(2147, 350.64)","(1525, 117.38)",0.0,0.0,0.0,0.0
47,"(2908, 44.0)","(1025, 57.39)","(1160, 95.22)","(1680, 100.65)","(1608, 102.22)","(1618, 108.67)","(1263, 120.77)",0.0,0.0,"(1770, 123.41)","(2825, 130.39)","(3046, 133.95)","(1269, 153.76)",0.0,0.0,0.0,0.0,0.0,"(2900, 162.22)","(1793, 186.68)","(2753, 281.72)",0.0,0.0,0.0,0.0,0.0,0.0,"(736, 308.79)",0.0,0.0,0.0,0.0,0.0,0.0,0.0,0.0,0.0,0.0,0.0,0.0,0.0,0.0,0.0,0.0,0.0,"(2117, 254.82)","(2122, 306.26)",0.0,0.0,0.0,0.0,0.0,"(2958, 335.12)","(2241, 119.93)","(2238, 128.17)",0.0,0.0,0.0,0.0,"(3061, 366.32)","(2629, 154.33)",0.0,0.0,0.0,0.0,0.0,0.0,0.0,0.0,0.0,0.0,0.0
48,"(2686, 60.0)","(409, 85.7)","(1754, 89.96)","(1536, 94.02)","(1772, 97.29)","(1815, 103.73)",0.0,0.0,0.0,"(1349, 105.23)","(333, 112.97)","(54, 113.42)","(41, 113.47)","(429, 114.08)",0.0,0.0,0.0,0.0,"(332, 120.86)","(1613, 125.47)","(1714, 126.24)","(1082, 127.92)","(1826, 129.01)",0.0,0.0,0.0,0.0,"(1655, 131.57)","(1923, 131.62)","(1488, 134.88)","(1117, 137.51)",0.0,0.0,0.0,0.0,0.0,"(1877, 137.61)","(1065, 140.25)","(1053, 141.85)","(1310, 150.14)",0.0,0.0,0.0,0.0,0.0,"(2281, 195.34)","(2610, 258.16)","(2614, 75.97)",0.0,0.0,0.0,0.0,"(2252, 363.23)","(2647, 214.98)",0.0,0.0,0.0,0.0,0.0,"(2966, 419.52)",0.0,0.0,0.0,0.0,0.0,0.0,"(3053, 158.79)","(53, 160.12)","(1332, 176.67)",0.0,0.0,0.0
49,"(1204, 78.66)","(667, 81.81)","(2444, 85.32)","(2485, 86.68)","(1057, 92.38)","(1014, 105.55)","(793, 102.23)",0.0,0.0,"(585, 107.08)","(751, 109.31)","(2462, 114.48)","(665, 114.7)","(1077, 116.05)",0.0,0.0,0.0,0.0,"(1234, 119.7)","(818, 125.6)","(610, 135.1)","(727, 135.37)",0.0,0.0,0.0,0.0,0.0,"(2493, 138.93)","(1015, 141.11)","(1220, 147.09)","(1011, 151.74)",0.0,0.0,0.0,0.0,0.0,"(1180, 161.92)","(658, 198.36)",0.0,0.0,0.0,0.0,0.0,0.0,0.0,"(2988, 57.57)","(61, 108.9)","(2317, 203.41)","(2973, 138.2)",0.0,0.0,0.0,"(73, 146.7)",0.0,0.0,0.0,0.0,0.0,0.0,0.0,0.0,0.0,0.0,0.0,0.0,0.0,0.0,0.0,0.0,0.0,0.0,0.0
50,"(1627, 44.0)","(389, 85.02)","(370, 85.6)","(2837, 93.49)","(1757, 93.8)","(248, 98.0)","(834, 100.58)",0.0,0.0,"(1559, 110.07)","(1684, 111.97)","(1649, 115.94)","(1622, 117.27)","(766, 134.85)",0.0,0.0,0.0,0.0,"(2891, 138.17)","(1668, 148.08)","(2817, 148.65)","(2887, 156.48)",0.0,0.0,0.0,0.0,0.0,"(277, 187.31)","(772, 206.08)","(1257, 184.98)",0.0,0.0,0.0,0.0,0.0,0.0,"(244, 278.87)",0.0,0.0,0.0,0.0,0.0,0.0,0.0,0.0,"(78, 49.07)","(2581, 321.45)","(95, 75.93)","(2582, 147.8)",0.0,0.0,0.0,"(2023, 158.18)","(2002, 337.5)",0.0,0.0,0.0,0.0,0.0,"(85, 385.14)",0.0,0.0,0.0,0.0,0.0,0.0,"(81, 470.52)",0.0,0.0,0.0,0.0,0.0
51,"(542, 72.8)","(553, 78.27)","(2725, 79.9)","(2395, 80.03)","(575, 80.25)","(565, 80.39)","(1384, 88.97)",0.0,0.0,"(1523, 91.09)","(2722, 92.04)","(583, 97.0)","(490, 101.26)","(2515, 106.39)","(2474, 107.37)",0.0,0.0,0.0,"(535, 115.26)","(502, 115.51)","(1855, 118.73)","(1270, 121.11)","(684, 121.37)",0.0,0.0,0.0,0.0,"(1435, 123.63)","(1913, 127.61)","(1529, 135.02)","(508, 149.13)",0.0,0.0,0.0,0.0,0.0,"(1527, 151.3)","(1897, 193.62)","(1833, 236.23)",0.0,0.0,0.0,0.0,0.0,0.0,"(2646, 133.5)","(2257, 258.49)","(2634, 115.23)",0.0,0.0,0.0,0.0,"(2523, 142.7)","(2538, 164.97)","(91, 180.36)",0.0,0.0,0.0,0.0,"(2557, 189.47)",0.0,0.0,0.0,0.0,0.0,0.0,"(722, 153.88)",0.0,0.0,0.0,0.0,0.0
52,"(1450, 61.64)","(1602, 82.0)","(153, 84.48)","(2435, 92.42)","(152, 96.25)","(191, 100.7)","(1782, 101.44)",0.0,0.0,"(1745, 107.13)","(150, 114.36)","(155, 116.17)","(1672, 127.87)","(1650, 130.45)",0.0,0.0,0.0,0.0,"(1251, 155.03)","(631, 165.8)","(1442, 172.07)",0.0,0.0,0.0,0.0,0.0,0.0,"(2751, 175.37)","(1399, 185.06)","(2762, 190.06)",0.0,0.0,0.0,0.0,0.0,0.0,0.0,0.0,0.0,0.0,0.0,0.0,0.0,0.0,0.0,"(921, 229.16)","(3144, 229.16)","(2247, 141.27)",0.0,0.0,0.0,0.0,"(3255, 229.16)","(2970, 373.77)",0.0,0.0,0.0,0.0,0.0,"(2990, 634.8)",0.0,0.0,0.0,0.0,0.0,0.0,0.0,0.0,0.0,0.0,0.0,0.0
53,"(351, 85.73)","(408, 89.85)","(2716, 92.49)","(56, 110.71)","(2882, 111.65)","(1493, 114.04)",0.0,0.0,0.0,"(2863, 119.43)","(1393, 119.89)","(2861, 120.2)","(454, 122.36)","(45, 123.17)",0.0,0.0,0.0,0.0,"(343, 124.43)","(1783, 139.66)","(1957, 147.65)","(1716, 151.23)",0.0,0.0,0.0,0.0,0.0,"(328, 156.24)","(1894, 174.63)","(1335, 222.75)",0.0,0.0,0.0,0.0,0.0,0.0,"(1933, 223.32)",0.0,0.0,0.0,0.0,0.0,0.0,0.0,0.0,"(898, 166.11)","(3121, 166.11)","(3232, 166.11)",0.0,0.0,0.0,0.0,"(864, 145.13)","(3087, 145.13)","(3198, 145.13)","(2663, 159.9)",0.0,0.0,0.0,"(2644, 200.96)",0.0,0.0,0.0,0.0,0.0,0.0,0.0,0.0,0.0,0.0,0.0,0.0
54,"(1956, 58.0)","(1566, 72.16)","(2715, 86.29)","(2496, 94.14)","(2874, 106.72)","(2410, 111.49)",0.0,0.0,0.0,"(2437, 114.92)","(2441, 117.94)","(1835, 119.45)","(579, 120.05)","(1811, 120.75)",0.0,0.0,0.0,0.0,"(2472, 122.11)","(1228, 142.57)","(1262, 159.71)","(1191, 188.12)",0.0,0.0,0.0,0.0,0.0,"(602, 195.25)","(648, 212.7)","(1947, 219.87)",0.0,0.0,0.0,0.0,0.0,0.0,0.0,0.0,0.0,0.0,0.0,0.0,0.0,0.0,0.0,"(1997, 82.57)","(2080, 255.74)","(2060, 279.04)",0.0,0.0,0.0,0.0,"(2303, 352.16)","(2262, 132.5)","(2033, 138.6)",0.0,0.0,0.0,0.0,"(2001, 167.47)",0.0,0.0,0.0,0.0,0.0,0.0,0.0,0.0,0.0,0.0,0.0,0.0
55,"(418, 85.09)","(1286, 92.95)","(339, 95.24)","(403, 96.04)","(1494, 98.37)","(238, 100.94)",0.0,0.0,0.0,"(2430, 101.27)","(1614, 107.54)","(2879, 130.09)","(271, 137.02)","(1689, 147.91)",0.0,0.0,0.0,0.0,"(2845, 149.36)","(1736, 153.37)","(254, 163.76)","(2880, 86.51)",0.0,0.0,0.0,0.0,0.0,"(269, 176.57)","(422, 180.66)",0.0,0.0,0.0,0.0,0.0,0.0,0.0,0.0,0.0,0.0,0.0,0.0,0.0,0.0,0.0,0.0,"(867, 206.58)","(3090, 206.58)","(3201, 206.58)",0.0,0.0,0.0,0.0,"(874, 330.66)","(2020, 146.95)",0.0,0.0,0.0,0.0,0.0,"(3097, 330.66)","(2009, 170.42)",0.0,0.0,0.0,0.0,0.0,"(3208, 330.66)","(2042, 361.5)","(2066, 519.43)",0.0,0.0,0.0
56,"(2699, 62.0)","(1548, 76.0)","(491, 81.28)","(1469, 81.35)","(1409, 82.44)","(1346, 82.66)","(2681, 84.98)",0.0,0.0,"(1892, 89.26)","(1633, 89.3)","(1978, 90.41)","(556, 98.01)","(2418, 101.08)","(2369, 101.19)",0.0,0.0,0.0,"(1567, 102.27)","(2442, 102.86)","(512, 104.6)","(538, 107.22)","(476, 110.07)",0.0,0.0,0.0,0.0,"(2387, 138.37)","(1792, 148.37)","(2370, 156.47)","(1839, 166.34)",0.0,0.0,0.0,0.0,0.0,"(1825, 176.39)","(1295, 264.9)",0.0,0.0,0.0,0.0,0.0,0.0,0.0,"(2540, 210.16)","(2318, 256.99)",0.0,0.0,0.0,0.0,0.0,"(2319, 276.96)","(2116, 326.07)",0.0,0.0,0.0,0.0,0.0,"(2065, 332.6)","(2548, 192.08)",0.0,0.0,0.0,0.0,0.0,0.0,0.0,0.0,0.0,0.0,0.0
57,"(1307, 72.82)","(1520, 73.44)","(1636, 83.77)","(137, 84.01)","(180, 91.92)","(1461, 92.88)","(2796, 102.4)",0.0,0.0,"(1374, 113.4)","(1681, 121.12)","(1502, 123.86)","(176, 132.57)","(1309, 98.53)",0.0,0.0,0.0,0.0,"(1055, 164.01)","(2746, 164.61)",0.0,0.0,0.0,0.0,0.0,0.0,0.0,0.0,0.0,0.0,0.0,0.0,0.0,0.0,0.0,0.0,0.0,0.0,0.0,0.0,0.0,0.0,0.0,0.0,0.0,"(2983, 266.54)","(3060, 358.65)",0.0,0.0,0.0,0.0,0.0,"(2038, 433.96)","(3001, 81.03)",0.0,0.0,0.0,0.0,0.0,"(2353, 159.97)",0.0,0.0,0.0,0.0,0.0,0.0,0.0,0.0,0.0,0.0,0.0,0.0
58,"(567, 72.0)","(22, 75.81)","(363, 82.0)","(446, 82.25)","(377, 94.88)","(423, 102.14)","(1583, 108.78)",0.0,0.0,"(1443, 113.88)","(1329, 115.51)","(1035, 125.57)","(1029, 147.29)",0.0,0.0,0.0,0.0,0.0,"(1403, 150.62)","(1904, 152.63)","(1248, 161.19)","(2765, 169.18)",0.0,0.0,0.0,0.0,0.0,"(1674, 169.9)","(1122, 188.82)",0.0,0.0,0.0,0.0,0.0,0.0,0.0,"(1900, 342.14)",0.0,0.0,0.0,0.0,0.0,0.0,0.0,0.0,"(2619, 246.94)","(941, 315.5)",0.0,0.0,0.0,0.0,0.0,"(3164, 315.5)","(3275, 315.5)",0.0,0.0,0.0,0.0,0.0,"(896, 141.8)","(3119, 141.8)","(3230, 141.8)","(2321, 198.08)",0.0,0.0,0.0,0.0,0.0,0.0,0.0,0.0,0.0
59,"(1184, 72.15)","(990, 72.38)","(1979, 76.83)","(1323, 85.04)","(2939, 93.05)","(1207, 96.0)","(1311, 100.31)",0.0,0.0,"(2935, 101.53)","(1174, 108.2)","(2933, 113.03)","(999, 113.68)","(2749, 118.54)",0.0,0.0,0.0,0.0,"(2466, 134.5)","(1175, 137.92)","(2391, 145.95)","(2403, 149.31)",0.0,0.0,0.0,0.0,0.0,"(1955, 191.72)","(979, 213.38)","(1639, 85.84)",0.0,0.0,0.0,0.0,0.0,0.0,0.0,0.0,0.0,0.0,0.0,0.0,0.0,0.0,0.0,"(2276, 42.9)","(2130, 329.92)","(2334, 159.73)",0.0,0.0,0.0,0.0,"(2136, 331.52)","(75, 228.57)",0.0,0.0,0.0,0.0,0.0,0.0,0.0,0.0,0.0,0.0,0.0,0.0,0.0,0.0,0.0,0.0,0.0,0.0
60,"(386, 63.82)","(2705, 68.0)","(2, 77.17)","(2689, 78.32)","(32, 82.87)","(295, 84.37)","(327, 85.47)","(445, 90.08)",0.0,"(347, 92.92)","(2815, 97.16)","(1609, 101.73)","(1695, 114.23)","(23, 116.65)",0.0,0.0,0.0,0.0,"(2851, 127.32)","(1653, 135.02)","(1658, 162.34)","(29, 190.71)",0.0,0.0,0.0,0.0,0.0,"(2856, 232.38)",0.0,0.0,0.0,0.0,0.0,0.0,0.0,0.0,0.0,0.0,0.0,0.0,0.0,0.0,0.0,0.0,0.0,"(2015, 67.8)","(2111, 309.68)","(2021, 138.8)",0.0,0.0,0.0,0.0,"(960, 143.86)","(3183, 143.86)","(3294, 143.86)",0.0,0.0,0.0,0.0,0.0,0.0,0.0,0.0,0.0,0.0,0.0,0.0,0.0,0.0,0.0,0.0,0.0
61,"(2684, 68.0)","(1579, 81.67)","(549, 86.02)","(1553, 87.22)","(1124, 89.41)","(480, 91.13)","(991, 91.58)",0.0,0.0,"(1010, 95.97)","(483, 105.66)","(993, 106.06)","(2414, 108.51)","(1765, 112.69)","(1720, 97.4)",0.0,0.0,0.0,"(1752, 114.4)","(968, 115.74)","(1763, 117.16)","(2504, 118.01)","(2455, 125.24)",0.0,0.0,0.0,0.0,"(1711, 125.68)","(1089, 126.96)","(498, 139.23)","(997, 141.04)",0.0,0.0,0.0,0.0,0.0,"(2487, 171.28)","(1120, 115.71)",0.0,0.0,0.0,0.0,0.0,0.0,0.0,"(889, 72.93)","(3112, 72.93)","(3223, 72.93)","(2151, 296.45)","(942, 105.73)",0.0,0.0,"(2143, 316.17)","(3165, 105.73)","(3276, 105.73)",0.0,0.0,0.0,0.0,"(2348, 173.27)","(2563, 228.73)",0.0,0.0,0.0,0.0,0.0,0.0,0.0,0.0,0.0,0.0,0.0
62,"(1326, 93.23)","(1700, 99.48)","(1699, 101.12)","(2770, 104.59)","(1027, 112.47)","(136, 112.69)",0.0,0.0,0.0,"(1703, 123.08)","(1210, 136.04)","(198, 141.85)","(2519, 147.24)",0.0,0.0,0.0,0.0,0.0,"(2768, 151.91)","(1607, 236.48)","(3138, 157.3)",0.0,0.0,0.0,0.0,0.0,0.0,"(3249, 157.3)","(2291, 188.17)","(2992, 190.5)",0.0,0.0,0.0,0.0,0.0,0.0,0.0,0.0,0.0,0.0,0.0,0.0,0.0,0.0,0.0,"(3011, 79.77)","(3004, 203.16)","(907, 242.73)",0.0,0.0,0.0,0.0,"(3130, 242.73)","(3241, 242.73)",0.0,0.0,0.0,0.0,0.0,"(3066, 354.26)","(915, 157.3)",0.0,0.0,0.0,0.0,0.0,0.0,0.0,0.0,0.0,0.0,0.0
63,"(2674, 73.02)","(2668, 80.0)","(1980, 88.86)","(314, 90.05)","(361, 99.44)","(2797, 103.54)",0.0,0.0,0.0,"(2840, 108.4)","(1847, 109.13)","(2864, 109.74)","(2807, 115.28)","(1133, 115.31)",0.0,0.0,0.0,0.0,"(2835, 119.9)","(1240, 127.29)","(1314, 129.5)","(1063, 135.62)",0.0,0.0,0.0,0.0,0.0,"(1920, 142.28)","(407, 153.69)","(291, 156.81)","(1975, 166.18)",0.0,0.0,0.0,0.0,0.0,"(1960, 177.13)","(1108, 185.22)","(1143, 167.46)",0.0,0.0,0.0,0.0,0.0,0.0,"(2609, 167.53)","(2274, 121.2)","(2617, 187.12)",0.0,0.0,0.0,0.0,"(2347, 216.89)",0.0,0.0,0.0,0.0,0.0,0.0,0.0,0.0,0.0,0.0,0.0,0.0,0.0,0.0,0.0,0.0,0.0,0.0,0.0
64,"(1085, 64.88)","(2446, 92.15)","(2470, 92.24)","(794, 95.39)","(835, 100.03)","(680, 114.53)",0.0,0.0,0.0,"(2205, 116.36)","(611, 117.19)","(713, 126.92)","(708, 128.75)","(1144, 129.84)",0.0,0.0,0.0,0.0,"(1577, 136.88)","(2452, 147.62)","(1916, 156.44)","(614, 163.18)",0.0,0.0,0.0,0.0,0.0,"(1139, 175.52)","(1047, 177.24)","(1067, 184.03)",0.0,0.0,0.0,0.0,0.0,0.0,"(1019, 196.48)","(1321, 217.01)",0.0,0.0,0.0,0.0,0.0,0.0,0.0,"(2153, 215.83)","(2094, 279.98)",0.0,0.0,0.0,0.0,0.0,"(3019, 158.66)","(2968, 165.87)","(2287, 205.12)",0.0,0.0,0.0,0.0,"(3013, 218.23)","(109, 271.51)",0.0,0.0,0.0,0.0,0.0,0.0,0.0,0.0,0.0,0.0,0.0
65,"(1544, 82.18)","(26, 86.88)","(1605, 88.01)","(2903, 92.97)","(1554, 93.56)","(253, 94.19)","(2897, 85.87)",0.0,0.0,"(297, 104.1)","(1615, 109.45)","(255, 113.43)","(439, 130.68)","(209, 138.95)",0.0,0.0,0.0,0.0,"(213, 176.32)","(620, 178.48)","(1791, 210.0)",0.0,0.0,0.0,0.0,0.0,0.0,"(260, 217.91)","(292, 115.86)",0.0,0.0,0.0,0.0,0.0,0.0,0.0,0.0,0.0,0.0,0.0,0.0,0.0,0.0,0.0,0.0,"(881, 174.93)","(3104, 174.93)","(3215, 174.93)","(2573, 104.67)",0.0,0.0,0.0,"(2098, 302.49)","(2126, 319.08)",0.0,0.0,0.0,0.0,0.0,"(933, 110.13)","(3156, 110.13)","(3267, 110.13)","(2600, 186.3)",0.0,0.0,0.0,0.0,0.0,0.0,0.0,0.0,0.0
66,"(2718, 66.88)","(524, 76.87)","(1584, 78.38)","(501, 94.97)","(519, 99.52)","(617, 102.25)","(526, 102.85)",0.0,0.0,"(1901, 109.23)","(693, 110.07)","(1617, 132.4)","(1690, 132.61)","(1743, 137.22)",0.0,0.0,0.0,0.0,"(612, 139.08)","(1687, 140.96)","(1182, 156.53)","(1832, 158.99)",0.0,0.0,0.0,0.0,0.0,"(2443, 238.72)","(2565, 173.14)","(951, 182.24)",0.0,0.0,0.0,0.0,0.0,0.0,"(3174, 182.24)","(3285, 182.24)","(689, 81.38)",0.0,0.0,0.0,0.0,0.0,0.0,"(920, 180.56)","(3143, 180.56)","(3254, 180.56)",0.0,0.0,0.0,0.0,"(946, 189.69)","(3169, 189.69)","(3280, 189.69)",0.0,0.0,0.0,0.0,"(2047, 314.83)","(2551, 172.8)",0.0,0.0,0.0,0.0,0.0,0.0,0.0,0.0,0.0,0.0,0.0
67,"(1781, 86.4)","(1565, 91.95)","(1597, 108.68)","(664, 112.09)","(1073, 115.15)","(2763, 116.68)",0.0,0.0,0.0,"(1753, 143.85)","(2798, 148.7)","(188, 152.1)","(1206, 154.18)",0.0,0.0,0.0,0.0,0.0,"(178, 163.47)","(2438, 165.0)","(2779, 191.17)",0.0,0.0,0.0,0.0,0.0,0.0,"(1043, 228.35)",0.0,0.0,0.0,0.0,0.0,0.0,0.0,0.0,0.0,0.0,0.0,0.0,0.0,0.0,0.0,0.0,0.0,"(2259, 151.4)","(3015, 275.69)","(2300, 59.73)","(2332, 63.5)",0.0,0.0,0.0,"(2076, 156.7)","(2975, 158.7)","(2275, 182.95)",0.0,0.0,0.0,0.0,0.0,0.0,0.0,0.0,0.0,0.0,0.0,0.0,0.0,0.0,0.0,0.0,0.0
68,"(378, 79.53)","(1616, 89.02)","(455, 96.77)","(1767, 100.58)","(426, 101.74)","(1414, 102.62)",0.0,0.0,0.0,"(1682, 108.22)","(1498, 114.78)","(1008, 137.65)","(30, 138.21)","(1051, 107.2)",0.0,0.0,0.0,0.0,"(1656, 139.02)","(1088, 144.27)","(3048, 154.29)","(1803, 156.99)",0.0,0.0,0.0,0.0,0.0,"(1070, 162.36)","(1932, 190.64)",0.0,0.0,0.0,0.0,0.0,0.0,0.0,"(2892, 466.72)",0.0,0.0,0.0,0.0,0.0,0.0,0.0,0.0,"(2301, 75.4)","(901, 205.64)","(3124, 205.64)","(2244, 55.77)","(858, 83.07)",0.0,0.0,"(3235, 205.64)","(3081, 83.07)","(3192, 83.07)","(2640, 141.37)",0.0,0.0,0.0,0.0,0.0,0.0,0.0,0.0,0.0,0.0,0.0,0.0,0.0,0.0,0.0,0.0
69,"(607, 66.37)","(748, 70.0)","(687, 71.04)","(716, 81.72)","(643, 93.76)","(1324, 99.14)","(756, 106.91)",0.0,0.0,"(2510, 108.64)","(832, 111.14)","(742, 112.27)","(11, 115.72)","(815, 128.4)",0.0,0.0,0.0,0.0,"(2936, 132.61)","(1214, 137.1)","(2517, 152.54)","(382, 160.07)",0.0,0.0,0.0,0.0,0.0,"(1837, 167.68)","(2393, 182.08)","(1824, 196.67)",0.0,0.0,0.0,0.0,0.0,0.0,"(1142, 229.75)","(2918, 247.09)","(670, 119.37)",0.0,0.0,0.0,0.0,0.0,0.0,"(114, 119.97)","(2971, 181.22)","(2230, 244.78)","(107, 67.7)",0.0,0.0,0.0,"(2977, 262.83)","(112, 76.13)","(97, 214.36)",0.0,0.0,0.0,0.0,0.0,0.0,0.0,0.0,0.0,0.0,0.0,0.0,0.0,0.0,0.0,0.0,0.0
70,"(1558, 87.86)","(270, 89.86)","(562, 90.93)","(1744, 96.15)","(2741, 99.13)","(580, 106.28)",0.0,0.0,0.0,"(393, 107.93)","(402, 109.0)","(2894, 112.23)","(2823, 115.12)","(1737, 117.51)",0.0,0.0,0.0,0.0,"(630, 117.99)","(598, 133.27)","(720, 155.31)","(696, 158.26)",0.0,0.0,0.0,0.0,0.0,"(417, 169.14)","(2738, 180.83)","(469, 183.76)",0.0,0.0,0.0,0.0,0.0,0.0,"(274, 185.77)","(224, 232.85)",0.0,0.0,0.0,0.0,0.0,0.0,0.0,"(101, 83.6)","(953, 326.86)","(2604, 88.53)",0.0,0.0,0.0,0.0,"(3176, 326.86)","(2591, 256.12)",0.0,0.0,0.0,0.0,0.0,"(3287, 326.86)","(2601, 297.22)",0.0,0.0,0.0,0.0,0.0,"(1886, 469.5)","(87, 307.84)",0.0,0.0,0.0,0.0
71,"(2708, 32.0)","(603, 48.0)","(2506, 79.0)","(2703, 81.16)","(2691, 82.32)","(479, 84.78)","(2383, 90.28)","(1560, 91.12)",0.0,"(2170, 94.74)","(608, 97.9)","(551, 99.03)","(1416, 99.49)","(1377, 102.2)","(2203, 106.63)",0.0,0.0,0.0,"(1353, 109.92)","(633, 139.49)","(1948, 140.49)","(2490, 144.36)",0.0,0.0,0.0,0.0,0.0,"(1842, 154.72)","(1879, 156.21)","(1889, 162.72)","(544, 124.81)",0.0,0.0,0.0,0.0,0.0,"(2165, 238.42)","(1504, 125.99)",0.0,0.0,0.0,0.0,0.0,0.0,0.0,"(2645, 174.06)","(2576, 62.6)","(949, 74.53)","(3172, 74.53)","(3283, 74.53)","(959, 75.93)","(3182, 75.93)","(3293, 75.93)","(2643, 94.1)","(2535, 103.1)","(2537, 142.83)","(2314, 207.38)",0.0,0.0,"(90, 330.05)",0.0,0.0,0.0,0.0,0.0,0.0,0.0,0.0,0.0,0.0,0.0,0.0
72,"(1430, 81.14)","(2707, 81.56)","(1417, 92.81)","(797, 95.94)","(148, 105.34)","(1507, 107.15)",0.0,0.0,0.0,"(200, 109.54)","(1016, 111.97)","(1192, 122.92)","(1318, 137.64)","(822, 150.48)",0.0,0.0,0.0,0.0,"(1064, 159.09)","(1394, 161.36)","(168, 164.33)",0.0,0.0,0.0,0.0,0.0,0.0,"(2752, 168.22)","(2775, 186.36)","(1280, 189.33)",0.0,0.0,0.0,0.0,0.0,0.0,"(1050, 191.4)","(195, 208.09)","(2744, 212.72)",0.0,0.0,0.0,0.0,0.0,0.0,"(2071, 193.55)","(2993, 271.71)",0.0,0.0,0.0,0.0,0.0,"(2367, 273.54)","(958, 332.68)",0.0,0.0,0.0,0.0,0.0,"(3181, 332.68)","(3012, 202.1)",0.0,0.0,0.0,0.0,0.0,"(3292, 332.68)","(2155, 416.47)","(1187, 634.8)",0.0,0.0,0.0
73,"(1918, 72.4)","(1805, 81.97)","(396, 82.67)","(451, 88.62)","(357, 91.83)","(1573, 96.25)","(374, 103.11)",0.0,0.0,"(390, 110.32)","(1895, 110.63)","(1126, 121.53)","(400, 122.96)","(2803, 127.48)",0.0,0.0,0.0,0.0,"(1021, 128.0)","(2867, 131.06)","(1062, 145.38)","(2846, 170.54)",0.0,0.0,0.0,0.0,0.0,"(824, 180.23)","(2186, 189.6)","(948, 142.13)",0.0,0.0,0.0,0.0,0.0,0.0,"(1203, 275.24)","(3171, 142.13)","(3282, 142.13)",0.0,0.0,0.0,0.0,0.0,0.0,"(2322, 222.79)","(2558, 282.58)","(910, 103.17)",0.0,0.0,0.0,0.0,"(952, 366.35)","(3133, 103.17)","(3244, 103.17)",0.0,0.0,0.0,0.0,"(3175, 366.35)","(88, 127.1)",0.0,0.0,0.0,0.0,0.0,"(3286, 366.35)","(2623, 151.57)","(2265, 184.98)",0.0,0.0,0.0
74,"(694, 76.58)","(813, 77.65)","(2420, 82.73)","(2445, 82.82)","(640, 83.24)","(2475, 87.97)","(2481, 101.43)",0.0,0.0,"(1100, 106.05)","(2464, 106.32)","(807, 107.31)","(774, 126.64)","(1265, 126.81)",0.0,0.0,0.0,0.0,"(1170, 127.92)","(839, 128.76)","(1109, 133.31)","(743, 142.92)",0.0,0.0,0.0,0.0,0.0,"(1102, 148.61)","(2512, 162.11)","(582, 188.88)","(659, 109.09)",0.0,0.0,0.0,0.0,0.0,"(1155, 190.21)","(1199, 202.99)",0.0,0.0,0.0,0.0,0.0,0.0,0.0,"(2158, 171.09)","(2974, 240.71)","(103, 160.5)",0.0,0.0,0.0,0.0,"(2083, 273.63)","(2256, 171.45)","(2987, 175.0)",0.0,0.0,0.0,0.0,"(113, 182.65)","(3017, 201.76)",0.0,0.0,0.0,0.0,0.0,"(1106, 266.92)",0.0,0.0,0.0,0.0,0.0
75,"(2910, 60.0)","(1890, 69.46)","(301, 77.0)","(570, 92.16)","(336, 92.87)","(233, 99.01)","(2909, 102.71)",0.0,0.0,"(2899, 103.06)","(353, 110.74)","(348, 114.19)","(239, 129.87)","(214, 132.14)",0.0,0.0,0.0,0.0,"(2914, 133.03)","(848, 138.32)","(2812, 167.0)","(2606, 171.12)",0.0,0.0,0.0,0.0,0.0,"(2850, 379.84)",0.0,0.0,0.0,0.0,0.0,0.0,0.0,0.0,0.0,0.0,0.0,0.0,0.0,0.0,0.0,0.0,0.0,"(856, 229.98)","(3079, 229.98)","(1996, 100.37)",0.0,0.0,0.0,0.0,"(3190, 229.98)","(2159, 260.64)","(60, 105.3)",0.0,0.0,0.0,0.0,"(2160, 314.04)","(94, 152.7)",0.0,0.0,0.0,0.0,0.0,"(872, 393.5)","(3095, 393.5)","(3206, 393.5)",0.0,0.0,0.0
76,"(2706, 52.0)","(1665, 83.26)","(2376, 84.25)","(2678, 86.34)","(2688, 89.98)","(627, 91.11)","(704, 96.71)",0.0,0.0,"(1747, 101.34)","(552, 102.24)","(660, 108.81)","(485, 110.07)","(499, 110.78)",0.0,0.0,0.0,0.0,"(1925, 114.63)","(1651, 129.36)","(1869, 133.81)","(1954, 147.26)","(1657, 107.11)",0.0,0.0,0.0,0.0,"(2459, 153.54)","(690, 189.66)","(2379, 195.82)",0.0,0.0,0.0,0.0,0.0,0.0,"(1843, 206.95)",0.0,0.0,0.0,0.0,0.0,0.0,0.0,0.0,"(2542, 230.39)","(2078, 277.38)",0.0,0.0,0.0,0.0,0.0,"(2655, 171.36)",0.0,0.0,0.0,0.0,0.0,0.0,0.0,0.0,0.0,0.0,0.0,0.0,0.0,0.0,0.0,0.0,0.0,0.0,0.0
77,"(1, 93.98)","(144, 94.11)","(3036, 94.63)","(163, 96.24)","(14, 107.53)","(1231, 111.74)",0.0,0.0,0.0,"(3043, 112.38)","(1683, 114.53)","(187, 121.56)","(3040, 124.81)","(2696, 129.63)",0.0,0.0,0.0,0.0,"(2776, 130.2)","(2793, 132.49)","(1758, 150.53)","(2783, 169.58)",0.0,0.0,0.0,0.0,0.0,"(1688, 174.96)","(1623, 111.33)","(134, 151.95)",0.0,0.0,0.0,0.0,0.0,0.0,0.0,0.0,0.0,0.0,0.0,0.0,0.0,0.0,0.0,"(2095, 291.8)","(2105, 157.99)","(2572, 158.3)",0.0,0.0,0.0,0.0,"(2969, 363.02)",0.0,0.0,0.0,0.0,0.0,0.0,0.0,0.0,0.0,0.0,0.0,0.0,0.0,0.0,0.0,0.0,0.0,0.0,0.0
78,"(58, 54.0)","(2924, 75.52)","(2944, 86.53)","(1111, 95.81)","(2930, 99.96)","(2907, 104.65)","(1054, 106.65)",0.0,0.0,"(1676, 121.0)","(1928, 122.04)","(2906, 124.97)","(1962, 128.91)","(1821, 133.16)",0.0,0.0,0.0,0.0,"(1596, 174.39)","(3, 182.62)","(1128, 190.83)","(1679, 83.58)",0.0,0.0,0.0,0.0,0.0,"(2937, 334.53)",0.0,0.0,0.0,0.0,0.0,0.0,0.0,0.0,0.0,0.0,0.0,0.0,0.0,0.0,0.0,0.0,0.0,"(100, 123.6)","(2648, 164.09)","(79, 173.3)",0.0,0.0,0.0,0.0,"(2310, 177.72)","(2242, 219.82)",0.0,0.0,0.0,0.0,0.0,0.0,0.0,0.0,0.0,0.0,0.0,0.0,0.0,0.0,0.0,0.0,0.0,0.0
79,"(2491, 59.62)","(2929, 88.41)","(985, 94.32)","(1000, 101.66)","(2905, 106.92)","(2377, 110.0)",0.0,0.0,0.0,"(600, 113.03)","(2942, 115.83)","(2397, 123.43)","(672, 149.14)",0.0,0.0,0.0,0.0,0.0,"(787, 163.03)","(1105, 170.01)","(769, 202.46)",0.0,0.0,0.0,0.0,0.0,0.0,0.0,0.0,0.0,0.0,0.0,0.0,0.0,0.0,0.0,0.0,0.0,0.0,0.0,0.0,0.0,0.0,0.0,0.0,"(2050, 251.31)","(2108, 368.09)",0.0,0.0,0.0,0.0,0.0,"(2955, 438.94)","(96, 80.2)","(2661, 107.23)",0.0,0.0,0.0,0.0,0.0,0.0,0.0,0.0,0.0,0.0,0.0,0.0,0.0,0.0,0.0,0.0,0.0
80,"(1662, 80.3)","(2211, 100.49)","(744, 108.33)","(2915, 109.21)","(784, 123.76)",0.0,0.0,0.0,0.0,"(268, 128.5)","(284, 138.33)","(1712, 140.81)","(697, 142.8)",0.0,0.0,0.0,0.0,0.0,"(471, 164.97)","(2921, 168.71)","(206, 181.59)",0.0,0.0,0.0,0.0,0.0,0.0,"(783, 183.46)","(2904, 255.95)",0.0,0.0,0.0,0.0,0.0,0.0,0.0,"(1994, 236.93)",0.0,0.0,0.0,0.0,0.0,0.0,0.0,0.0,"(2067, 337.82)","(1985, 78.97)","(2019, 100.33)",0.0,0.0,0.0,0.0,"(2163, 367.85)","(2599, 186.43)",0.0,0.0,0.0,0.0,0.0,"(80, 194.27)","(2007, 210.06)",0.0,0.0,0.0,0.0,0.0,0.0,0.0,0.0,0.0,0.0,0.0
81,"(2710, 48.0)","(2677, 73.34)","(1561, 77.26)","(543, 77.82)","(527, 83.52)","(488, 84.42)","(2222, 89.31)","(520, 92.26)",0.0,"(1816, 100.93)","(827, 102.14)","(776, 105.67)","(2210, 106.94)","(2180, 109.28)",0.0,0.0,0.0,0.0,"(2436, 113.95)","(777, 120.66)","(1828, 121.96)","(2385, 132.08)","(473, 132.98)",0.0,0.0,0.0,0.0,"(723, 137.49)","(2169, 141.46)","(2415, 183.21)",0.0,0.0,0.0,0.0,0.0,0.0,"(1808, 190.65)","(1866, 249.57)",0.0,0.0,0.0,0.0,0.0,0.0,0.0,"(861, 178.85)","(3084, 178.85)","(3195, 178.85)","(2533, 76.03)",0.0,0.0,0.0,"(2239, 241.28)","(2149, 318.71)",0.0,0.0,0.0,0.0,0.0,"(2566, 380.37)","(2527, 176.7)",0.0,0.0,0.0,0.0,0.0,"(489, 252.61)","(2103, 417.94)",0.0,0.0,0.0,0.0
82,"(1604, 79.83)","(205, 80.42)","(133, 92.06)","(1632, 102.7)","(741, 104.32)","(1659, 108.16)",0.0,0.0,0.0,"(1620, 114.25)","(154, 116.32)","(1707, 116.88)","(166, 132.16)","(737, 138.32)",0.0,0.0,0.0,0.0,"(1145, 138.73)","(1734, 139.84)","(762, 155.15)","(1830, 155.49)",0.0,0.0,0.0,0.0,0.0,"(131, 163.26)","(1245, 182.72)","(3092, 165.06)",0.0,0.0,0.0,0.0,0.0,0.0,"(1028, 381.74)","(3203, 165.06)",0.0,0.0,0.0,0.0,0.0,0.0,0.0,"(934, 209.99)","(3157, 209.99)","(3268, 209.99)",0.0,0.0,0.0,0.0,"(2031, 288.67)","(2255, 102.7)","(2307, 148.8)",0.0,0.0,0.0,0.0,"(2085, 359.46)","(869, 165.06)",0.0,0.0,0.0,0.0,0.0,"(2985, 371.1)",0.0,0.0,0.0,0.0,0.0
83,"(366, 72.22)","(309, 77.96)","(350, 78.55)","(410, 85.08)","(2862, 86.5)","(2885, 99.07)","(50, 102.34)",0.0,0.0,"(1013, 103.73)","(290, 114.42)","(1303, 114.84)","(330, 118.85)","(3051, 124.0)",0.0,0.0,0.0,0.0,"(42, 131.89)","(1823, 142.43)","(1219, 151.02)","(31, 157.16)",0.0,0.0,0.0,0.0,0.0,"(1018, 160.13)","(1331, 160.51)","(1952, 208.53)",0.0,0.0,0.0,0.0,0.0,0.0,"(38, 260.76)","(1967, 311.29)",0.0,0.0,0.0,0.0,0.0,0.0,0.0,"(2331, 69.83)","(1989, 233.12)","(2641, 294.29)",0.0,0.0,0.0,0.0,"(2292, 139.17)","(2251, 157.55)","(65, 172.07)",0.0,0.0,0.0,0.0,"(943, 178.34)","(3166, 178.34)","(3277, 178.34)",0.0,0.0,0.0,0.0,"(754, 364.75)","(938, 210.32)","(3161, 210.32)","(3272, 210.32)",0.0,0.0
84,"(2409, 91.82)","(1009, 93.06)","(1875, 97.51)","(2501, 98.71)","(1893, 101.61)","(1284, 103.72)",0.0,0.0,0.0,"(1081, 103.73)","(2401, 109.74)","(1939, 110.16)","(2439, 110.69)","(2453, 118.21)",0.0,0.0,0.0,0.0,"(1110, 128.94)","(1333, 129.18)","(1023, 130.48)","(1930, 131.6)",0.0,0.0,0.0,0.0,0.0,"(649, 141.08)","(1838, 143.32)","(1208, 154.46)","(2495, 154.61)",0.0,0.0,0.0,0.0,0.0,"(1908, 159.48)","(597, 166.0)","(1141, 217.13)",0.0,0.0,0.0,0.0,0.0,0.0,"(77, 31.93)","(2979, 223.88)","(2062, 293.1)",0.0,0.0,0.0,0.0,"(2129, 307.49)","(2266, 191.12)",0.0,0.0,0.0,0.0,0.0,"(2984, 398.74)",0.0,0.0,0.0,0.0,0.0,0.0,"(717, 278.3)","(2356, 510.14)",0.0,0.0,0.0,0.0
85,"(462, 67.99)","(1708, 79.72)","(419, 81.66)","(2877, 90.58)","(275, 94.55)","(1696, 106.14)","(217, 106.44)",0.0,0.0,"(2841, 117.41)","(1766, 117.49)","(1252, 117.68)","(2819, 117.98)","(340, 124.68)",0.0,0.0,0.0,0.0,"(1641, 133.24)","(2821, 138.83)","(2838, 145.37)","(1238, 164.3)",0.0,0.0,0.0,0.0,0.0,"(1246, 165.82)","(220, 186.16)","(1599, 255.33)",0.0,0.0,0.0,0.0,0.0,0.0,"(278, 184.77)",0.0,0.0,0.0,0.0,0.0,0.0,0.0,0.0,"(3007, 192.75)","(2107, 276.22)","(2589, 147.27)",0.0,0.0,0.0,0.0,"(3000, 282.24)","(2069, 319.04)",0.0,0.0,0.0,0.0,0.0,"(2010, 188.32)","(2580, 208.73)",0.0,0.0,0.0,0.0,0.0,0.0,0.0,0.0,0.0,0.0,0.0
86,"(1491, 68.52)","(1448, 72.0)","(2721, 72.58)","(534, 77.27)","(2693, 78.0)","(1405, 80.76)","(605, 82.95)","(486, 85.08)",0.0,"(504, 95.68)","(638, 97.52)","(1415, 97.93)","(34, 98.75)","(591, 104.83)","(2224, 105.18)",0.0,0.0,0.0,"(2177, 105.83)","(1363, 107.21)","(547, 114.09)","(2223, 120.11)","(1526, 136.89)",0.0,0.0,0.0,0.0,"(1404, 149.72)","(521, 151.74)","(2206, 158.11)","(1867, 160.23)",0.0,0.0,0.0,0.0,0.0,"(2214, 199.49)","(1885, 252.09)",0.0,0.0,0.0,0.0,0.0,0.0,0.0,"(916, 205.71)","(3139, 205.71)","(3250, 205.71)",0.0,0.0,0.0,0.0,"(2534, 155.17)","(936, 171.21)","(3159, 171.21)",0.0,0.0,0.0,0.0,"(3270, 171.21)","(74, 198.83)",0.0,0.0,0.0,0.0,0.0,"(1969, 302.99)",0.0,0.0,0.0,0.0,0.0
87,"(1480, 91.41)","(1233, 98.61)","(1381, 105.13)","(1212, 113.32)","(1630, 117.4)",0.0,0.0,0.0,0.0,"(1283, 138.0)","(1723, 142.43)","(758, 145.26)","(1968, 167.49)",0.0,0.0,0.0,0.0,0.0,"(2791, 177.26)","(199, 186.06)","(140, 201.05)",0.0,0.0,0.0,0.0,0.0,0.0,"(823, 272.15)",0.0,0.0,0.0,0.0,0.0,0.0,0.0,0.0,0.0,0.0,0.0,0.0,0.0,0.0,0.0,0.0,0.0,"(868, 131.5)","(3091, 131.5)","(3202, 131.5)","(2608, 164.0)",0.0,0.0,0.0,"(955, 164.28)","(3178, 164.28)","(3289, 164.28)",0.0,0.0,0.0,0.0,0.0,0.0,0.0,0.0,0.0,0.0,0.0,0.0,0.0,0.0,0.0,0.0,0.0
88,"(1279, 71.7)","(1482, 87.41)","(2855, 91.04)","(1468, 94.9)","(398, 97.38)","(2884, 110.28)",0.0,0.0,0.0,"(1949, 115.22)","(2804, 131.88)","(47, 132.23)","(1818, 140.34)",0.0,0.0,0.0,0.0,0.0,"(1856, 141.08)","(415, 142.43)","(1138, 142.85)","(1151, 150.96)",0.0,0.0,0.0,0.0,0.0,"(21, 153.24)","(1058, 228.07)",0.0,0.0,0.0,0.0,0.0,0.0,0.0,0.0,0.0,0.0,0.0,0.0,0.0,0.0,0.0,0.0,"(2631, 214.53)",0.0,0.0,0.0,0.0,0.0,0.0,0.0,0.0,0.0,0.0,0.0,0.0,0.0,0.0,0.0,0.0,0.0,0.0,0.0,0.0,0.0,0.0,0.0,0.0,0.0,0.0
89,"(973, 73.06)","(601, 85.08)","(1281, 91.55)","(2419, 95.78)","(1223, 97.85)","(800, 101.8)",0.0,0.0,0.0,"(1003, 105.79)","(992, 111.3)","(1336, 112.73)","(961, 116.96)","(719, 124.97)",0.0,0.0,0.0,0.0,"(1822, 128.22)","(773, 137.18)","(971, 140.6)","(2482, 144.11)",0.0,0.0,0.0,0.0,0.0,"(2374, 149.89)","(676, 198.09)",0.0,0.0,0.0,0.0,0.0,0.0,0.0,0.0,0.0,0.0,0.0,0.0,0.0,0.0,0.0,0.0,"(2633, 168.9)",0.0,0.0,0.0,0.0,0.0,0.0,0.0,0.0,0.0,0.0,0.0,0.0,0.0,0.0,0.0,0.0,0.0,0.0,0.0,0.0,0.0,0.0,0.0,0.0,0.0,0.0
90,"(1547, 62.0)","(829, 74.96)","(2709, 81.53)","(395, 86.34)","(282, 99.04)","(1784, 105.24)","(1132, 108.46)",0.0,0.0,"(1771, 132.59)","(1136, 171.7)","(789, 196.03)","(1629, 133.97)",0.0,0.0,0.0,0.0,0.0,"(421, 634.8)",0.0,0.0,0.0,0.0,0.0,0.0,0.0,0.0,"(281, 140.96)","(467, 142.03)",0.0,0.0,0.0,0.0,0.0,0.0,0.0,0.0,0.0,0.0,0.0,0.0,0.0,0.0,0.0,0.0,"(2637, 149.03)",0.0,0.0,0.0,0.0,0.0,0.0,0.0,0.0,0.0,0.0,0.0,0.0,0.0,0.0,0.0,0.0,0.0,0.0,0.0,0.0,0.0,0.0,0.0,0.0,0.0,0.0
91,"(546, 8.0)","(1872, 85.89)","(522, 87.15)","(536, 101.8)","(505, 105.64)","(1564, 108.21)","(2720, 112.02)",0.0,0.0,"(645, 114.09)","(668, 121.39)","(1951, 121.81)","(2174, 123.98)","(2198, 125.02)",0.0,0.0,0.0,0.0,"(646, 131.78)","(1891, 133.23)","(2204, 136.49)","(1370, 149.81)",0.0,0.0,0.0,0.0,0.0,"(1410, 157.63)","(1427, 163.15)","(1851, 177.05)","(1807, 127.39)",0.0,0.0,0.0,0.0,0.0,"(2423, 214.97)","(2530, 180.6)","(2346, 191.54)",0.0,0.0,0.0,0.0,0.0,0.0,"(926, 211.02)","(3149, 211.02)","(3260, 211.02)",0.0,0.0,0.0,0.0,"(2152, 329.26)","(2554, 106.07)","(2286, 148.6)",0.0,0.0,0.0,0.0,"(2110, 382.67)","(2562, 161.4)",0.0,0.0,0.0,0.0,0.0,0.0,0.0,0.0,0.0,0.0,0.0
92,"(1271, 74.11)","(2890, 80.68)","(1400, 80.82)","(1391, 87.84)","(1591, 95.33)","(1434, 112.35)","(1780, 74.0)",0.0,0.0,"(1628, 122.95)","(1510, 130.78)","(2748, 162.84)","(1149, 165.87)",0.0,0.0,0.0,0.0,0.0,"(1275, 140.3)",0.0,0.0,0.0,0.0,0.0,0.0,0.0,0.0,0.0,0.0,0.0,0.0,0.0,0.0,0.0,0.0,0.0,0.0,0.0,0.0,0.0,0.0,0.0,0.0,0.0,0.0,"(2226, 196.5)","(2089, 250.24)","(2952, 175.31)",0.0,0.0,0.0,0.0,"(3056, 438.05)",0.0,0.0,0.0,0.0,0.0,0.0,0.0,0.0,0.0,0.0,0.0,0.0,0.0,0.0,0.0,0.0,0.0,0.0,0.0
93,"(3045, 74.68)","(2723, 78.49)","(322, 84.52)","(1364, 84.99)","(2769, 87.45)","(2790, 105.3)","(1375, 106.5)",0.0,0.0,"(57, 110.27)","(381, 110.6)","(1813, 113.67)","(306, 113.91)","(1637, 118.55)",0.0,0.0,0.0,0.0,"(1643, 140.88)","(452, 147.54)","(1931, 167.94)","(1037, 167.96)",0.0,0.0,0.0,0.0,0.0,"(1722, 185.73)","(2834, 292.67)",0.0,0.0,0.0,0.0,0.0,0.0,0.0,"(1906, 327.38)",0.0,0.0,0.0,0.0,0.0,0.0,0.0,0.0,"(1984, 0.03)","(924, 269.37)","(3147, 269.37)",0.0,0.0,0.0,0.0,"(3258, 269.37)","(2360, 128.52)","(2311, 158.2)",0.0,0.0,0.0,0.0,"(2624, 186.4)","(2636, 190.53)",0.0,0.0,0.0,0.0,0.0,0.0,0.0,0.0,0.0,0.0,0.0
94,"(12, 69.68)","(9, 86.0)","(33, 90.0)","(1282, 94.34)","(13, 98.56)","(5, 98.78)",0.0,0.0,0.0,"(2499, 100.27)","(1299, 104.81)","(790, 110.39)","(673, 112.36)","(675, 116.75)",0.0,0.0,0.0,0.0,"(1328, 119.83)","(622, 123.28)","(2454, 137.49)","(1261, 144.23)",0.0,0.0,0.0,0.0,0.0,"(781, 144.39)","(2451, 152.5)","(1258, 155.2)","(2492, 175.59)",0.0,0.0,0.0,0.0,0.0,"(809, 178.27)","(2478, 186.08)","(1298, 192.25)",0.0,0.0,0.0,0.0,0.0,0.0,"(2357, 193.17)","(2649, 203.54)","(2299, 183.86)",0.0,0.0,0.0,0.0,"(2227, 267.73)","(2092, 279.06)",0.0,0.0,0.0,0.0,0.0,"(3016, 372.14)",0.0,0.0,0.0,0.0,0.0,0.0,"(739, 237.91)",0.0,0.0,0.0,0.0,0.0
95,"(2702, 46.0)","(317, 81.28)","(2830, 85.92)","(321, 93.59)","(760, 93.67)","(263, 95.51)","(294, 97.33)",0.0,0.0,"(1798, 101.93)","(242, 105.98)","(433, 106.35)","(1678, 106.61)","(2876, 112.9)",0.0,0.0,0.0,0.0,"(1787, 118.16)","(2852, 118.35)","(249, 128.5)","(2831, 129.26)","(246, 132.53)",0.0,0.0,0.0,0.0,"(763, 134.44)","(223, 145.03)","(406, 150.37)","(2820, 161.93)",0.0,0.0,0.0,0.0,0.0,"(1706, 177.13)","(2123, 134.27)","(2579, 144.03)","(1080, 101.51)",0.0,0.0,0.0,0.0,0.0,"(855, 186.44)","(3078, 186.44)","(3189, 186.44)",0.0,0.0,0.0,0.0,"(2586, 199.59)","(918, 308.49)",0.0,0.0,0.0,0.0,0.0,"(3141, 308.49)","(3252, 308.49)",0.0,0.0,0.0,0.0,0.0,"(2013, 181.42)","(2022, 211.89)",0.0,0.0,0.0,0.0
96,"(1941, 90.0)","(2178, 91.53)","(1521, 92.75)","(634, 100.12)","(626, 101.13)","(1481, 103.26)",0.0,0.0,0.0,"(1354, 103.8)","(2221, 104.59)","(2175, 110.51)","(2189, 122.39)","(636, 128.09)",0.0,0.0,0.0,0.0,"(2188, 144.99)","(1506, 147.14)","(1863, 150.19)","(2208, 151.61)",0.0,0.0,0.0,0.0,0.0,"(1905, 167.81)","(1921, 182.41)","(1433, 199.56)",0.0,0.0,0.0,0.0,0.0,0.0,"(718, 234.83)",0.0,0.0,0.0,0.0,0.0,0.0,0.0,0.0,"(2115, 308.76)","(2073, 311.94)",0.0,0.0,0.0,0.0,0.0,"(890, 71.47)","(3113, 71.47)","(3224, 71.47)","(2521, 150.33)","(2635, 187.0)",0.0,0.0,0.0,0.0,0.0,0.0,0.0,0.0,0.0,0.0,0.0,0.0,0.0,0.0,0.0
97,"(171, 88.06)","(170, 93.1)","(169, 93.21)","(1112, 97.85)","(1746, 104.32)","(1749, 108.18)",0.0,0.0,0.0,"(1671, 109.02)","(1113, 109.16)","(1216, 109.67)","(1795, 112.7)","(203, 116.58)",0.0,0.0,0.0,0.0,"(2782, 118.28)","(1172, 119.38)","(1325, 123.74)","(1449, 124.15)","(2777, 124.61)",0.0,0.0,0.0,0.0,"(2773, 137.69)","(2786, 138.4)","(1479, 148.73)","(2772, 151.99)",0.0,0.0,0.0,0.0,0.0,"(1078, 164.05)","(1173, 165.06)","(158, 166.21)",0.0,0.0,0.0,0.0,0.0,0.0,"(2150, 228.05)","(2947, 243.16)","(3008, 90.57)",0.0,0.0,0.0,0.0,"(3071, 258.16)","(945, 314.24)",0.0,0.0,0.0,0.0,0.0,"(3168, 314.24)","(3279, 314.24)",0.0,0.0,0.0,0.0,0.0,"(1006, 172.59)","(2074, 317.55)","(2986, 154.72)",0.0,0.0,0.0
98,"(1959, 70.0)","(1801, 96.59)","(1522, 96.7)","(1397, 103.22)","(1508, 110.8)","(15, 113.76)",0.0,0.0,0.0,"(1197, 124.24)","(1274, 134.93)","(345, 135.39)","(1300, 146.86)",0.0,0.0,0.0,0.0,0.0,"(1083, 158.02)","(1068, 171.9)","(3049, 180.73)",0.0,0.0,0.0,0.0,0.0,0.0,"(2853, 184.44)","(778, 185.59)","(1848, 200.2)",0.0,0.0,0.0,0.0,0.0,0.0,"(2308, 310.91)",0.0,0.0,0.0,0.0,0.0,0.0,0.0,0.0,"(2949, 282.06)","(878, 311.38)",0.0,0.0,0.0,0.0,0.0,"(3101, 311.38)","(3212, 311.38)",0.0,0.0,0.0,0.0,0.0,"(876, 322.79)","(2293, 78.13)","(2240, 182.69)",0.0,0.0,0.0,0.0,"(3099, 322.79)","(3210, 322.79)",0.0,0.0,0.0,0.0
99,"(576, 66.0)","(2898, 81.35)","(806, 87.27)","(1166, 91.21)","(2925, 100.46)","(725, 100.95)","(604, 102.0)",0.0,0.0,"(831, 104.76)","(702, 108.35)","(1158, 113.05)","(2920, 120.11)","(1161, 129.41)",0.0,0.0,0.0,0.0,"(1929, 133.12)","(671, 133.53)","(2926, 144.76)","(764, 206.22)",0.0,0.0,0.0,0.0,0.0,"(1072, 259.58)","(811, 320.68)",0.0,0.0,0.0,0.0,0.0,0.0,0.0,"(2923, 143.52)",0.0,0.0,0.0,0.0,0.0,0.0,0.0,0.0,"(2120, 236.15)","(2135, 259.34)",0.0,0.0,0.0,0.0,0.0,"(2997, 326.34)","(2278, 165.68)",0.0,0.0,0.0,0.0,0.0,0.0,0.0,0.0,0.0,0.0,0.0,0.0,0.0,0.0,0.0,0.0,0.0,0.0
100,"(387, 87.76)","(2839, 91.15)","(312, 91.25)","(1603, 97.27)","(289, 98.21)","(319, 98.22)",0.0,0.0,0.0,"(653, 100.0)","(1779, 104.79)","(2865, 106.81)","(2727, 107.82)","(703, 114.43)",0.0,0.0,0.0,0.0,"(2737, 118.07)","(1750, 125.47)","(724, 158.08)","(1820, 176.09)",0.0,0.0,0.0,0.0,0.0,"(1647, 177.33)","(616, 210.21)","(749, 243.2)",0.0,0.0,0.0,0.0,0.0,0.0,"(83, 191.1)","(1999, 192.25)","(70, 212.65)",0.0,0.0,0.0,0.0,0.0,0.0,"(2017, 44.47)","(887, 268.03)","(3110, 268.03)",0.0,0.0,0.0,0.0,"(3221, 268.03)","(2097, 273.06)",0.0,0.0,0.0,0.0,0.0,"(2057, 312.19)","(2024, 166.06)",0.0,0.0,0.0,0.0,0.0,0.0,0.0,0.0,0.0,0.0,0.0
101,"(1958, 125.04)","(1971, 139.7)","(1809, 145.95)","(1831, 111.37)",0.0,0.0,0.0,0.0,0.0,0.0,0.0,0.0,0.0,0.0,0.0,0.0,0.0,0.0,0.0,0.0,0.0,0.0,0.0,0.0,0.0,0.0,0.0,0.0,0.0,0.0,0.0,0.0,0.0,0.0,0.0,0.0,0.0,0.0,0.0,0.0,0.0,0.0,0.0,0.0,0.0,0.0,0.0,0.0,0.0,0.0,0.0,0.0,0.0,0.0,0.0,0.0,0.0,0.0,0.0,0.0,0.0,0.0,0.0,0.0,0.0,0.0,0.0,0.0,0.0,0.0,0.0,0.0
102,"(2694, 65.87)","(1467, 97.0)","(121, 97.56)","(1378, 102.6)","(3024, 104.36)","(1436, 107.02)",0.0,0.0,0.0,"(3026, 110.23)","(128, 111.22)","(1516, 116.95)","(1440, 121.53)","(194, 121.56)",0.0,0.0,0.0,0.0,"(1663, 138.27)","(3038, 151.04)","(1594, 159.83)","(3037, 176.89)",0.0,0.0,0.0,0.0,0.0,"(139, 181.49)","(3031, 185.6)","(1715, 223.02)",0.0,0.0,0.0,0.0,0.0,0.0,"(2848, 246.56)","(843, 267.06)",0.0,0.0,0.0,0.0,0.0,0.0,0.0,"(2999, 108.5)","(2077, 297.4)","(2249, 195.1)",0.0,0.0,0.0,0.0,"(2036, 310.42)",0.0,0.0,0.0,0.0,0.0,0.0,"(3069, 395.62)",0.0,0.0,0.0,0.0,0.0,0.0,"(2869, 310.99)",0.0,0.0,0.0,0.0,0.0
103,"(566, 76.0)","(438, 80.51)","(1376, 81.98)","(2860, 92.16)","(1343, 93.13)","(573, 94.21)","(288, 95.2)",0.0,0.0,"(2912, 103.24)","(441, 112.29)","(2931, 112.33)","(2916, 113.14)","(2854, 146.94)",0.0,0.0,0.0,0.0,"(8, 148.85)","(2813, 218.64)","(1371, 103.8)",0.0,0.0,0.0,0.0,0.0,0.0,0.0,0.0,0.0,0.0,0.0,0.0,0.0,0.0,0.0,0.0,0.0,0.0,0.0,0.0,0.0,0.0,0.0,0.0,"(2268, 24.3)","(2650, 157.24)","(914, 230.86)","(2245, 107.2)",0.0,0.0,0.0,"(3137, 230.86)","(3248, 230.86)",0.0,0.0,0.0,0.0,0.0,"(929, 359.95)","(2234, 187.37)",0.0,0.0,0.0,0.0,0.0,"(3152, 359.95)","(3263, 359.95)",0.0,0.0,0.0,0.0
104,"(1492, 91.58)","(3029, 104.23)","(1444, 105.6)","(981, 110.96)","(1002, 111.83)","(975, 101.72)",0.0,0.0,0.0,"(967, 116.15)","(3042, 116.75)","(989, 119.73)","(1478, 127.62)","(232, 132.33)",0.0,0.0,0.0,0.0,"(3033, 133.02)","(210, 135.03)","(251, 144.34)","(3034, 160.06)",0.0,0.0,0.0,0.0,0.0,0.0,0.0,0.0,0.0,0.0,0.0,0.0,0.0,0.0,0.0,0.0,0.0,0.0,0.0,0.0,0.0,0.0,0.0,"(2279, 24.93)","(2124, 249.95)","(2964, 287.76)",0.0,0.0,0.0,0.0,"(2261, 95.17)","(2316, 152.13)","(2277, 154.63)",0.0,0.0,0.0,0.0,0.0,0.0,0.0,0.0,0.0,0.0,0.0,0.0,0.0,0.0,0.0,0.0,0.0
105,"(229, 80.57)","(394, 87.5)","(375, 91.48)","(1727, 94.51)","(307, 104.91)","(435, 105.23)",0.0,0.0,0.0,"(219, 120.62)","(2873, 134.19)","(405, 136.54)","(257, 139.29)",0.0,0.0,0.0,0.0,0.0,"(1626, 152.64)","(2858, 167.89)","(472, 192.88)",0.0,0.0,0.0,0.0,0.0,0.0,"(2934, 217.01)","(2742, 241.48)",0.0,0.0,0.0,0.0,0.0,0.0,0.0,"(237, 256.1)",0.0,0.0,0.0,0.0,0.0,0.0,0.0,0.0,"(71, 12.3)","(68, 21.53)","(2592, 123.0)","(108, 167.51)","(2086, 262.32)",0.0,0.0,"(904, 280.9)","(3127, 280.9)",0.0,0.0,0.0,0.0,0.0,"(3238, 280.9)","(2088, 285.22)",0.0,0.0,0.0,0.0,0.0,"(875, 340.29)","(3098, 340.29)","(3209, 340.29)",0.0,0.0,0.0
106,"(515, 54.0)","(2729, 54.0)","(2701, 60.0)","(525, 65.67)","(1542, 81.87)","(596, 84.0)","(1505, 91.86)","(618, 99.0)",0.0,"(2199, 99.24)","(2196, 105.83)","(2166, 108.31)","(1817, 115.91)","(559, 132.0)","(1464, 72.0)",0.0,0.0,0.0,"(1827, 141.63)","(2200, 146.57)","(1944, 180.3)","(681, 110.48)",0.0,0.0,0.0,0.0,0.0,0.0,0.0,0.0,0.0,0.0,0.0,0.0,0.0,0.0,0.0,0.0,0.0,0.0,0.0,0.0,0.0,0.0,0.0,"(2082, 169.2)","(2156, 286.1)","(2544, 132.0)",0.0,0.0,0.0,0.0,"(2559, 134.9)","(2320, 159.57)","(902, 191.83)",0.0,0.0,0.0,0.0,"(3125, 191.83)","(3236, 191.83)",0.0,0.0,0.0,0.0,0.0,0.0,0.0,0.0,0.0,0.0,0.0
107,"(1476, 68.72)","(2802, 84.53)","(1677, 84.87)","(1982, 96.16)","(1638, 96.71)","(2801, 97.7)","(1611, 97.86)",0.0,0.0,"(1477, 102.45)","(179, 106.38)","(192, 109.63)","(1769, 110.13)","(181, 115.34)",0.0,0.0,0.0,0.0,"(1367, 118.55)","(146, 124.49)","(122, 127.28)","(1675, 159.7)",0.0,0.0,0.0,0.0,0.0,"(2755, 166.26)","(2792, 166.63)","(1022, 171.95)",0.0,0.0,0.0,0.0,0.0,0.0,"(1345, 172.95)","(2354, 181.44)","(1347, 154.55)",0.0,0.0,0.0,0.0,0.0,0.0,"(900, 257.22)","(3123, 257.22)","(2978, 99.47)",0.0,0.0,0.0,0.0,"(3234, 257.22)","(2144, 326.52)",0.0,0.0,0.0,0.0,0.0,"(2091, 327.58)","(2237, 150.32)",0.0,0.0,0.0,0.0,0.0,0.0,0.0,0.0,0.0,0.0,0.0
108,"(1169, 42.0)","(1581, 70.0)","(1086, 78.76)","(1576, 81.51)","(1624, 86.12)","(51, 93.59)","(1401, 93.94)",0.0,0.0,"(404, 95.81)","(1357, 96.78)","(1595, 102.28)","(1232, 109.9)","(52, 116.03)","(1865, 100.11)",0.0,0.0,0.0,"(2927, 118.0)","(1131, 121.84)","(1020, 133.8)","(1880, 134.91)",0.0,0.0,0.0,0.0,0.0,"(443, 138.66)","(1768, 163.11)","(1606, 176.83)",0.0,0.0,0.0,0.0,0.0,0.0,"(1302, 207.39)","(414, 211.16)",0.0,0.0,0.0,0.0,0.0,0.0,0.0,"(937, 404.48)","(2615, 104.03)","(2341, 124.43)",0.0,0.0,0.0,0.0,"(3160, 404.48)","(3022, 173.56)",0.0,0.0,0.0,0.0,0.0,"(3271, 404.48)","(2660, 209.91)",0.0,0.0,0.0,0.0,0.0,"(2045, 468.9)",0.0,0.0,0.0,0.0,0.0
109,"(2417, 106.67)","(2794, 108.3)","(1276, 109.14)","(2872, 115.01)","(2404, 115.76)",0.0,0.0,0.0,0.0,"(840, 125.28)","(1319, 129.05)","(1167, 129.11)","(791, 131.24)",0.0,0.0,0.0,0.0,0.0,"(1061, 138.73)","(2866, 144.3)","(647, 180.96)",0.0,0.0,0.0,0.0,0.0,0.0,"(779, 190.25)","(1066, 200.46)","(1079, 202.44)",0.0,0.0,0.0,0.0,0.0,0.0,"(2486, 203.56)","(1181, 224.63)",0.0,0.0,0.0,0.0,0.0,0.0,0.0,"(2338, 285.42)","(2653, 73.97)","(2280, 126.87)",0.0,0.0,0.0,0.0,"(2128, 388.19)","(2982, 151.95)",0.0,0.0,0.0,0.0,0.0,"(2295, 181.84)","(2946, 185.99)",0.0,0.0,0.0,0.0,0.0,"(669, 225.95)","(2400, 355.05)",0.0,0.0,0.0,0.0
110,"(434, 56.0)","(399, 73.29)","(236, 82.34)","(326, 91.89)","(286, 92.56)","(1451, 95.55)","(296, 100.22)",0.0,0.0,"(283, 102.9)","(453, 108.72)","(285, 112.65)","(1759, 127.7)","(234, 131.62)",0.0,0.0,0.0,0.0,"(1661, 191.53)","(805, 237.95)",0.0,0.0,0.0,0.0,0.0,0.0,0.0,"(1592, 244.41)","(2822, 301.71)",0.0,0.0,0.0,0.0,0.0,0.0,0.0,0.0,0.0,0.0,0.0,0.0,0.0,0.0,0.0,0.0,"(932, 136.57)","(3155, 136.57)","(3266, 136.57)",0.0,0.0,0.0,0.0,"(2063, 303.45)",0.0,0.0,0.0,0.0,0.0,0.0,"(2040, 340.71)",0.0,0.0,0.0,0.0,0.0,0.0,0.0,0.0,0.0,0.0,0.0,0.0
111,"(2667, 44.0)","(2714, 52.0)","(2193, 57.18)","(2669, 75.16)","(517, 86.78)","(2187, 92.03)","(1515, 108.05)","(555, 108.45)",0.0,"(2814, 117.79)","(55, 120.22)","(1517, 121.99)","(557, 137.13)",0.0,0.0,0.0,0.0,0.0,"(2847, 144.11)","(1429, 144.98)","(1927, 155.48)","(1898, 181.88)",0.0,0.0,0.0,0.0,0.0,"(2473, 248.49)","(847, 292.3)",0.0,0.0,0.0,0.0,0.0,0.0,0.0,"(581, 306.44)",0.0,0.0,0.0,0.0,0.0,0.0,0.0,0.0,"(877, 45.6)","(3100, 45.6)","(3211, 45.6)","(2055, 275.19)","(2547, 72.0)","(884, 122.2)",0.0,"(2536, 286.13)","(2131, 320.53)",0.0,0.0,0.0,0.0,0.0,"(3107, 122.2)","(3218, 122.2)","(2556, 177.03)",0.0,0.0,0.0,0.0,0.0,0.0,0.0,0.0,0.0,0.0
112,"(1513, 88.38)","(2745, 90.82)","(1038, 92.68)","(1586, 93.13)","(1432, 95.07)","(1348, 96.61)",0.0,0.0,0.0,"(175, 106.21)","(197, 106.65)","(1152, 110.12)","(1266, 110.66)","(1796, 135.94)",0.0,0.0,0.0,0.0,"(2774, 140.95)","(167, 146.61)","(1694, 155.42)","(1718, 164.0)",0.0,0.0,0.0,0.0,0.0,"(157, 169.77)","(1424, 197.71)",0.0,0.0,0.0,0.0,0.0,0.0,0.0,"(2788, 272.32)","(1178, 299.14)",0.0,0.0,0.0,0.0,0.0,0.0,0.0,"(2264, 21.23)","(3062, 273.92)","(2049, 287.26)",0.0,0.0,0.0,0.0,"(2051, 305.83)","(2994, 92.53)","(2313, 138.3)",0.0,0.0,0.0,0.0,"(2324, 216.39)",0.0,0.0,0.0,0.0,0.0,0.0,0.0,0.0,0.0,0.0,0.0,0.0
113,"(2704, 65.78)","(2687, 66.9)","(1496, 83.12)","(24, 83.93)","(320, 88.84)","(1250, 89.86)","(1411, 92.2)",0.0,0.0,"(1545, 98.54)","(35, 109.61)","(364, 109.82)","(372, 110.71)","(1704, 120.03)",0.0,0.0,0.0,0.0,"(463, 121.8)","(1489, 124.98)","(1785, 132.45)","(1272, 137.51)",0.0,0.0,0.0,0.0,0.0,"(1698, 137.91)","(1728, 140.49)","(334, 140.84)","(1330, 174.01)",0.0,0.0,0.0,0.0,0.0,"(1084, 381.39)",0.0,0.0,0.0,0.0,0.0,0.0,0.0,0.0,"(956, 90.67)","(3179, 90.67)","(3290, 90.67)","(2315, 100.9)","(2658, 185.82)",0.0,0.0,"(2000, 203.93)","(2306, 214.51)",0.0,0.0,0.0,0.0,0.0,0.0,0.0,0.0,0.0,0.0,0.0,0.0,0.0,0.0,0.0,0.0,0.0,0.0
114,"(977, 42.0)","(651, 103.22)","(965, 104.74)","(688, 106.26)","(686, 106.53)","(988, 118.47)",0.0,0.0,0.0,"(983, 121.39)","(677, 121.57)","(1194, 124.55)","(1154, 127.76)","(2440, 130.97)",0.0,0.0,0.0,0.0,"(733, 137.65)","(2457, 142.21)","(1156, 145.75)","(6, 171.07)",0.0,0.0,0.0,0.0,0.0,"(816, 226.78)","(1090, 254.47)","(1001, 76.76)",0.0,0.0,0.0,0.0,0.0,0.0,"(2810, 318.05)",0.0,0.0,0.0,0.0,0.0,0.0,0.0,0.0,"(2336, 221.04)","(2058, 241.93)",0.0,0.0,0.0,0.0,0.0,"(2141, 277.29)","(3005, 289.95)",0.0,0.0,0.0,0.0,0.0,"(2363, 333.81)",0.0,0.0,0.0,0.0,0.0,0.0,0.0,0.0,0.0,0.0,0.0,0.0
115,"(323, 84.63)","(1814, 95.19)","(432, 106.45)","(1786, 107.72)","(369, 108.31)","(355, 117.06)",0.0,0.0,0.0,"(276, 144.0)","(1587, 149.65)","(468, 188.22)",0.0,0.0,0.0,0.0,0.0,0.0,"(842, 210.72)","(247, 225.93)",0.0,0.0,0.0,0.0,0.0,0.0,0.0,"(1864, 228.89)","(365, 260.24)",0.0,0.0,0.0,0.0,0.0,0.0,0.0,"(2886, 299.69)","(2030, 207.06)",0.0,0.0,0.0,0.0,0.0,0.0,0.0,"(2138, 274.7)","(882, 277.51)",0.0,0.0,0.0,0.0,0.0,"(3105, 277.51)","(3216, 277.51)",0.0,0.0,0.0,0.0,0.0,"(2041, 314.86)","(1991, 194.32)",0.0,0.0,0.0,0.0,0.0,"(922, 357.54)","(3145, 357.54)","(3256, 357.54)","(728, 358.66)","(2917, 369.29)","(2028, 245.58)"
116,"(2730, 70.6)","(2731, 72.56)","(2671, 77.18)","(2388, 83.04)","(558, 83.51)","(2676, 83.86)","(1568, 84.57)","(1059, 71.77)",0.0,"(692, 90.18)","(2192, 94.51)","(1518, 94.56)","(541, 100.03)","(1887, 126.38)",0.0,0.0,0.0,0.0,"(1355, 134.48)","(1919, 139.13)","(1846, 139.59)","(2201, 144.25)",0.0,0.0,0.0,0.0,0.0,"(2171, 149.98)","(678, 180.43)","(1983, 220.93)",0.0,0.0,0.0,0.0,0.0,0.0,"(2555, 141.13)","(2531, 145.82)",0.0,0.0,0.0,0.0,0.0,0.0,0.0,"(2546, 174.11)","(899, 216.89)","(3122, 216.89)",0.0,0.0,0.0,0.0,"(3233, 216.89)","(897, 288.29)","(2522, 36.77)",0.0,0.0,0.0,0.0,"(3120, 288.29)","(3231, 288.29)",0.0,0.0,0.0,0.0,0.0,"(2146, 327.76)","(2075, 336.54)",0.0,0.0,0.0,0.0
117,"(185, 62.39)","(1049, 63.87)","(1115, 75.16)","(147, 80.89)","(1395, 84.95)","(1041, 94.46)","(1179, 96.53)",0.0,0.0,"(1600, 103.55)","(1396, 103.87)","(1095, 130.53)","(1446, 131.83)","(1137, 135.14)",0.0,0.0,0.0,0.0,"(1408, 137.74)","(1147, 138.53)","(145, 141.66)","(2780, 142.28)",0.0,0.0,0.0,0.0,0.0,"(1788, 145.94)","(2800, 176.87)","(1253, 202.14)",0.0,0.0,0.0,0.0,0.0,0.0,"(201, 214.57)","(1965, 348.7)",0.0,0.0,0.0,0.0,0.0,0.0,0.0,"(2260, 216.61)","(865, 233.21)","(906, 146.17)",0.0,0.0,0.0,0.0,"(3088, 233.21)","(3199, 233.21)","(3129, 146.17)",0.0,0.0,0.0,0.0,"(3055, 378.84)","(3240, 146.17)",0.0,0.0,0.0,0.0,0.0,0.0,0.0,0.0,0.0,0.0,0.0
118,"(1693, 66.43)","(1563, 76.86)","(1572, 78.64)","(1531, 88.1)","(1760, 88.68)","(1458, 93.52)","(1538, 105.14)",0.0,0.0,"(1322, 108.33)","(1101, 111.34)","(1790, 117.94)","(1033, 122.57)","(1123, 123.6)",0.0,0.0,0.0,0.0,"(3035, 126.6)","(1685, 127.69)","(1926, 129.98)","(1267, 152.54)","(1709, 87.29)",0.0,0.0,0.0,0.0,"(1910, 188.34)","(1422, 218.44)","(2361, 170.73)",0.0,0.0,0.0,0.0,0.0,0.0,"(2296, 179.41)",0.0,0.0,0.0,0.0,0.0,0.0,0.0,0.0,"(76, 125.63)","(66, 183.33)","(944, 283.43)",0.0,0.0,0.0,0.0,"(3167, 283.43)","(3278, 283.43)",0.0,0.0,0.0,0.0,0.0,"(2621, 406.53)","(2642, 170.3)",0.0,0.0,0.0,0.0,0.0,0.0,0.0,0.0,0.0,0.0,0.0
119,"(1076, 76.79)","(1254, 96.2)","(2503, 100.1)","(2460, 105.47)","(1264, 108.3)","(1153, 116.72)",0.0,0.0,0.0,"(2373, 118.62)","(2494, 121.62)","(2408, 126.49)","(2424, 152.56)",0.0,0.0,0.0,0.0,0.0,"(1032, 153.42)","(1981, 169.15)","(578, 170.37)",0.0,0.0,0.0,0.0,0.0,0.0,"(666, 180.51)","(1964, 181.21)","(1217, 205.06)",0.0,0.0,0.0,0.0,0.0,0.0,"(1074, 206.36)","(1853, 223.93)",0.0,0.0,0.0,0.0,0.0,0.0,0.0,"(2048, 357.28)","(2351, 85.07)","(2364, 103.17)",0.0,0.0,0.0,0.0,"(2333, 136.63)","(1986, 196.36)",0.0,0.0,0.0,0.0,0.0,0.0,0.0,0.0,0.0,0.0,0.0,0.0,"(1810, 277.0)",0.0,0.0,0.0,0.0,0.0
120,"(1646, 77.18)","(2883, 84.12)","(2406, 96.83)","(2488, 97.94)","(1800, 99.29)","(1625, 99.61)",0.0,0.0,0.0,"(1601, 100.68)","(2913, 104.91)","(250, 105.87)","(1797, 135.33)","(215, 144.55)",0.0,0.0,0.0,0.0,"(2477, 149.85)","(2928, 150.45)","(2896, 157.51)","(2382, 158.47)",0.0,0.0,0.0,0.0,0.0,"(240, 165.96)","(2932, 174.31)","(1912, 181.56)",0.0,0.0,0.0,0.0,0.0,0.0,"(1966, 186.8)","(227, 196.5)","(267, 216.96)",0.0,0.0,0.0,0.0,0.0,0.0,"(2590, 123.9)","(852, 239.35)","(3075, 239.35)",0.0,0.0,0.0,0.0,"(3186, 239.35)","(880, 315.06)",0.0,0.0,0.0,0.0,0.0,"(3103, 315.06)","(3214, 315.06)",0.0,0.0,0.0,0.0,0.0,"(2137, 341.71)","(2157, 343.72)","(2577, 226.03)","(2005, 253.06)",0.0,0.0
121,"(1552, 66.65)","(2713, 68.0)","(2675, 72.51)","(507, 79.05)","(528, 82.88)","(550, 87.56)","(2190, 91.59)",0.0,0.0,"(2389, 109.34)","(1938, 124.63)","(1338, 128.67)","(2164, 136.22)",0.0,0.0,0.0,0.0,0.0,"(1339, 137.11)","(511, 137.65)","(1849, 143.02)","(698, 144.27)",0.0,0.0,0.0,0.0,0.0,"(577, 147.96)","(2194, 150.4)","(1146, 177.27)",0.0,0.0,0.0,0.0,0.0,0.0,"(1888, 183.77)","(1862, 192.96)","(2173, 218.43)",0.0,0.0,0.0,0.0,0.0,0.0,"(2561, 14.97)","(957, 169.14)","(3180, 169.14)","(3291, 169.14)",0.0,0.0,0.0,"(2061, 248.43)","(2145, 365.27)",0.0,0.0,0.0,0.0,0.0,"(2528, 209.54)",0.0,0.0,0.0,0.0,0.0,0.0,0.0,0.0,0.0,0.0,0.0,0.0
122,"(1555, 72.0)","(1277, 72.15)","(1190, 84.02)","(124, 86.5)","(1466, 90.26)","(1380, 90.4)","(1244, 90.78)",0.0,0.0,"(1735, 102.08)","(1163, 102.14)","(1610, 103.19)","(1512, 104.52)","(186, 106.79)","(1664, 111.58)",0.0,0.0,0.0,"(1024, 121.54)","(1421, 121.84)","(2795, 122.69)","(1724, 131.16)","(1701, 137.09)",0.0,0.0,0.0,0.0,"(1005, 140.44)","(1048, 153.51)","(116, 157.72)","(2761, 171.6)",0.0,0.0,0.0,0.0,0.0,"(1225, 176.36)","(2754, 196.63)","(138, 196.95)",0.0,0.0,0.0,0.0,0.0,0.0,"(3010, 204.1)","(2248, 227.48)","(2626, 103.73)",0.0,0.0,0.0,0.0,"(2980, 256.31)","(3059, 333.51)",0.0,0.0,0.0,0.0,0.0,"(863, 171.98)","(3086, 171.98)","(3197, 171.98)",0.0,0.0,0.0,0.0,"(2652, 181.36)","(3028, 163.21)",0.0,0.0,0.0,0.0
123,"(304, 81.61)","(1834, 82.05)","(416, 87.25)","(1540, 95.13)","(457, 97.76)","(2809, 97.77)",0.0,0.0,0.0,"(2805, 104.47)","(300, 110.4)","(1635, 121.28)","(1358, 123.04)","(1773, 123.7)",0.0,0.0,0.0,0.0,"(2878, 126.19)","(2827, 130.9)","(1742, 137.83)","(1316, 138.78)",0.0,0.0,0.0,0.0,0.0,"(1164, 141.85)","(48, 151.45)","(1483, 155.09)","(1717, 175.62)",0.0,0.0,0.0,0.0,0.0,"(397, 192.04)","(1871, 253.33)",0.0,0.0,0.0,0.0,0.0,0.0,0.0,"(84, 175.56)","(2342, 268.55)","(89, 131.6)",0.0,0.0,0.0,0.0,"(2352, 197.8)",0.0,0.0,0.0,0.0,0.0,0.0,0.0,0.0,0.0,0.0,0.0,0.0,0.0,0.0,0.0,0.0,0.0,0.0,0.0
124,"(986, 75.53)","(972, 90.14)","(2176, 93.85)","(2483, 96.45)","(1202, 99.29)","(963, 99.92)",0.0,0.0,0.0,"(962, 109.54)","(729, 121.78)","(771, 128.23)","(810, 128.63)","(987, 132.52)",0.0,0.0,0.0,0.0,"(1293, 139.04)","(2425, 144.57)","(964, 144.6)","(1273, 146.17)",0.0,0.0,0.0,0.0,0.0,"(2202, 147.93)","(2508, 158.45)","(642, 159.89)","(2209, 163.28)",0.0,0.0,0.0,0.0,0.0,"(2386, 170.61)","(1312, 179.24)","(1915, 181.28)",0.0,0.0,0.0,0.0,0.0,0.0,"(1995, 36.77)","(2998, 228.65)",0.0,0.0,0.0,0.0,0.0,0.0,0.0,0.0,0.0,0.0,0.0,0.0,0.0,0.0,0.0,0.0,0.0,0.0,0.0,"(715, 181.35)","(2218, 228.65)","(1896, 352.83)",0.0,0.0,0.0
125,"(368, 78.5)","(1719, 81.54)","(1569, 89.2)","(753, 90.08)","(266, 103.96)","(461, 111.02)",0.0,0.0,0.0,"(1733, 114.93)","(1761, 115.08)","(2945, 117.52)","(564, 121.34)","(1776, 124.04)",0.0,0.0,0.0,0.0,"(465, 124.84)","(1640, 125.15)","(1209, 125.45)","(799, 148.06)",0.0,0.0,0.0,0.0,0.0,"(2724, 161.41)","(726, 169.95)","(2818, 201.21)",0.0,0.0,0.0,0.0,0.0,0.0,"(272, 214.29)","(2806, 241.08)","(2598, 154.37)",0.0,0.0,0.0,0.0,0.0,0.0,"(871, 217.96)","(3094, 217.96)","(1988, 108.13)",0.0,0.0,0.0,0.0,"(3205, 217.96)","(895, 370.33)",0.0,0.0,0.0,0.0,0.0,"(3118, 370.33)","(2596, 110.57)",0.0,0.0,0.0,0.0,0.0,"(3229, 370.33)","(2006, 162.95)","(2025, 231.63)","(102, 303.38)","(833, 201.67)",0.0
