Day,Cath Room 1 Proc 1,Cath Room 1 Proc 2,Cath Room 1 Proc 3,Cath Room 1 Proc 4,Cath Room 1 Proc 5,Cath Room 1 Proc 6,Cath Room 2 Proc 1,Cath Room 2 Proc 2,Cath Room 2 Proc 3,Cath Room 2 Proc 4,Cath Room 2 Proc 5,Cath Room 2 Proc 6,Cath Room 3 Proc 1,Cath Room 3 Proc 2,Cath Room 3 Proc 3,Cath Room 3 Proc 4,Cath Room 3 Proc 5,Cath Room 3 Proc 6,Cath Room 4 Proc 1,Cath Room 4 Proc 2,Cath Room 4 Proc 3,Cath Room 4 Proc 4,Cath Room 4 Proc 5,Cath Room 4 Proc 6,Cath Room 5 Proc 1,Cath Room 5 Proc 2,Cath Room 5 Proc 3,Cath Room 5 Proc 4,Cath Room 5 Proc 5,Cath Room 5 Proc 6,EP Room 1 Proc 1,EP Room 1 Proc 2,EP Room 1 Proc 3,EP Room 1 Proc 4,EP Room 2 Proc 1,EP Room 2 Proc 2,EP Room 2 Proc 3,EP Room 2 Proc 4,EP Room 3 Proc 1,EP Room 3 Proc 2,EP Room 3 Proc 3,EP Room 3 Proc 4,Overflow Proc 1,Overflow Proc 2,Overflow Proc 3,Overflow Proc 4,Overflow Proc 5
1,94.97,142.65,124.64,98.84,0.0,0.0,93.91,139.1,127.91,106.77,0.0,0.0,92.38,131.95,142.4,91.69,106.06,0.0,88.08,125.09,153.27,94.26,0.0,0.0,87.03,122.29,158.43,107.2,0.0,0.0,377.97,0.0,0.0,0.0,108.5,244.42,0.0,0.0,123.37,119.97,90.93,0.0,0.0,0.0,0.0,0.0,0.0
2,68.63,105.52,176.04,149.44,92.34,0.0,74.07,107.25,191.08,127.46,89.87,0.0,102.8,166.52,168.05,106.28,0.0,0.0,62.0,103.66,173.81,156.93,93.35,0.0,83.59,115.28,201.8,120.85,81.85,0.0,364.34,0.0,0.0,0.0,157.86,149.23,0.0,0.0,193.21,133.07,0.0,0.0,0.0,0.0,0.0,0.0,0.0
3,88.02,123.72,181.64,124.45,83.7,0.0,86.04,120.23,193.33,123.08,0.0,0.0,93.56,138.74,169.47,110.58,85.86,0.0,92.04,128.52,178.51,124.22,0.0,0.0,82.69,113.36,354.93,0.0,0.0,0.0,294.26,0.0,0.0,0.0,238.75,97.8,0.0,0.0,244.03,83.67,0.0,0.0,115.62,0.0,0.0,0.0,0.0
4,102.17,162.66,182.42,100.84,0.0,0.0,102.62,166.33,174.99,101.29,0.0,0.0,59.16,103.41,170.52,158.63,81.47,0.0,65.1,104.33,173.85,142.32,90.79,0.0,72.11,107.15,183.0,134.3,62.0,0.0,200.07,0.0,0.0,0.0,190.4,79.47,0.0,0.0,163.7,282.97,0.0,0.0,0.0,0.0,0.0,0.0,0.0
5,83.94,116.32,248.39,99.67,0.0,0.0,81.48,112.05,340.49,0.0,0.0,0.0,80.11,109.49,217.16,118.69,0.0,0.0,77.24,108.35,197.92,132.88,0.0,0.0,90.24,128.1,200.67,104.92,0.0,0.0,204.1,0.0,0.0,0.0,228.43,0.0,0.0,0.0,470.86,0.0,0.0,0.0,0.0,0.0,0.0,0.0,0.0
6,99.52,153.94,129.67,99.44,95.18,0.0,100.01,155.52,121.17,118.25,0.0,0.0,94.08,140.29,146.29,104.31,88.2,0.0,96.54,147.17,133.42,108.2,0.0,0.0,89.01,127.92,161.01,107.28,75.82,0.0,158.78,257.94,0.0,0.0,154.17,368.0,0.0,0.0,182.97,67.9,0.0,0.0,634.8,0.0,0.0,0.0,0.0
7,76.0,108.11,193.94,124.98,0.0,0.0,70.0,105.97,182.9,128.61,0.0,0.0,80.93,111.51,268.53,0.0,0.0,0.0,79.71,109.16,206.05,95.93,0.0,0.0,85.16,120.16,185.4,100.75,0.0,0.0,158.87,211.21,0.0,0.0,180.74,172.21,73.63,0.0,148.43,267.38,0.0,0.0,343.84,176.86,0.0,0.0,0.0
8,92.95,132.94,173.28,80.0,0.0,0.0,93.93,140.14,158.91,99.83,0.0,0.0,95.33,143.14,157.25,93.14,0.0,0.0,97.03,149.71,138.84,120.39,0.0,0.0,84.86,118.73,385.65,0.0,0.0,0.0,143.17,324.27,0.0,0.0,129.4,341.82,0.0,0.0,124.07,412.98,0.0,0.0,0.0,0.0,0.0,0.0,0.0
9,84.91,119.23,230.11,78.76,0.0,0.0,93.01,136.28,157.11,112.07,0.0,0.0,80.55,109.56,227.43,92.85,0.0,0.0,77.73,109.08,198.97,113.88,0.0,0.0,102.53,164.47,124.88,106.82,0.0,0.0,207.55,273.03,0.0,0.0,256.9,0.0,0.0,0.0,419.85,0.0,0.0,0.0,410.63,0.0,0.0,0.0,0.0
10,99.56,154.59,131.76,112.81,0.0,0.0,101.17,155.85,128.56,121.63,0.0,0.0,94.27,140.94,156.43,110.4,0.0,0.0,96.74,148.36,132.02,123.07,0.0,0.0,103.13,170.32,123.96,99.6,75.47,0.0,159.17,364.43,0.0,0.0,156.1,380.52,0.0,0.0,193.6,314.35,0.0,0.0,0.0,0.0,0.0,0.0,0.0
11,73.63,132.13,0.0,0.0,0.0,0.0,72.03,129.03,0.0,0.0,0.0,0.0,82.28,150.48,0.0,0.0,0.0,0.0,79.26,136.7,0.0,0.0,0.0,0.0,121.66,60.0,0.0,0.0,0.0,0.0,207.69,0.0,0.0,0.0,211.97,0.0,0.0,0.0,185.67,0.0,0.0,0.0,0.0,0.0,0.0,0.0,0.0
12,103.28,218.9,122.45,74.43,0.0,0.0,104.2,234.87,111.18,0.0,0.0,0.0,106.45,274.62,102.18,0.0,0.0,0.0,106.77,358.05,0.0,0.0,0.0,0.0,108.06,242.17,104.23,0.0,0.0,0.0,174.72,270.6,0.0,0.0,157.1,335.17,0.0,0.0,132.43,376.0,0.0,0.0,569.84,0.0,0.0,0.0,0.0
13,123.68,148.56,143.94,78.25,0.0,0.0,120.22,153.69,123.27,97.27,0.0,0.0,114.93,157.95,127.32,87.84,0.0,0.0,109.55,162.86,128.63,83.38,0.0,0.0,78.12,136.11,145.05,103.48,0.0,0.0,180.47,115.17,0.0,0.0,185.52,85.77,0.0,0.0,200.99,75.33,0.0,0.0,216.98,0.0,0.0,0.0,0.0
14,96.64,181.77,128.85,90.21,0.0,0.0,100.75,202.77,115.75,74.11,0.0,0.0,87.15,155.96,160.29,94.32,0.0,0.0,91.35,161.3,157.42,84.45,0.0,0.0,77.76,132.21,164.7,96.71,0.0,0.0,104.0,399.76,72.83,0.0,178.49,331.42,0.0,0.0,104.57,386.87,101.1,0.0,0.0,0.0,0.0,0.0,0.0
15,109.16,216.11,108.08,177.49,0.0,0.0,107.0,524.92,0.0,0.0,0.0,0.0,119.15,167.6,122.53,85.52,0.0,0.0,114.77,174.09,116.32,92.97,0.0,0.0,70.89,127.43,166.51,100.57,0.0,0.0,212.33,292.16,0.0,0.0,145.07,345.73,121.53,0.0,79.07,274.91,177.98,0.0,0.0,0.0,0.0,0.0,0.0
16,80.83,140.84,338.72,0.0,0.0,0.0,83.83,152.21,216.93,104.25,0.0,0.0,91.09,160.49,134.13,112.31,71.56,0.0,93.94,173.01,128.01,104.69,133.12,0.0,4.0,124.93,373.35,118.82,0.0,0.0,233.63,93.33,89.67,0.0,221.29,150.93,0.0,0.0,213.82,307.79,0.0,0.0,0.0,0.0,0.0,0.0,0.0
17,66.85,125.54,89.71,0.0,0.0,0.0,123.62,93.84,88.51,0.0,0.0,0.0,117.27,100.99,84.06,0.0,0.0,0.0,111.8,109.62,84.04,0.0,0.0,0.0,110.53,144.03,117.26,0.0,0.0,0.0,185.17,239.9,0.0,0.0,190.8,149.34,0.0,0.0,202.26,90.2,86.1,0.0,0.0,0.0,0.0,0.0,0.0
18,100.25,183.62,0.0,0.0,0.0,0.0,101.92,218.31,0.0,0.0,0.0,0.0,90.89,160.26,20.0,0.0,0.0,0.0,93.93,166.32,118.82,0.0,0.0,0.0,105.02,271.66,0.0,0.0,0.0,0.0,106.3,371.33,0.0,0.0,100.57,379.92,0.0,0.0,170.87,299.07,0.0,0.0,0.0,0.0,0.0,0.0,0.0
19,111.37,151.3,83.34,0.0,0.0,0.0,108.73,219.5,0.0,0.0,0.0,0.0,123.54,107.34,97.72,0.0,0.0,0.0,116.86,108.22,97.89,0.0,0.0,0.0,108.75,154.1,83.02,0.0,0.0,0.0,121.37,373.92,69.33,0.0,156.3,337.93,84.2,0.0,84.33,413.74,0.0,0.0,192.75,180.58,0.0,0.0,0.0
20,81.61,142.25,103.89,0.0,0.0,0.0,89.87,156.65,95.9,0.0,0.0,0.0,92.16,162.06,86.72,0.0,0.0,0.0,96.72,182.85,107.18,0.0,0.0,0.0,101.69,215.48,0.0,0.0,0.0,0.0,259.98,240.84,0.0,0.0,230.9,293.39,0.0,0.0,218.48,330.33,0.0,0.0,0.0,0.0,0.0,0.0,0.0
21,106.96,185.09,129.06,102.39,85.46,0.0,103.23,174.36,137.53,114.47,0.0,0.0,100.78,159.19,155.78,102.45,92.58,0.0,97.41,146.55,208.44,98.47,0.0,0.0,116.54,256.9,125.48,93.91,0.0,0.0,313.3,180.35,0.0,0.0,118.37,350.83,120.97,0.0,125.53,236.29,163.03,0.0,177.39,0.0,0.0,0.0,0.0
22,70.0,124.2,144.18,104.56,0.0,0.0,72.82,124.61,123.63,87.46,0.0,0.0,119.15,214.73,78.46,0.0,0.0,0.0,57.51,121.01,149.48,83.85,0.0,0.0,115.89,251.93,0.0,0.0,0.0,0.0,214.9,101.67,0.0,0.0,136.43,321.38,0.0,0.0,134.87,324.46,0.0,0.0,0.0,0.0,0.0,0.0,0.0
23,96.92,146.51,99.58,0.0,0.0,0.0,91.85,144.33,104.44,0.0,0.0,0.0,102.84,172.35,88.09,0.0,0.0,0.0,88.1,143.22,105.35,107.74,0.0,0.0,112.63,208.64,86.75,0.0,0.0,0.0,219.79,87.53,0.0,0.0,255.31,0.0,0.0,0.0,175.83,173.64,0.0,0.0,0.0,0.0,0.0,0.0,0.0
24,116.75,277.01,0.0,0.0,0.0,0.0,118.41,275.67,0.0,0.0,0.0,0.0,54.0,120.52,140.3,115.79,0.0,0.0,67.81,123.69,113.39,79.25,0.0,0.0,108.09,194.26,87.48,0.0,0.0,0.0,169.19,211.53,161.62,0.0,164.07,244.35,158.61,0.0,157.5,276.34,143.3,0.0,0.0,0.0,0.0,0.0,0.0
25,110.38,203.18,76.53,0.0,0.0,0.0,104.2,177.73,89.07,0.0,0.0,0.0,102.84,167.66,95.38,0.0,0.0,0.0,98.56,149.8,97.73,0.0,0.0,0.0,96.72,146.26,103.69,0.0,0.0,0.0,99.4,530.95,0.0,0.0,119.63,353.19,103.5,0.0,133.67,350.89,0.0,0.0,0.0,0.0,0.0,0.0,0.0
26,70.43,124.46,94.33,71.35,0.0,0.0,74.77,128.89,89.11,74.62,0.0,0.0,32.0,119.65,203.52,0.0,0.0,0.0,63.7,123.45,105.13,108.88,0.0,0.0,85.34,142.06,82.86,0.0,0.0,0.0,236.21,321.25,0.0,0.0,204.54,329.58,75.7,0.0,278.46,178.23,92.57,56.33,0.0,0.0,0.0,0.0,0.0
27,98.39,146.99,84.31,0.0,0.0,0.0,96.59,145.47,86.55,0.0,0.0,0.0,104.18,176.43,79.24,0.0,0.0,0.0,101.95,161.15,83.93,0.0,0.0,0.0,85.17,138.85,89.07,186.43,0.0,0.0,247.95,146.03,90.77,0.0,259.34,120.0,106.1,0.0,192.34,228.15,0.0,0.0,612.53,0.0,0.0,0.0,0.0
28,118.25,341.16,0.0,0.0,0.0,0.0,22.0,119.48,207.35,0.0,0.0,0.0,62.0,122.26,137.63,0.0,0.0,0.0,70.38,124.26,127.22,0.0,0.0,0.0,73.45,125.08,109.03,188.2,0.0,0.0,171.93,233.57,65.9,0.0,168.47,337.93,0.0,0.0,158.28,398.46,0.0,0.0,0.0,0.0,0.0,0.0,0.0
29,86.15,142.14,127.24,66.25,0.0,0.0,83.88,135.78,127.62,75.96,0.0,0.0,82.84,135.01,153.32,0.0,0.0,0.0,81.12,132.37,155.0,138.14,0.0,0.0,101.12,160.51,91.32,70.27,0.0,0.0,174.76,296.52,0.0,0.0,184.5,267.6,0.0,0.0,207.78,0.0,0.0,0.0,0.0,0.0,0.0,0.0,0.0
30,115.55,222.85,78.77,0.0,0.0,0.0,115.71,251.07,0.0,0.0,0.0,0.0,106.29,181.55,85.77,0.0,0.0,0.0,115.1,221.71,82.8,0.0,0.0,0.0,99.02,158.58,103.88,0.0,0.0,0.0,150.63,359.05,0.0,0.0,147.43,392.15,0.0,0.0,166.53,311.32,0.0,0.0,0.0,0.0,0.0,0.0,0.0
31,84.78,151.5,0.0,0.0,0.0,0.0,81.32,140.45,0.0,0.0,0.0,0.0,93.46,189.84,0.0,0.0,0.0,0.0,87.26,167.33,0.0,0.0,0.0,0.0,101.0,239.27,0.0,0.0,0.0,0.0,0.0,0.0,0.0,0.0,0.0,0.0,0.0,0.0,240.71,0.0,0.0,0.0,634.8,0.0,0.0,0.0,0.0
32,106.82,238.11,109.3,89.8,0.0,0.0,110.25,186.95,125.32,95.15,0.0,0.0,112.23,167.99,128.56,96.22,0.0,0.0,113.43,165.68,129.97,95.95,0.0,0.0,97.97,344.27,93.59,0.0,0.0,0.0,196.39,250.45,0.0,0.0,171.81,269.93,0.0,0.0,169.34,297.57,0.0,0.0,0.0,0.0,0.0,0.0,0.0
33,98.77,270.31,105.76,84.84,0.0,0.0,94.48,232.12,120.66,90.06,0.0,0.0,90.8,174.06,139.08,100.8,0.0,0.0,86.64,153.86,140.69,102.02,0.0,0.0,84.37,141.95,153.77,102.67,69.54,0.0,309.98,189.13,0.0,0.0,444.37,0.0,0.0,0.0,322.85,105.03,0.0,0.0,0.0,0.0,0.0,0.0,0.0
34,115.36,186.85,123.34,0.0,0.0,0.0,117.35,159.39,129.15,115.77,0.0,0.0,111.67,255.89,100.17,0.0,0.0,0.0,112.49,226.68,107.32,0.0,0.0,0.0,72.33,132.21,134.22,112.2,0.0,0.0,432.93,0.0,0.0,0.0,287.68,0.0,0.0,0.0,122.23,98.53,0.0,0.0,564.23,0.0,0.0,0.0,0.0
35,85.22,152.9,132.33,94.62,0.0,0.0,82.56,140.49,133.45,100.61,0.0,0.0,93.76,205.63,123.37,0.0,0.0,0.0,90.49,172.91,131.32,75.07,0.0,0.0,72.12,126.64,135.69,119.43,0.0,0.0,314.15,0.0,0.0,0.0,196.82,87.6,0.0,0.0,262.45,0.0,0.0,0.0,0.0,0.0,0.0,0.0,0.0
36,108.34,185.51,0.0,0.0,0.0,0.0,111.24,132.27,0.0,0.0,0.0,0.0,112.42,128.25,87.54,0.0,0.0,0.0,114.03,117.35,88.95,0.0,0.0,0.0,117.18,94.66,91.51,0.0,0.0,0.0,230.91,81.27,0.0,0.0,184.81,135.17,0.0,0.0,170.4,281.99,0.0,0.0,0.0,0.0,0.0,0.0,0.0
37,72.51,133.81,138.35,99.92,110.1,0.0,71.46,126.39,147.72,87.51,126.98,0.0,123.9,153.24,121.74,74.95,0.0,0.0,118.59,157.43,122.59,79.94,0.0,0.0,90.09,170.04,135.98,85.72,0.0,0.0,236.5,296.21,0.0,0.0,260.83,170.59,104.13,0.0,333.23,139.93,0.0,0.0,0.0,0.0,0.0,0.0,0.0
38,102.97,215.41,109.39,0.0,0.0,0.0,105.01,168.06,132.69,0.0,0.0,0.0,97.32,242.61,104.59,0.0,0.0,0.0,103.46,192.44,115.38,0.0,0.0,0.0,104.44,190.96,120.41,0.0,0.0,0.0,151.23,314.49,81.7,0.0,148.5,370.87,0.0,0.0,183.45,309.88,0.0,0.0,0.0,0.0,0.0,0.0,0.0
39,118.57,173.32,104.25,75.88,0.0,0.0,116.13,195.64,100.11,50.0,0.0,0.0,126.25,142.61,118.12,81.8,0.0,0.0,123.79,165.36,106.67,81.4,0.0,0.0,79.29,138.99,130.11,97.31,0.0,0.0,155.83,59.0,0.0,0.0,170.53,58.13,0.0,0.0,146.73,60.1,0.0,0.0,0.0,0.0,0.0,0.0,0.0
40,91.07,186.26,106.78,85.13,0.0,0.0,96.25,241.86,98.22,92.9,0.0,0.0,100.82,279.34,86.21,0.0,0.0,0.0,101.01,201.62,101.23,72.06,0.0,0.0,79.25,134.54,139.12,91.74,0.0,0.0,130.87,66.67,24.87,0.0,211.31,0.0,0.0,0.0,235.36,0.0,0.0,0.0,0.0,0.0,0.0,0.0,0.0
41,78.93,126.24,159.44,105.3,132.05,0.0,70.0,120.77,167.3,112.74,0.0,0.0,119.7,184.17,118.33,93.22,0.0,0.0,115.94,202.99,117.59,76.62,0.0,0.0,114.48,281.72,101.56,0.0,0.0,0.0,182.36,213.91,0.0,0.0,185.21,0.0,0.0,0.0,190.06,0.0,0.0,0.0,0.0,0.0,0.0,0.0,0.0
42,100.58,158.79,95.45,20.0,0.0,0.0,93.64,144.91,139.42,0.0,0.0,0.0,95.22,148.08,135.03,0.0,0.0,0.0,96.97,154.58,117.91,106.22,0.0,0.0,89.96,143.44,140.4,0.0,0.0,0.0,166.83,315.24,0.0,0.0,150.51,317.09,0.0,0.0,179.26,207.12,118.03,0.0,0.0,0.0,0.0,0.0,0.0
43,115.8,365.76,0.0,0.0,0.0,0.0,113.47,276.19,0.0,0.0,0.0,0.0,57.39,120.74,161.07,77.65,0.0,0.0,119.11,173.1,86.97,0.0,0.0,0.0,108.67,208.28,84.0,0.0,0.0,0.0,175.66,311.68,0.0,0.0,176.92,261.47,84.8,0.0,146.7,317.79,81.13,0.0,0.0,0.0,0.0,0.0,0.0
44,92.64,144.26,263.92,116.29,0.0,0.0,94.02,147.09,181.17,92.38,0.0,0.0,96.21,151.74,176.03,88.7,0.0,0.0,97.29,156.99,141.96,102.7,68.24,0.0,100.65,163.56,138.22,102.3,88.16,0.0,71.03,341.9,0.0,0.0,391.81,176.93,0.0,0.0,395.84,108.3,0.0,0.0,0.0,0.0,0.0,0.0,0.0
45,110.07,229.93,110.69,69.39,0.0,0.0,108.53,206.85,110.89,74.0,0.0,0.0,105.81,187.22,112.04,95.28,0.0,0.0,103.04,180.46,137.77,92.97,0.0,0.0,117.77,429.08,0.0,0.0,0.0,0.0,119.93,318.09,0.0,0.0,142.23,315.42,0.0,0.0,154.33,246.81,0.0,0.0,0.0,0.0,0.0,0.0,0.0
46,85.32,135.25,120.64,89.72,0.0,0.0,86.84,137.51,105.27,95.3,74.69,0.0,74.0,123.41,176.73,117.38,0.0,0.0,81.09,129.96,139.02,84.55,0.0,0.0,116.05,243.92,82.77,0.0,0.0,0.0,321.45,234.5,0.0,0.0,258.16,340.34,0.0,0.0,350.64,0.0,0.0,0.0,0.0,0.0,0.0,0.0,0.0
47,102.36,179.49,140.25,112.97,0.0,0.0,100.65,162.22,150.14,114.08,0.0,0.0,107.08,192.91,133.95,85.7,0.0,0.0,105.55,187.17,137.61,102.22,0.0,0.0,113.42,273.89,120.86,0.0,0.0,0.0,337.5,254.82,0.0,0.0,470.52,128.17,0.0,0.0,235.44,335.12,0.0,0.0,306.26,195.34,0.0,0.0,0.0
48,120.5,308.79,103.73,0.0,0.0,0.0,70.39,123.19,176.67,130.39,44.0,0.0,80.97,127.92,160.12,131.57,60.0,0.0,85.02,134.88,153.76,129.01,0.0,0.0,111.0,239.08,131.62,75.97,0.0,0.0,214.98,363.23,0.0,0.0,206.6,366.32,0.0,0.0,203.41,419.52,0.0,0.0,0.0,0.0,0.0,0.0,0.0
49,111.97,261.93,135.37,92.38,0.0,0.0,109.53,211.79,138.17,93.8,0.0,0.0,106.4,187.31,138.93,109.31,0.0,0.0,105.23,186.68,141.11,98.0,85.6,0.0,100.73,171.74,148.65,117.27,44.0,0.0,128.9,108.9,0.0,0.0,147.8,57.57,0.0,0.0,158.18,49.07,0.0,0.0,102.23,0.0,0.0,0.0,0.0
50,85.88,136.92,198.36,114.7,81.81,0.0,87.28,141.85,161.92,135.1,86.68,0.0,78.52,125.47,278.87,93.49,0.0,0.0,81.78,133.23,206.08,125.6,0.0,0.0,95.42,149.5,156.48,134.85,78.66,0.0,385.14,0.0,0.0,0.0,277.71,0.0,0.0,0.0,138.2,75.93,0.0,0.0,184.98,0.0,0.0,0.0,0.0
51,90.41,169.9,127.61,118.73,97.0,0.0,89.26,164.61,193.62,106.39,80.25,0.0,97.16,190.06,121.11,115.26,91.09,0.0,92.95,185.06,123.63,115.51,92.04,0.0,82.44,149.31,236.23,101.26,0.0,0.0,0.0,0.0,0.0,0.0,180.36,0.0,0.0,0.0,0.0,0.0,0.0,0.0,80.03,72.8,153.88,0.0,0.0
52,62.0,114.92,223.32,92.42,0.0,0.0,63.82,117.94,222.75,85.73,0.0,0.0,72.0,120.05,174.63,122.36,0.0,0.0,72.16,121.37,172.07,123.17,0.0,0.0,73.44,127.87,165.8,120.2,61.64,0.0,258.49,141.27,0.0,0.0,228.57,166.11,0.0,0.0,189.47,229.16,0.0,0.0,0.0,0.0,0.0,0.0,0.0
53,89.85,166.34,130.45,101.44,0.0,0.0,82.25,149.13,151.23,116.17,0.0,0.0,81.28,139.66,155.03,119.43,0.0,0.0,78.27,134.5,156.24,119.89,0.0,0.0,92.49,176.57,124.43,96.25,0.0,0.0,266.54,0.0,0.0,0.0,634.8,0.0,0.0,0.0,373.77,0.0,0.0,0.0,0.0,0.0,0.0,0.0,0.0
54,108.2,149.36,106.72,0.0,0.0,0.0,113.68,147.91,101.27,0.0,0.0,0.0,101.08,195.25,96.04,0.0,0.0,0.0,104.6,180.66,98.37,0.0,0.0,0.0,91.92,175.37,100.94,0.0,0.0,0.0,159.97,330.66,0.0,0.0,159.73,352.16,0.0,0.0,519.43,0.0,0.0,0.0,206.58,0.0,0.0,0.0,0.0
55,76.83,132.57,137.02,86.51,0.0,0.0,72.82,122.11,142.57,95.24,0.0,0.0,82.0,147.65,111.49,58.0,0.0,0.0,80.39,137.92,120.75,86.29,0.0,0.0,88.97,164.01,107.54,0.0,0.0,0.0,164.97,279.04,82.57,0.0,198.08,255.74,0.0,0.0,146.95,361.5,0.0,0.0,0.0,0.0,0.0,0.0,0.0
56,94.14,188.12,148.37,0.0,0.0,0.0,100.7,190.71,110.07,89.3,0.0,0.0,102.86,219.87,102.27,0.0,0.0,0.0,107.37,176.39,138.37,82.66,0.0,0.0,85.04,159.71,156.47,98.01,0.0,0.0,142.7,210.16,192.08,0.0,133.5,326.07,0.0,0.0,115.23,332.6,0.0,0.0,264.9,0.0,0.0,0.0,0.0
57,85.09,163.76,113.4,0.0,0.0,0.0,84.01,151.3,113.88,0.0,0.0,0.0,82.0,147.29,115.51,98.53,0.0,0.0,79.9,135.02,121.12,75.81,0.0,0.0,76.0,130.09,123.86,92.88,0.0,0.0,276.96,81.03,0.0,0.0,433.96,0.0,0.0,0.0,358.65,0.0,0.0,0.0,0.0,0.0,0.0,0.0,0.0
58,111.65,169.18,102.4,0.0,0.0,0.0,114.36,161.19,108.78,0.0,0.0,0.0,101.53,213.38,94.88,0.0,0.0,0.0,107.22,342.14,0.0,0.0,0.0,0.0,68.0,119.45,125.57,102.14,0.0,0.0,167.47,246.94,0.0,0.0,159.9,315.5,0.0,0.0,256.99,141.8,0.0,0.0,0.0,0.0,0.0,0.0,0.0
59,78.32,135.02,127.32,85.47,0.0,0.0,84.48,152.63,114.23,77.17,0.0,0.0,83.77,150.62,116.65,82.87,0.0,0.0,81.35,145.95,118.54,84.37,0.0,0.0,84.98,153.37,113.03,72.38,85.84,0.0,170.42,138.8,0.0,0.0,200.96,67.8,42.9,0.0,331.52,0.0,0.0,0.0,0.0,0.0,0.0,0.0,0.0
60,96.0,188.82,100.31,0.0,0.0,0.0,101.19,212.7,92.92,0.0,0.0,0.0,107.13,232.38,90.08,0.0,0.0,0.0,110.71,191.72,93.05,0.0,0.0,0.0,114.04,162.34,101.73,72.15,0.0,0.0,145.13,143.86,0.0,0.0,138.6,309.68,0.0,0.0,132.5,329.92,0.0,0.0,0.0,0.0,0.0,0.0,0.0
61,88.86,142.28,125.24,95.97,0.0,0.0,81.67,139.02,126.96,108.51,0.0,0.0,66.88,129.84,139.23,114.4,97.4,0.0,117.19,141.04,115.74,115.71,0.0,0.0,93.76,154.29,117.16,89.41,0.0,0.0,216.89,316.17,0.0,0.0,244.78,296.45,0.0,0.0,271.51,228.73,105.73,0.0,0.0,0.0,0.0,0.0,0.0
62,107.93,184.03,112.47,0.0,0.0,0.0,108.68,191.17,103.54,0.0,0.0,0.0,99.14,162.36,123.08,80.0,0.0,0.0,102.85,175.52,115.31,0.0,0.0,0.0,92.15,153.69,127.29,93.23,0.0,0.0,182.24,188.17,0.0,0.0,173.14,203.16,0.0,0.0,75.4,354.26,0.0,0.0,0.0,0.0,0.0,0.0,0.0
63,116.68,156.81,119.9,167.46,0.0,0.0,114.78,166.18,112.69,0.0,0.0,0.0,79.53,138.21,135.62,99.48,0.0,0.0,66.37,128.4,136.04,101.12,0.0,0.0,90.93,147.62,129.5,99.44,0.0,0.0,182.95,121.2,0.0,0.0,189.69,79.77,0.0,0.0,165.87,242.73,0.0,0.0,0.0,0.0,0.0,0.0,0.0
64,94.19,155.31,138.95,95.39,0.0,0.0,99.13,160.07,136.88,92.24,0.0,0.0,102.62,171.28,130.68,64.88,0.0,0.0,106.06,180.83,128.75,0.0,0.0,0.0,89.86,144.27,163.18,86.88,0.0,0.0,156.7,279.98,0.0,0.0,72.93,302.49,0.0,0.0,319.08,0.0,0.0,0.0,0.0,0.0,0.0,0.0,0.0
65,90.05,147.24,156.44,93.56,0.0,0.0,87.22,140.96,176.32,82.18,0.0,0.0,78.38,137.1,178.48,92.97,0.0,0.0,115.28,217.01,104.1,85.87,0.0,0.0,116.36,210.0,109.45,115.86,0.0,0.0,218.23,215.83,0.0,0.0,256.12,174.93,0.0,0.0,297.22,104.67,0.0,0.0,0.0,0.0,0.0,0.0,0.0
66,108.4,190.64,132.4,0.0,0.0,0.0,109.74,196.67,109.23,94.97,0.0,0.0,100.03,165.0,156.53,81.38,0.0,0.0,105.66,177.24,137.22,76.87,0.0,0.0,113.43,238.72,102.25,0.0,0.0,0.0,186.3,0.0,0.0,0.0,173.27,314.83,0.0,0.0,205.12,0.0,0.0,0.0,0.0,0.0,0.0,0.0,0.0
67,118.01,154.18,112.09,0.0,0.0,0.0,115.72,156.99,101.74,0.0,0.0,0.0,86.02,139.08,143.85,0.0,0.0,0.0,73.02,132.61,152.1,0.0,0.0,0.0,112.69,236.48,86.4,0.0,0.0,0.0,187.12,83.07,55.77,0.0,190.5,63.5,59.73,0.0,151.4,158.7,0.0,0.0,0.0,0.0,0.0,0.0,0.0
68,96.77,158.99,137.65,0.0,0.0,0.0,99.52,163.47,115.15,107.2,0.0,0.0,104.59,177.13,100.58,0.0,0.0,0.0,108.22,185.22,91.95,0.0,0.0,0.0,109.13,196.48,89.02,0.0,0.0,0.0,157.3,141.37,0.0,0.0,110.13,205.64,0.0,0.0,275.69,0.0,0.0,0.0,0.0,0.0,0.0,0.0,0.0
69,114.53,466.72,0.0,0.0,0.0,0.0,112.27,229.75,158.26,109.0,0.0,0.0,111.14,228.35,167.68,108.64,0.0,0.0,110.07,217.91,169.14,112.23,0.0,0.0,68.0,132.61,232.85,115.12,71.04,0.0,158.66,262.83,0.0,0.0,172.8,181.22,67.7,0.0,180.56,119.97,88.53,0.0,106.28,96.15,119.37,0.0,0.0
70,91.13,148.7,183.76,117.99,87.86,0.0,91.58,151.91,182.08,117.51,81.72,0.0,88.01,141.85,185.77,133.27,70.0,0.0,126.92,247.09,152.54,106.91,0.0,0.0,125.68,469.5,0.0,0.0,0.0,0.0,326.86,76.13,0.0,0.0,307.84,83.6,0.0,0.0,167.53,214.36,0.0,0.0,0.0,0.0,0.0,0.0,0.0
71,101.43,168.22,154.72,48.0,0.0,0.0,99.01,163.03,156.21,99.49,0.0,0.0,106.65,202.46,109.92,84.78,0.0,0.0,103.11,180.23,144.36,125.99,0.0,0.0,76.58,122.92,162.72,106.63,124.81,0.0,142.83,75.93,62.6,0.0,103.1,94.1,74.53,0.0,282.58,0.0,0.0,0.0,0.0,0.0,0.0,0.0,0.0
72,32.0,121.0,275.24,88.62,0.0,0.0,75.52,121.56,191.4,131.06,0.0,0.0,81.16,123.76,189.6,109.54,0.0,0.0,82.32,126.64,189.33,95.94,0.0,0.0,110.07,266.92,145.38,0.0,0.0,0.0,229.98,184.98,0.0,0.0,207.38,193.55,127.1,0.0,194.27,271.71,0.0,0.0,634.8,0.0,0.0,0.0,0.0
73,110.32,379.84,0.0,0.0,0.0,0.0,107.31,212.72,150.48,0.0,0.0,0.0,106.05,188.88,159.09,0.0,0.0,0.0,102.24,174.96,161.36,82.67,0.0,0.0,101.34,167.0,170.54,72.4,0.0,0.0,151.57,416.47,0.0,0.0,157.99,366.35,0.0,0.0,158.3,273.54,0.0,0.0,0.0,0.0,0.0,0.0,0.0
74,83.26,127.48,148.61,110.74,0.0,0.0,87.97,128.91,142.92,103.06,0.0,0.0,81.14,123.43,190.21,82.73,0.0,0.0,81.97,124.97,162.11,83.24,109.09,0.0,92.81,139.49,133.03,92.87,0.0,0.0,314.04,171.12,0.0,0.0,393.5,0.0,0.0,0.0,142.13,182.65,152.7,0.0,0.0,0.0,0.0,0.0,0.0
75,102.2,174.39,129.87,77.0,0.0,0.0,99.03,164.33,132.14,77.65,0.0,0.0,107.15,208.09,114.19,60.0,0.0,0.0,105.34,186.36,127.92,69.46,0.0,0.0,92.16,138.33,133.31,102.71,0.0,0.0,273.63,175.0,0.0,0.0,103.17,260.64,100.37,0.0,332.68,105.3,0.0,0.0,0.0,0.0,0.0,0.0,0.0
76,52.0,121.53,206.95,84.25,0.0,0.0,79.0,122.96,189.66,107.11,0.0,0.0,81.56,124.81,153.54,96.71,0.0,0.0,82.82,126.81,129.36,108.81,0.0,0.0,86.53,128.76,114.63,110.78,0.0,0.0,236.93,0.0,0.0,0.0,222.79,230.39,0.0,0.0,201.76,277.38,0.0,0.0,0.0,0.0,0.0,0.0,0.0
77,94.74,140.49,122.04,95.81,0.0,0.0,91.83,138.32,129.63,94.63,0.0,0.0,91.11,133.81,150.53,93.98,0.0,0.0,89.98,132.49,169.58,54.0,111.33,0.0,104.65,181.59,112.38,151.95,0.0,0.0,240.71,164.09,0.0,0.0,330.05,123.6,0.0,0.0,363.02,0.0,0.0,0.0,0.0,0.0,0.0,0.0,0.0
78,114.53,190.83,99.96,83.58,0.0,0.0,115.83,182.62,111.74,0.0,0.0,0.0,110.0,255.95,94.11,0.0,0.0,0.0,111.97,334.53,0.0,0.0,0.0,0.0,106.92,202.99,96.24,0.0,0.0,0.0,174.06,219.82,0.0,0.0,173.3,291.8,0.0,0.0,210.06,177.72,0.0,0.0,0.0,0.0,0.0,0.0,0.0
79,88.41,130.2,164.97,0.0,0.0,0.0,86.34,128.0,168.71,0.0,0.0,0.0,91.12,137.64,140.81,0.0,0.0,0.0,90.28,133.16,142.8,59.62,0.0,0.0,97.9,149.14,109.21,80.3,0.0,0.0,186.43,251.31,78.97,0.0,202.1,107.23,100.33,80.2,171.45,337.82,0.0,0.0,0.0,0.0,0.0,0.0,0.0
80,106.32,195.82,100.49,0.0,0.0,0.0,107.53,238.42,94.32,0.0,0.0,0.0,110.63,183.46,101.66,0.0,0.0,0.0,113.03,170.01,108.33,0.0,0.0,0.0,96.25,147.26,128.5,0.0,0.0,0.0,171.36,367.85,0.0,0.0,171.09,368.09,0.0,0.0,160.5,438.94,0.0,0.0,0.0,0.0,0.0,0.0,0.0
81,101.8,144.11,102.14,76.03,0.0,0.0,97.38,141.46,105.67,83.52,0.0,0.0,92.06,139.84,106.94,89.31,0.0,0.0,86.5,137.18,121.96,77.82,0.0,0.0,85.08,133.24,132.98,0.0,0.0,0.0,318.71,241.28,0.0,0.0,380.37,178.85,0.0,0.0,417.94,176.7,0.0,0.0,634.8,0.0,0.0,0.0,0.0
82,113.95,199.49,116.32,79.83,0.0,0.0,116.96,217.13,114.42,0.0,0.0,0.0,110.16,186.06,138.73,77.96,0.0,0.0,111.3,196.03,138.32,0.0,0.0,0.0,78.55,129.18,260.76,0.0,0.0,0.0,359.46,0.0,0.0,0.0,371.1,0.0,0.0,0.0,165.06,148.8,0.0,0.0,0.0,0.0,0.0,0.0,0.0
83,86.34,136.89,160.13,104.32,0.0,0.0,84.42,132.23,160.51,114.25,0.0,0.0,95.78,141.08,155.49,85.08,0.0,0.0,91.41,138.83,157.16,103.73,0.0,0.0,78.0,124.97,381.74,0.0,0.0,0.0,294.29,0.0,0.0,0.0,288.67,0.0,0.0,0.0,233.12,102.7,0.0,0.0,0.0,0.0,0.0,0.0,0.0
84,109.28,182.72,159.48,103.73,0.0,0.0,109.74,183.21,154.61,106.44,0.0,0.0,110.69,190.65,154.46,101.61,0.0,0.0,112.73,198.09,147.27,98.71,0.0,0.0,117.4,249.57,145.37,91.82,0.0,0.0,208.73,307.49,0.0,0.0,188.32,319.04,0.0,0.0,171.21,398.74,0.0,0.0,276.22,192.75,0.0,0.0,0.0
85,79.72,130.48,165.82,131.6,94.55,0.0,77.26,124.68,191.12,128.94,90.58,0.0,73.06,120.11,255.33,106.14,0.0,0.0,67.99,117.98,278.3,97.51,0.0,0.0,91.04,138.0,164.3,117.68,93.06,0.0,209.99,293.1,31.93,0.0,223.88,282.24,0.0,0.0,510.14,0.0,0.0,0.0,184.77,0.0,0.0,0.0,0.0
86,105.79,158.11,151.74,107.21,98.75,0.0,108.16,166.0,149.72,105.18,95.68,0.0,99.07,142.85,252.09,104.83,0.0,0.0,102.7,151.02,160.23,114.09,97.52,0.0,87.41,137.49,302.99,97.93,0.0,0.0,164.0,0.0,0.0,0.0,155.17,205.71,0.0,0.0,178.34,0.0,0.0,0.0,85.08,82.95,77.27,72.0,68.52
87,48.0,117.49,272.15,0.0,0.0,0.0,116.88,208.53,131.88,0.0,0.0,0.0,74.96,124.0,228.07,0.0,0.0,0.0,72.58,118.85,364.75,0.0,0.0,0.0,81.66,132.16,150.96,115.22,0.0,0.0,164.28,0.0,0.0,0.0,172.07,0.0,0.0,0.0,149.03,0.0,0.0,0.0,0.0,0.0,0.0,0.0,0.0
88,92.26,140.6,142.43,113.32,0.0,0.0,97.85,142.43,142.43,98.61,0.0,0.0,102.34,145.26,141.08,94.9,0.0,0.0,105.24,155.15,140.34,71.7,0.0,0.0,80.42,131.89,167.49,105.13,0.0,0.0,139.17,0.0,0.0,0.0,131.5,0.0,0.0,0.0,69.83,214.53,0.0,0.0,0.0,0.0,0.0,0.0,0.0
89,80.76,132.08,149.89,0.0,0.0,0.0,114.84,201.05,62.0,0.0,0.0,0.0,73.34,120.66,171.7,0.0,0.0,0.0,72.22,118.21,311.29,0.0,0.0,0.0,117.41,252.61,0.0,0.0,0.0,0.0,210.32,0.0,0.0,0.0,0.0,0.0,0.0,0.0,0.0,0.0,0.0,0.0,0.0,0.0,0.0,0.0,0.0
90,105.83,163.26,99.04,142.03,0.0,0.0,108.46,177.26,91.55,133.97,0.0,0.0,100.93,143.32,132.59,140.96,0.0,0.0,103.72,153.24,128.22,0.0,0.0,0.0,110.28,186.16,81.53,0.0,0.0,0.0,168.9,0.0,0.0,0.0,157.55,0.0,0.0,0.0,198.83,0.0,0.0,0.0,0.0,0.0,0.0,0.0,0.0
91,46.0,109.67,167.81,131.78,8.0,127.39,109.02,166.21,149.81,87.15,0.0,0.0,81.28,113.67,177.13,121.81,0.0,0.0,74.68,110.8,172.59,125.02,0.0,0.0,105.98,151.99,157.63,121.39,0.0,0.0,191.54,329.26,0.0,0.0,192.25,211.02,106.07,0.0,186.4,382.67,0.0,0.0,0.0,0.0,0.0,0.0,0.0
92,95.51,128.09,327.38,0.0,0.0,0.0,69.68,110.39,167.94,87.84,0.0,0.0,98.21,130.78,185.73,74.0,0.0,0.0,98.22,132.53,140.88,140.3,0.0,0.0,100.12,134.44,118.55,80.68,0.0,0.0,180.6,196.5,0.0,0.0,166.06,250.24,0.0,0.0,154.72,438.05,0.0,0.0,0.0,0.0,0.0,0.0,0.0
93,106.61,158.02,105.3,0.0,0.0,0.0,105.64,151.61,110.27,0.0,0.0,0.0,103.26,144.39,112.35,0.0,0.0,0.0,100.95,136.49,113.91,87.45,0.0,0.0,74.11,110.6,171.9,0.0,0.0,0.0,181.42,0.03,0.0,0.0,183.86,0.0,0.0,0.0,187.0,0.0,0.0,0.0,0.0,0.0,0.0,0.0,0.0
94,92.75,122.95,237.91,90.0,0.0,0.0,93.67,123.98,320.68,0.0,0.0,0.0,84.99,114.09,180.73,118.16,0.0,0.0,87.27,118.35,199.56,112.9,0.0,0.0,70.0,110.51,167.96,119.83,0.0,0.0,372.14,0.0,0.0,0.0,203.54,134.27,0.0,0.0,161.4,193.17,0.0,0.0,0.0,0.0,0.0,0.0,0.0
95,100.46,135.39,186.08,98.56,0.0,0.0,98.78,133.23,192.25,97.33,0.0,0.0,104.79,150.19,150.37,104.81,101.51,0.0,103.22,144.23,161.93,101.93,0.0,0.0,108.35,165.87,129.26,116.75,0.0,0.0,128.52,308.49,0.0,0.0,158.2,279.06,0.0,0.0,310.91,0.0,0.0,0.0,0.0,0.0,0.0,0.0,0.0
96,78.49,112.02,175.59,147.14,0.0,0.0,84.52,113.76,178.27,144.99,0.0,0.0,86.0,118.28,185.59,90.0,0.0,0.0,91.53,122.39,214.97,0.0,0.0,0.0,108.18,162.84,234.83,0.0,0.0,0.0,267.73,150.33,71.47,0.0,236.15,308.76,0.0,0.0,211.89,311.94,0.0,0.0,0.0,0.0,0.0,0.0,0.0
97,108.21,163.15,116.58,88.06,0.0,0.0,106.5,155.2,124.15,97.85,0.0,0.0,104.76,148.73,124.24,112.7,0.0,0.0,101.8,137.69,138.4,109.16,0.0,0.0,100.27,134.93,146.86,104.32,0.0,0.0,182.69,311.38,0.0,0.0,186.44,282.06,0.0,0.0,190.53,258.16,90.57,0.0,0.0,0.0,0.0,0.0,0.0
98,93.59,123.74,292.67,0.0,0.0,0.0,95.33,125.47,165.06,93.21,0.0,0.0,85.92,118.07,184.44,0.0,0.0,0.0,91.25,120.11,206.22,0.0,0.0,0.0,96.7,129.41,164.05,0.0,0.0,0.0,144.03,317.55,78.13,0.0,322.79,228.05,0.0,0.0,175.31,314.24,0.0,0.0,0.0,0.0,0.0,0.0,0.0
99,101.13,137.49,177.33,102.0,0.0,0.0,103.8,145.03,176.09,100.0,0.0,0.0,106.35,152.5,144.76,113.05,0.0,0.0,104.59,147.54,158.08,107.82,0.0,0.0,96.59,128.5,210.21,97.27,0.0,0.0,148.6,312.19,0.0,0.0,199.59,273.06,0.0,0.0,326.34,165.68,0.0,0.0,143.52,0.0,0.0,0.0,0.0
100,80.82,112.36,177.05,133.53,81.35,0.0,85.89,114.43,182.41,133.12,66.0,0.0,91.21,119.38,200.2,106.81,0.0,0.0,93.1,123.28,243.2,91.15,0.0,0.0,94.34,124.61,259.58,87.76,0.0,0.0,269.37,191.1,44.47,0.0,243.16,259.34,0.0,0.0,212.65,268.03,0.0,0.0,0.0,0.0,0.0,0.0,0.0
101,97.86,224.63,0.0,0.0,0.0,0.0,96.71,202.44,0.0,0.0,0.0,0.0,93.59,166.63,111.37,0.0,0.0,0.0,91.58,152.64,139.7,0.0,0.0,0.0,109.14,145.95,125.04,0.0,0.0,0.0,0.0,0.0,0.0,0.0,0.0,0.0,0.0,0.0,0.0,0.0,0.0,0.0,0.0,0.0,0.0,0.0,0.0
102,119.73,176.89,103.24,0.0,0.0,0.0,56.0,124.49,151.04,80.51,0.0,0.0,113.14,223.02,76.0,0.0,0.0,0.0,115.91,185.6,102.6,0.0,0.0,0.0,107.02,246.56,0.0,0.0,0.0,0.0,359.95,0.0,0.0,0.0,195.1,107.2,0.0,0.0,395.62,0.0,0.0,0.0,0.0,0.0,0.0,0.0,0.0
103,91.48,148.85,121.56,103.8,0.0,0.0,84.0,139.29,146.94,0.0,0.0,0.0,95.55,200.46,111.22,0.0,0.0,0.0,93.13,166.26,112.33,0.0,0.0,0.0,104.36,241.48,65.87,0.0,0.0,0.0,209.91,24.3,0.0,0.0,310.42,0.0,0.0,0.0,173.56,297.4,0.0,0.0,0.0,0.0,0.0,0.0,0.0
104,110.23,217.01,94.51,0.0,0.0,0.0,112.29,167.89,110.96,0.0,0.0,0.0,115.76,160.06,116.75,0.0,0.0,0.0,116.95,136.54,120.62,101.72,0.0,0.0,99.24,225.95,104.23,0.0,0.0,0.0,157.24,95.17,24.93,21.53,151.95,249.95,0.0,0.0,134.9,262.32,0.0,0.0,0.0,0.0,0.0,0.0,0.0
105,102.9,237.95,0.0,0.0,0.0,0.0,97.0,211.16,104.91,0.0,0.0,0.0,95.2,192.88,105.23,0.0,0.0,0.0,92.16,159.83,127.62,0.0,0.0,0.0,87.5,144.34,134.19,0.0,0.0,0.0,340.29,0.0,0.0,0.0,287.76,12.3,0.0,0.0,108.5,285.22,0.0,0.0,0.0,0.0,0.0,0.0,0.0
106,54.0,121.84,132.0,72.0,0.0,0.0,65.67,131.24,108.31,110.48,0.0,0.0,115.34,180.3,54.0,0.0,0.0,0.0,116.15,146.57,91.86,0.0,0.0,0.0,81.87,138.27,99.0,0.0,0.0,0.0,230.86,0.0,0.0,0.0,185.99,169.2,0.0,0.0,286.1,0.0,0.0,0.0,0.0,0.0,0.0,0.0,0.0
107,91.89,159.7,118.55,86.12,0.0,0.0,84.87,141.63,127.28,95.81,0.0,0.0,96.78,207.39,102.28,154.55,0.0,0.0,94.21,181.49,118.0,78.76,0.0,0.0,81.51,135.03,134.91,96.16,0.0,0.0,280.9,124.43,104.03,0.0,187.37,257.22,99.47,0.0,181.84,326.52,0.0,0.0,0.0,0.0,0.0,0.0,0.0
108,111.83,176.83,102.45,84.53,0.0,0.0,115.01,172.95,109.9,0.0,0.0,0.0,116.03,171.95,109.63,100.11,0.0,0.0,121.53,163.11,110.13,42.0,0.0,0.0,60.0,129.11,138.66,97.7,0.0,0.0,159.57,327.58,0.0,0.0,154.63,404.48,0.0,0.0,150.32,468.9,0.0,0.0,0.0,0.0,0.0,0.0,0.0
109,81.98,138.73,191.53,127.7,0.0,0.0,80.57,133.8,203.56,112.65,0.0,0.0,70.0,133.02,244.41,108.72,0.0,0.0,68.72,132.33,301.71,0.0,0.0,0.0,93.94,180.96,190.25,92.56,0.0,0.0,167.51,285.42,0.0,0.0,181.44,136.57,73.97,0.0,191.83,126.87,0.0,0.0,0.0,0.0,0.0,0.0,0.0
110,106.38,310.99,125.28,0.0,0.0,0.0,106.67,355.05,100.22,0.0,0.0,0.0,97.56,218.64,144.3,108.3,0.0,0.0,105.6,256.1,131.62,82.34,0.0,0.0,105.83,267.06,129.05,73.29,0.0,0.0,132.0,340.71,0.0,0.0,123.0,388.19,0.0,0.0,152.13,303.45,0.0,0.0,0.0,0.0,0.0,0.0,0.0
111,65.78,121.99,299.14,57.18,0.0,0.0,44.0,121.57,272.32,92.03,0.0,0.0,83.04,130.97,155.48,144.11,0.0,0.0,72.56,126.38,318.05,0.0,0.0,0.0,90.18,139.13,144.98,120.22,0.0,0.0,245.58,275.19,0.0,0.0,289.95,122.2,72.0,45.6,214.51,320.53,0.0,0.0,0.0,0.0,0.0,0.0,0.0
112,93.52,142.28,106.65,88.38,0.0,0.0,96.53,149.98,98.54,83.93,0.0,0.0,100.03,158.47,95.07,83.12,0.0,0.0,106.21,169.77,90.82,0.0,0.0,0.0,86.78,137.51,135.94,0.0,0.0,0.0,196.36,92.53,0.0,0.0,183.33,100.9,21.23,0.0,170.73,138.3,0.0,0.0,0.0,0.0,0.0,0.0,0.0
113,88.68,137.91,110.66,89.86,0.0,0.0,84.57,132.45,140.49,0.0,0.0,0.0,77.18,129.98,381.39,0.0,0.0,0.0,66.9,124.98,306.44,0.0,0.0,0.0,63.87,121.8,292.3,0.0,0.0,0.0,305.83,0.0,0.0,0.0,287.26,0.0,0.0,0.0,273.92,90.67,0.0,0.0,0.0,0.0,0.0,0.0,0.0
114,107.72,174.01,171.07,117.06,0.0,0.0,108.45,181.88,149.65,137.65,0.0,0.0,99.29,155.42,254.47,42.0,76.76,0.0,105.47,169.15,210.72,106.45,0.0,0.0,118.47,225.93,144.0,103.22,0.0,0.0,253.06,277.29,0.0,0.0,226.03,277.51,0.0,0.0,357.54,221.04,0.0,0.0,0.0,0.0,0.0,0.0,0.0
115,66.43,124.55,299.69,95.19,0.0,0.0,52.0,121.62,277.0,127.76,0.0,0.0,83.86,131.83,260.24,108.31,0.0,0.0,76.86,127.69,369.29,0.0,0.0,0.0,117.79,223.93,145.75,106.26,0.0,0.0,286.13,274.7,0.0,0.0,333.81,241.93,0.0,0.0,216.61,314.86,0.0,0.0,0.0,0.0,0.0,0.0,0.0
116,94.46,144.55,180.43,71.77,0.0,0.0,96.61,153.42,145.82,94.51,0.0,0.0,104.74,165.96,144.25,83.51,0.0,0.0,106.53,170.37,139.59,70.6,0.0,0.0,108.33,181.21,134.48,0.0,0.0,0.0,203.93,288.29,141.13,0.0,194.32,327.76,0.0,0.0,174.11,336.54,36.77,0.0,216.89,0.0,0.0,0.0,0.0
117,118.62,226.78,123.6,78.64,0.0,0.0,116.72,220.93,137.74,75.16,0.0,0.0,110.71,197.71,141.66,103.55,0.0,0.0,109.82,188.34,145.94,105.14,0.0,0.0,75.16,126.6,358.66,0.0,0.0,0.0,207.06,233.21,0.0,0.0,216.39,179.41,0.0,0.0,239.35,170.3,0.0,0.0,0.0,0.0,0.0,0.0,0.0
118,92.68,140.95,218.44,88.1,87.29,0.0,93.13,142.21,214.57,103.87,0.0,0.0,84.95,137.13,348.7,0.0,0.0,0.0,94.56,146.61,202.14,117.94,0.0,0.0,100.1,164.0,152.54,122.57,62.39,0.0,125.63,378.84,0.0,0.0,406.53,0.0,0.0,0.0,185.82,283.43,0.0,0.0,0.0,0.0,0.0,0.0,0.0
119,109.61,188.22,174.31,97.94,0.0,0.0,108.05,176.87,180.51,100.68,0.0,0.0,111.34,205.06,152.56,99.61,0.0,0.0,110.12,196.5,157.51,104.91,0.0,0.0,121.39,248.49,149.85,96.2,0.0,0.0,146.17,136.63,103.17,0.0,177.03,123.9,85.07,0.0,315.06,0.0,0.0,0.0,0.0,0.0,0.0,0.0,0.0
120,80.89,130.53,216.96,105.87,84.12,0.0,84.63,135.14,206.36,108.3,77.18,0.0,88.84,138.53,186.8,135.33,0.0,0.0,92.2,140.84,181.56,126.49,76.79,0.0,120.03,228.89,150.45,96.83,0.0,0.0,343.72,0.0,0.0,0.0,341.71,0.0,0.0,0.0,357.28,0.0,0.0,0.0,0.0,0.0,0.0,0.0,0.0
121,140.44,139.04,96.45,136.22,87.56,0.0,143.02,138.78,91.59,137.11,109.34,0.0,144.57,137.65,90.14,150.4,79.05,0.0,151.45,130.9,89.2,183.77,66.65,0.0,158.45,126.19,82.88,192.96,0.0,0.0,303.38,169.14,0.0,0.0,365.27,14.97,0.0,0.0,181.36,248.43,0.0,0.0,0.0,0.0,0.0,0.0,0.0
122,196.95,115.08,175.62,97.76,0.0,0.0,181.35,121.34,192.04,86.5,0.0,0.0,241.08,99.92,155.09,82.05,0.0,0.0,218.43,103.96,157.72,102.14,0.0,0.0,171.6,123.04,75.53,131.16,81.61,0.0,162.95,268.55,0.0,0.0,197.8,175.56,0.0,0.0,209.54,131.6,0.0,0.0,163.21,0.0,0.0,0.0,0.0
123,153.51,128.67,90.26,110.4,102.08,0.0,159.89,124.63,84.02,141.85,72.15,0.0,144.27,137.83,90.4,104.52,104.47,0.0,146.17,137.09,87.25,121.28,90.78,0.0,176.36,122.69,72.51,111.58,97.77,0.0,227.48,103.73,0.0,0.0,171.98,256.31,0.0,0.0,333.51,0.0,0.0,0.0,0.0,0.0,0.0,0.0,0.0
124,352.83,147.93,109.54,0.0,0.0,0.0,253.33,99.29,148.06,111.02,0.0,0.0,228.65,103.19,161.41,124.04,0.0,0.0,201.21,106.79,169.95,124.84,0.0,0.0,196.63,117.52,163.28,125.15,0.0,0.0,370.33,0.0,0.0,0.0,204.1,108.13,0.0,0.0,228.65,0.0,0.0,0.0,0.0,0.0,0.0,0.0,0.0
125,170.61,123.7,81.54,125.45,93.85,0.0,177.27,121.84,72.0,128.63,114.93,0.0,179.24,121.78,68.0,144.6,78.5,0.0,181.28,121.54,214.29,0.0,0.0,0.0,147.96,132.52,95.13,128.23,90.08,0.0,217.96,36.77,0.0,0.0,154.37,110.57,0.0,0.0,231.63,0.0,0.0,0.0,201.67,0.0,0.0,0.0,0.0
