Day,Cath Room 1 Proc 1,Cath Room 1 Proc 2,Cath Room 1 Proc 3,Cath Room 1 Proc 4,Cath Room 1 Proc 5,Cath Room 1 Proc 6,Cath Room 1 Proc 7,Cath Room 1 Proc 8,Cath Room 2 Proc 1,Cath Room 2 Proc 2,Cath Room 2 Proc 3,Cath Room 2 Proc 4,Cath Room 2 Proc 5,Cath Room 2 Proc 6,Cath Room 2 Proc 7,Cath Room 2 Proc 8,Cath Room 3 Proc 1,Cath Room 3 Proc 2,Cath Room 3 Proc 3,Cath Room 3 Proc 4,Cath Room 3 Proc 5,Cath Room 3 Proc 6,Cath Room 3 Proc 7,Cath Room 3 Proc 8,Cath Room 4 Proc 1,Cath Room 4 Proc 2,Cath Room 4 Proc 3,Cath Room 4 Proc 4,Cath Room 4 Proc 5,Cath Room 4 Proc 6,Cath Room 4 Proc 7,Cath Room 4 Proc 8,Cath Room 5 Proc 1,Cath Room 5 Proc 2,Cath Room 5 Proc 3,Cath Room 5 Proc 4,Cath Room 5 Proc 5,Cath Room 5 Proc 6,Cath Room 5 Proc 7,Cath Room 5 Proc 8,EP Room 1 Proc 1,EP Room 1 Proc 2,EP Room 1 Proc 3,EP Room 1 Proc 4,EP Room 1 Proc 5,EP Room 1 Proc 6,EP Room 2 Proc 1,EP Room 2 Proc 2,EP Room 2 Proc 3,EP Room 2 Proc 4,EP Room 2 Proc 5,EP Room 2 Proc 6,EP Room 3 Proc 1,EP Room 3 Proc 2,EP Room 3 Proc 3,EP Room 3 Proc 4,EP Room 3 Proc 5,EP Room 3 Proc 6,EP Room 4 Proc 1,EP Room 4 Proc 2,EP Room 4 Proc 3,EP Room 4 Proc 4,EP Room 4 Proc 5,EP Room 4 Proc 6,Overflow Proc 1,Overflow Proc 2,Overflow Proc 3,Overflow Proc 4,Overflow Proc 5,Overflow Proc 6
1,217.16,198.97,158.43,59.16,0.0,0.0,0.0,0.0,155.85,153.27,142.4,140.14,0.0,0.0,0.0,0.0,132.94,127.91,125.09,124.64,109.08,0.0,0.0,0.0,106.77,102.17,98.84,94.27,94.26,92.95,0.0,0.0,91.69,89.01,85.16,68.63,107.2,106.06,0.0,0.0,377.97,244.42,0.0,0.0,0.0,0.0,377.97,119.97,90.93,0.0,0.0,0.0,377.97,158.87,0.0,0.0,0.0,0.0,0.0,0.0,0.0,0.0,0.0,0.0,0.0,0.0,0.0,0.0,0.0,0.0
2,268.53,227.43,136.28,0.0,0.0,0.0,0.0,0.0,201.8,169.47,168.05,93.56,0.0,0.0,0.0,0.0,162.66,149.44,148.36,124.45,0.0,0.0,0.0,0.0,123.08,110.58,109.56,102.8,97.03,89.87,0.0,0.0,93.35,88.02,182.97,157.86,0.0,0.0,0.0,0.0,364.34,238.75,0.0,0.0,0.0,0.0,364.34,149.23,83.67,0.0,0.0,0.0,364.34,149.23,0.0,0.0,0.0,0.0,0.0,0.0,0.0,0.0,0.0,0.0,294.26,149.23,133.07,0.0,0.0,0.0
3,206.05,193.33,181.64,0.0,0.0,0.0,0.0,0.0,178.51,166.52,166.33,120.85,0.0,0.0,0.0,0.0,156.93,147.17,127.46,124.22,0.0,0.0,0.0,0.0,108.35,106.28,92.34,88.08,85.86,83.7,0.0,0.0,81.85,115.62,0.0,0.0,0.0,0.0,0.0,0.0,244.03,180.74,180.74,0.0,0.0,0.0,180.74,256.9,193.21,0.0,0.0,0.0,156.1,97.8,0.0,0.0,0.0,0.0,0.0,0.0,0.0,0.0,0.0,0.0,0.0,0.0,0.0,0.0,0.0,0.0
4,248.39,183.0,174.99,0.0,0.0,0.0,0.0,0.0,158.63,155.52,142.32,118.73,0.0,0.0,0.0,0.0,109.16,107.15,105.52,104.92,100.84,99.56,0.0,0.0,94.08,81.47,76.0,62.0,0.0,0.0,0.0,0.0,0.0,0.0,0.0,0.0,0.0,0.0,0.0,0.0,282.97,79.47,0.0,0.0,0.0,0.0,0.0,0.0,0.0,0.0,0.0,0.0,0.0,0.0,0.0,0.0,0.0,0.0,0.0,0.0,0.0,0.0,0.0,0.0,0.0,0.0,0.0,0.0,0.0,0.0
5,354.93,200.67,0.0,0.0,0.0,0.0,0.0,0.0,182.42,170.52,153.94,127.92,0.0,0.0,0.0,0.0,134.3,132.88,118.69,101.29,99.67,0.0,0.0,0.0,95.33,93.93,90.79,90.24,81.48,79.71,0.0,0.0,0.0,0.0,0.0,0.0,0.0,0.0,0.0,0.0,470.86,0.0,0.0,0.0,0.0,0.0,207.55,200.07,0.0,0.0,0.0,0.0,0.0,0.0,0.0,0.0,0.0,0.0,0.0,0.0,0.0,0.0,0.0,0.0,0.0,0.0,0.0,0.0,0.0,0.0
6,340.49,182.9,108.2,0.0,0.0,0.0,0.0,0.0,176.04,161.01,146.29,140.94,0.0,0.0,0.0,0.0,133.42,129.67,121.17,120.23,118.25,0.0,0.0,0.0,116.32,113.36,107.28,107.25,104.31,83.59,0.0,0.0,103.41,99.44,95.18,93.91,93.01,88.2,0.0,0.0,368.0,257.94,0.0,0.0,0.0,0.0,228.43,228.43,159.17,0.0,0.0,0.0,228.43,129.4,67.9,0.0,0.0,0.0,0.0,0.0,0.0,0.0,0.0,0.0,77.24,75.82,72.11,70.0,62.0,634.8
7,197.92,193.94,157.25,84.86,0.0,0.0,0.0,0.0,143.14,138.84,131.95,128.52,87.03,0.0,0.0,0.0,120.16,115.28,108.11,96.74,154.17,0.0,0.0,0.0,154.17,154.17,176.86,0.0,0.0,0.0,0.0,0.0,343.84,0.0,0.0,0.0,0.0,0.0,0.0,0.0,412.98,211.21,0.0,0.0,0.0,0.0,341.82,211.21,0.0,0.0,0.0,0.0,324.27,211.21,0.0,0.0,0.0,0.0,0.0,0.0,0.0,0.0,0.0,0.0,0.0,0.0,0.0,0.0,0.0,0.0
8,385.65,185.4,0.0,0.0,0.0,0.0,0.0,0.0,173.28,158.91,149.71,139.1,0.0,0.0,0.0,0.0,138.74,128.61,124.98,123.72,109.49,0.0,0.0,0.0,122.29,120.39,104.33,102.53,100.75,80.93,0.0,0.0,99.83,99.52,95.93,93.14,92.38,92.04,0.0,0.0,267.38,73.63,204.1,0.0,0.0,0.0,172.21,158.78,143.17,143.17,0.0,0.0,143.17,124.07,124.07,124.07,108.5,0.0,0.0,0.0,0.0,0.0,0.0,0.0,80.55,80.0,108.5,108.5,0.0,0.0
9,191.08,173.85,173.81,84.91,0.0,0.0,0.0,0.0,170.32,164.47,154.59,142.65,0.0,0.0,0.0,0.0,140.29,128.56,128.1,124.88,112.07,0.0,0.0,0.0,112.05,111.51,110.4,105.97,103.66,83.94,0.0,0.0,96.54,75.47,410.63,0.0,0.0,0.0,0.0,0.0,419.85,190.4,0.0,0.0,0.0,0.0,314.35,163.7,148.43,0.0,0.0,0.0,0.0,0.0,0.0,0.0,0.0,0.0,0.0,0.0,0.0,0.0,0.0,0.0,0.0,0.0,0.0,0.0,0.0,0.0
10,230.11,157.11,156.43,86.04,0.0,0.0,0.0,0.0,132.02,131.76,123.96,123.07,121.63,0.0,0.0,0.0,119.23,113.88,112.81,106.82,103.13,78.76,0.0,0.0,102.62,101.17,100.01,99.6,94.97,92.85,0.0,0.0,82.69,80.11,77.73,74.07,65.1,0.0,0.0,0.0,380.52,193.6,0.0,0.0,0.0,0.0,380.52,123.37,0.0,0.0,0.0,0.0,380.52,0.0,0.0,0.0,0.0,0.0,0.0,0.0,0.0,0.0,0.0,0.0,364.43,273.03,0.0,0.0,0.0,0.0
11,60.0,0.0,0.0,0.0,0.0,0.0,0.0,0.0,0.0,0.0,0.0,0.0,0.0,0.0,0.0,0.0,0.0,0.0,0.0,0.0,0.0,0.0,0.0,0.0,0.0,0.0,0.0,0.0,0.0,0.0,0.0,0.0,0.0,0.0,0.0,0.0,0.0,0.0,0.0,0.0,0.0,0.0,0.0,0.0,0.0,0.0,0.0,0.0,0.0,0.0,0.0,0.0,0.0,0.0,0.0,0.0,0.0,0.0,0.0,0.0,0.0,0.0,0.0,0.0,0.0,0.0,0.0,0.0,0.0,0.0
12,242.17,218.9,160.26,0.0,0.0,0.0,0.0,0.0,157.95,152.21,150.48,145.05,0.0,0.0,0.0,0.0,143.94,127.43,116.86,111.37,108.75,0.0,0.0,0.0,102.18,101.92,93.93,92.16,87.84,83.38,0.0,0.0,74.43,0.0,0.0,0.0,0.0,0.0,0.0,0.0,569.84,0.0,0.0,0.0,0.0,0.0,335.17,270.6,0.0,0.0,0.0,0.0,178.49,174.72,156.3,115.17,0.0,0.0,0.0,0.0,0.0,0.0,0.0,0.0,0.0,0.0,0.0,0.0,0.0,0.0
13,358.05,162.86,111.18,0.0,0.0,0.0,0.0,0.0,155.96,153.69,148.56,136.7,4.0,0.0,0.0,0.0,128.63,127.32,123.27,122.45,104.23,0.0,0.0,0.0,103.48,97.27,93.94,91.35,91.09,90.89,0.0,0.0,80.83,78.25,185.52,180.47,85.77,0.0,0.0,0.0,376.0,213.82,0.0,0.0,0.0,0.0,376.0,211.97,0.0,0.0,0.0,0.0,376.0,185.67,0.0,0.0,0.0,0.0,0.0,0.0,0.0,0.0,0.0,0.0,75.33,75.33,75.33,216.98,0.0,0.0
14,216.11,202.77,183.62,0.0,0.0,0.0,0.0,0.0,174.09,166.51,160.49,132.13,0.0,0.0,0.0,0.0,142.25,128.85,123.68,120.22,111.8,0.0,0.0,0.0,108.06,105.02,104.2,100.57,96.72,94.32,0.0,0.0,84.45,74.11,73.63,0.0,0.0,0.0,0.0,0.0,399.76,230.9,0.0,0.0,0.0,0.0,331.42,259.98,0.0,0.0,0.0,0.0,170.87,167.6,0.0,0.0,0.0,0.0,0.0,0.0,0.0,0.0,0.0,0.0,0.0,0.0,0.0,0.0,0.0,0.0
15,271.66,215.48,122.53,0.0,0.0,0.0,0.0,0.0,173.01,160.29,157.42,116.32,0.0,0.0,0.0,0.0,115.75,108.73,108.08,103.28,96.71,96.64,0.0,0.0,92.97,90.21,85.52,164.7,157.1,0.0,0.0,0.0,121.53,101.1,72.83,177.49,0.0,0.0,0.0,0.0,386.87,177.98,0.0,0.0,0.0,0.0,386.87,177.98,0.0,0.0,0.0,0.0,386.87,177.98,0.0,0.0,0.0,0.0,0.0,0.0,0.0,0.0,0.0,0.0,345.73,292.16,274.91,0.0,0.0,0.0
16,373.35,234.87,0.0,0.0,0.0,0.0,0.0,0.0,338.72,216.93,71.56,0.0,0.0,0.0,0.0,0.0,181.77,161.3,156.65,134.13,0.0,0.0,0.0,0.0,128.01,112.31,110.53,104.69,104.25,66.85,0.0,0.0,100.75,87.15,79.26,133.12,118.82,0.0,0.0,0.0,307.79,200.99,79.07,0.0,0.0,0.0,190.8,190.8,190.8,0.0,0.0,0.0,218.48,150.93,93.33,89.67,0.0,0.0,0.0,0.0,0.0,0.0,0.0,0.0,0.0,0.0,0.0,0.0,0.0,0.0
17,182.85,144.03,140.84,132.21,20.0,0.0,0.0,0.0,129.03,119.15,109.62,109.55,107.0,0.0,0.0,0.0,89.71,81.61,70.89,117.26,0.0,0.0,0.0,0.0,0.0,0.0,0.0,0.0,0.0,0.0,0.0,0.0,0.0,0.0,0.0,0.0,0.0,0.0,0.0,0.0,379.92,100.57,149.34,0.0,0.0,0.0,371.33,145.07,104.57,0.0,0.0,0.0,299.07,0.0,0.0,0.0,0.0,0.0,0.0,0.0,0.0,0.0,0.0,0.0,0.0,0.0,0.0,0.0,0.0,0.0
18,274.62,136.11,124.93,93.84,0.0,0.0,0.0,0.0,114.77,106.77,100.99,100.25,88.51,84.06,0.0,0.0,84.04,78.12,77.76,118.82,0.0,0.0,0.0,0.0,0.0,0.0,0.0,0.0,0.0,0.0,0.0,0.0,0.0,0.0,0.0,0.0,0.0,0.0,0.0,0.0,239.9,202.26,86.1,104.0,0.0,0.0,413.74,212.33,0.0,0.0,0.0,0.0,221.29,132.43,90.2,0.0,0.0,0.0,0.0,0.0,0.0,0.0,0.0,0.0,0.0,0.0,0.0,0.0,0.0,0.0
19,524.92,109.16,0.0,0.0,0.0,0.0,0.0,0.0,166.32,123.62,123.54,121.66,97.72,0.0,0.0,0.0,117.27,114.93,106.45,103.89,101.69,89.87,0.0,0.0,83.83,83.34,82.28,72.03,0.0,0.0,0.0,0.0,0.0,0.0,0.0,0.0,0.0,0.0,0.0,0.0,373.92,207.69,0.0,0.0,0.0,0.0,337.93,293.39,0.0,0.0,0.0,0.0,192.75,84.33,121.37,0.0,0.0,0.0,0.0,0.0,0.0,0.0,0.0,0.0,0.0,0.0,0.0,0.0,0.0,0.0
20,219.5,218.31,162.06,0.0,0.0,0.0,0.0,0.0,154.1,151.3,125.54,108.22,86.72,0.0,0.0,0.0,107.34,97.89,95.9,83.02,107.18,0.0,0.0,0.0,0.0,0.0,0.0,0.0,0.0,0.0,0.0,0.0,0.0,0.0,0.0,0.0,0.0,0.0,0.0,0.0,330.33,240.84,0.0,0.0,0.0,0.0,180.58,233.63,185.17,0.0,0.0,0.0,106.3,84.2,69.33,0.0,0.0,0.0,0.0,0.0,0.0,0.0,0.0,0.0,0.0,0.0,0.0,0.0,0.0,0.0
21,208.44,185.09,167.66,73.45,0.0,0.0,0.0,0.0,160.51,155.78,146.99,145.47,0.0,0.0,0.0,0.0,137.53,132.37,129.06,125.48,102.45,0.0,0.0,0.0,119.15,118.25,114.47,112.63,102.39,0.0,0.0,0.0,98.47,98.39,93.91,92.58,85.46,163.03,0.0,0.0,350.83,236.29,0.0,0.0,0.0,0.0,180.35,180.35,180.35,0.0,0.0,0.0,207.78,207.78,207.78,0.0,0.0,0.0,0.0,0.0,0.0,0.0,0.0,0.0,166.53,125.53,120.97,177.39,0.0,0.0
22,208.64,194.26,149.48,78.46,0.0,0.0,0.0,0.0,144.18,99.58,99.02,88.09,86.75,85.34,22.0,0.0,83.85,104.56,0.0,0.0,0.0,0.0,0.0,0.0,0.0,0.0,0.0,0.0,0.0,0.0,0.0,0.0,0.0,0.0,0.0,0.0,0.0,0.0,0.0,0.0,324.46,259.34,0.0,0.0,0.0,0.0,173.64,150.63,101.67,0.0,0.0,0.0,0.0,0.0,0.0,0.0,0.0,0.0,0.0,0.0,0.0,0.0,0.0,0.0,0.0,0.0,0.0,0.0,0.0,0.0
23,341.16,214.73,0.0,0.0,0.0,0.0,0.0,0.0,146.26,123.63,116.54,110.38,105.35,0.0,0.0,0.0,104.44,87.46,85.17,107.74,0.0,0.0,0.0,0.0,0.0,0.0,0.0,0.0,0.0,0.0,0.0,0.0,0.0,0.0,0.0,0.0,0.0,0.0,0.0,0.0,321.38,175.83,134.87,0.0,0.0,0.0,321.38,119.63,87.53,0.0,0.0,0.0,321.38,0.0,0.0,0.0,0.0,0.0,0.0,0.0,0.0,0.0,0.0,0.0,0.0,0.0,0.0,0.0,0.0,0.0
24,251.07,222.85,142.06,0.0,0.0,0.0,0.0,0.0,221.71,172.35,140.3,96.59,0.0,0.0,0.0,0.0,138.85,128.89,123.45,115.55,103.69,0.0,0.0,0.0,103.23,101.95,101.12,87.48,76.53,70.43,0.0,0.0,115.79,0.0,0.0,0.0,0.0,0.0,0.0,0.0,530.95,103.5,0.0,0.0,0.0,0.0,350.89,247.95,0.0,0.0,0.0,0.0,211.53,143.3,0.0,0.0,0.0,0.0,0.0,0.0,0.0,0.0,0.0,0.0,0.0,0.0,0.0,0.0,0.0,0.0
25,275.67,177.73,161.15,0.0,0.0,0.0,0.0,0.0,146.51,144.33,125.08,123.69,89.07,0.0,0.0,0.0,121.01,120.52,119.48,113.39,100.78,0.0,0.0,0.0,98.56,97.73,95.38,88.1,79.25,158.61,0.0,0.0,255.31,236.21,133.67,0.0,0.0,0.0,0.0,0.0,353.19,276.34,0.0,0.0,0.0,0.0,244.35,244.35,133.67,0.0,0.0,0.0,244.35,169.19,161.62,0.0,0.0,0.0,0.0,0.0,0.0,0.0,0.0,0.0,161.62,161.62,184.5,133.67,0.0,0.0
26,203.52,158.58,149.8,122.26,0.0,0.0,0.0,0.0,146.55,142.14,124.61,124.2,96.92,0.0,0.0,0.0,115.89,108.09,106.29,105.13,104.18,94.33,0.0,0.0,102.84,96.72,89.11,86.15,82.86,74.77,71.35,0.0,67.81,63.7,62.0,32.0,158.28,108.88,74.62,0.0,329.58,178.23,92.57,0.0,0.0,0.0,321.25,174.76,136.43,0.0,0.0,0.0,164.07,158.28,158.28,75.7,56.33,0.0,0.0,0.0,0.0,0.0,0.0,0.0,0.0,0.0,0.0,0.0,0.0,0.0
27,277.01,251.93,104.2,0.0,0.0,0.0,0.0,0.0,207.35,174.36,137.63,97.41,0.0,0.0,0.0,0.0,135.01,118.41,79.24,72.82,70.38,70.0,57.51,0.0,54.0,146.03,90.77,186.43,0.0,0.0,0.0,0.0,0.0,0.0,0.0,0.0,0.0,0.0,0.0,0.0,612.53,0.0,0.0,0.0,0.0,0.0,398.46,233.57,0.0,0.0,0.0,0.0,337.93,157.5,120.0,0.0,0.0,0.0,0.0,0.0,0.0,0.0,0.0,0.0,0.0,0.0,0.0,0.0,0.0,0.0
28,181.55,176.43,159.19,115.1,0.0,0.0,0.0,0.0,143.22,127.22,109.03,89.07,86.55,0.0,0.0,0.0,84.31,83.93,83.88,82.84,188.2,0.0,0.0,0.0,0.0,0.0,0.0,0.0,0.0,0.0,0.0,0.0,0.0,0.0,0.0,0.0,0.0,0.0,0.0,0.0,214.9,204.54,171.93,0.0,0.0,0.0,65.9,228.15,106.1,0.0,0.0,0.0,0.0,0.0,0.0,0.0,0.0,0.0,0.0,0.0,0.0,0.0,0.0,0.0,0.0,0.0,0.0,0.0,0.0,0.0
29,256.9,203.18,153.32,0.0,0.0,0.0,0.0,0.0,127.62,127.24,124.46,119.65,116.75,0.0,0.0,0.0,115.71,106.96,102.84,91.85,91.32,75.96,0.0,0.0,70.27,138.14,0.0,0.0,0.0,0.0,0.0,0.0,0.0,0.0,0.0,0.0,0.0,0.0,0.0,0.0,359.05,219.79,0.0,0.0,0.0,0.0,296.52,313.3,0.0,0.0,0.0,0.0,168.47,147.43,118.37,0.0,0.0,0.0,0.0,0.0,0.0,0.0,0.0,0.0,0.0,0.0,0.0,0.0,0.0,0.0
30,155.0,135.78,124.26,103.88,85.77,0.0,0.0,0.0,82.8,81.12,78.77,66.25,0.0,0.0,0.0,0.0,0.0,0.0,0.0,0.0,0.0,0.0,0.0,0.0,0.0,0.0,0.0,0.0,0.0,0.0,0.0,0.0,0.0,0.0,0.0,0.0,0.0,0.0,0.0,0.0,392.15,99.4,0.0,0.0,0.0,0.0,392.15,192.34,0.0,0.0,0.0,0.0,392.15,0.0,0.0,0.0,0.0,0.0,0.0,0.0,0.0,0.0,0.0,0.0,311.32,278.46,267.6,0.0,0.0,0.0
31,239.27,0.0,0.0,0.0,0.0,0.0,0.0,0.0,0.0,0.0,0.0,0.0,0.0,0.0,0.0,0.0,0.0,0.0,0.0,0.0,0.0,0.0,0.0,0.0,0.0,0.0,0.0,0.0,0.0,0.0,0.0,0.0,0.0,0.0,0.0,0.0,0.0,0.0,0.0,0.0,0.0,0.0,0.0,0.0,0.0,0.0,0.0,0.0,0.0,0.0,0.0,0.0,0.0,0.0,0.0,0.0,0.0,0.0,0.0,0.0,0.0,0.0,0.0,0.0,0.0,0.0,0.0,0.0,0.0,0.0
32,186.95,172.91,165.68,105.76,0.0,0.0,0.0,0.0,153.86,153.77,140.69,139.08,0.0,0.0,0.0,0.0,129.97,125.32,118.59,117.18,115.36,0.0,0.0,0.0,111.67,109.3,102.67,102.02,96.22,87.26,0.0,0.0,84.84,84.37,69.54,105.03,0.0,0.0,0.0,0.0,444.37,189.13,0.0,0.0,0.0,0.0,309.98,297.57,0.0,0.0,0.0,0.0,269.93,269.93,0.0,0.0,0.0,0.0,0.0,0.0,0.0,0.0,0.0,0.0,269.93,262.45,0.0,0.0,0.0,0.0
33,270.31,242.61,120.66,0.0,0.0,0.0,0.0,0.0,238.11,174.06,167.99,0.0,0.0,0.0,0.0,0.0,134.54,128.56,114.03,108.34,100.8,0.0,0.0,0.0,97.32,95.95,95.15,93.59,90.8,90.09,0.0,0.0,90.06,89.8,82.56,81.32,79.29,183.45,0.0,0.0,322.85,250.45,0.0,0.0,0.0,0.0,322.85,170.4,0.0,0.0,0.0,0.0,322.85,170.4,0.0,0.0,0.0,0.0,0.0,0.0,0.0,0.0,0.0,0.0,170.4,148.5,0.0,0.0,0.0,0.0
34,564.23,0.0,0.0,0.0,0.0,0.0,0.0,0.0,186.85,170.04,151.5,126.25,0.0,0.0,0.0,0.0,140.45,132.33,131.32,126.64,103.46,0.0,0.0,0.0,123.9,123.34,119.43,112.49,112.42,0.0,0.0,0.0,112.23,107.32,100.17,96.25,94.62,86.64,0.0,0.0,314.15,240.71,0.0,0.0,0.0,0.0,230.91,184.81,98.53,0.0,0.0,0.0,0.0,0.0,0.0,0.0,0.0,0.0,0.0,0.0,0.0,0.0,0.0,0.0,115.77,0.0,0.0,0.0,0.0,0.0
35,255.89,226.68,135.69,0.0,0.0,0.0,0.0,0.0,159.39,134.22,133.45,129.15,75.07,0.0,0.0,0.0,123.37,112.2,100.61,79.25,72.12,122.23,0.0,0.0,170.53,87.6,0.0,0.0,0.0,0.0,0.0,0.0,0.0,0.0,0.0,0.0,0.0,0.0,0.0,0.0,432.93,196.82,0.0,0.0,0.0,0.0,432.93,196.82,0.0,0.0,0.0,0.0,432.93,196.82,0.0,0.0,0.0,0.0,0.0,0.0,0.0,0.0,0.0,0.0,196.39,0.0,0.0,0.0,0.0,0.0
36,205.63,189.84,185.51,0.0,0.0,0.0,0.0,0.0,138.99,132.27,128.25,123.79,111.24,0.0,0.0,0.0,117.35,113.43,105.01,100.82,94.66,93.46,0.0,0.0,91.51,90.49,88.95,87.54,84.78,72.33,71.46,0.0,0.0,0.0,0.0,0.0,0.0,0.0,0.0,0.0,333.23,281.99,0.0,0.0,0.0,0.0,135.17,81.27,0.0,0.0,0.0,0.0,0.0,0.0,0.0,0.0,0.0,0.0,0.0,0.0,0.0,0.0,0.0,0.0,0.0,0.0,0.0,0.0,0.0,0.0
37,232.12,215.41,186.26,0.0,0.0,0.0,0.0,0.0,190.96,168.06,157.43,116.13,0.0,0.0,0.0,0.0,153.24,135.98,121.74,120.41,101.01,0.0,0.0,0.0,99.92,93.76,87.51,85.72,74.95,126.98,0.0,0.0,110.1,0.0,0.0,0.0,0.0,0.0,0.0,0.0,314.49,309.88,0.0,0.0,0.0,0.0,296.21,236.5,0.0,0.0,0.0,0.0,236.5,236.5,104.13,0.0,0.0,0.0,0.0,0.0,0.0,0.0,0.0,0.0,0.0,0.0,0.0,0.0,0.0,0.0
38,344.27,241.86,0.0,0.0,0.0,0.0,0.0,0.0,192.44,167.33,147.72,122.59,0.0,0.0,0.0,0.0,141.95,140.49,138.35,133.81,79.94,0.0,0.0,0.0,132.69,132.21,115.38,109.39,104.59,0.0,0.0,0.0,104.44,97.97,94.48,91.07,85.22,155.83,0.0,0.0,370.87,260.83,0.0,0.0,0.0,0.0,370.87,171.81,81.7,0.0,0.0,0.0,370.87,170.59,0.0,0.0,0.0,0.0,0.0,0.0,0.0,0.0,0.0,0.0,169.34,139.93,0.0,0.0,0.0,0.0
39,195.64,165.36,126.39,118.12,0.0,0.0,0.0,0.0,117.35,110.25,106.78,106.67,104.25,86.21,0.0,0.0,102.97,101.0,98.77,98.22,91.74,81.4,50.0,0.0,72.51,72.06,0.0,0.0,0.0,0.0,0.0,0.0,0.0,0.0,0.0,0.0,0.0,0.0,0.0,0.0,287.68,66.67,24.87,0.0,0.0,0.0,0.0,0.0,0.0,0.0,0.0,0.0,0.0,0.0,0.0,0.0,0.0,0.0,0.0,0.0,0.0,0.0,0.0,0.0,0.0,0.0,0.0,0.0,0.0,0.0
40,634.8,0.0,0.0,0.0,0.0,0.0,0.0,0.0,279.34,201.62,152.9,0.0,0.0,0.0,0.0,0.0,173.32,142.61,139.12,130.11,0.0,0.0,0.0,0.0,118.57,106.82,101.23,100.11,97.31,85.13,0.0,0.0,81.8,75.88,146.73,130.87,92.9,0.0,0.0,0.0,235.36,235.36,60.1,59.0,0.0,0.0,235.36,211.31,58.13,0.0,0.0,0.0,211.31,211.31,151.23,0.0,0.0,0.0,0.0,0.0,0.0,0.0,0.0,0.0,0.0,0.0,0.0,0.0,0.0,0.0
41,208.28,202.99,187.22,0.0,0.0,0.0,0.0,0.0,184.17,167.3,159.44,120.5,0.0,0.0,0.0,0.0,133.23,118.33,117.77,117.59,112.74,0.0,0.0,0.0,105.3,103.04,102.36,101.56,100.73,93.22,0.0,0.0,92.64,87.28,76.62,74.0,132.05,0.0,0.0,0.0,213.91,190.06,190.06,0.0,0.0,0.0,190.06,179.26,142.23,0.0,0.0,0.0,0.0,0.0,0.0,0.0,0.0,0.0,0.0,0.0,0.0,0.0,0.0,0.0,0.0,0.0,0.0,0.0,0.0,0.0
42,206.85,173.1,161.07,86.97,0.0,0.0,0.0,0.0,156.99,149.5,143.44,140.4,0.0,0.0,0.0,0.0,139.42,108.53,95.45,81.78,78.93,78.52,0.0,0.0,77.65,317.79,84.8,84.8,0.0,0.0,0.0,0.0,84.8,106.22,0.0,0.0,0.0,0.0,0.0,0.0,395.84,207.12,0.0,0.0,0.0,0.0,395.84,207.12,0.0,0.0,0.0,0.0,395.84,207.12,0.0,0.0,0.0,0.0,0.0,0.0,0.0,0.0,0.0,0.0,315.24,311.68,261.47,0.0,0.0,0.0
43,365.76,211.79,20.0,0.0,0.0,0.0,0.0,0.0,273.89,144.91,136.92,70.39,0.0,0.0,0.0,0.0,135.03,123.19,119.11,117.91,111.0,0.0,0.0,0.0,84.0,81.09,176.92,175.66,81.13,0.0,0.0,0.0,118.03,0.0,0.0,0.0,0.0,0.0,0.0,0.0,317.09,317.09,0.0,0.0,0.0,0.0,317.09,235.44,71.03,0.0,0.0,0.0,235.44,235.44,150.51,0.0,0.0,0.0,0.0,0.0,0.0,0.0,0.0,0.0,0.0,0.0,0.0,0.0,0.0,0.0
44,263.92,181.17,180.46,0.0,0.0,0.0,0.0,0.0,179.49,163.56,154.58,135.25,0.0,0.0,0.0,0.0,144.26,141.96,138.22,137.77,0.0,0.0,0.0,0.0,129.96,115.8,110.89,105.81,102.3,0.0,0.0,0.0,95.42,92.97,92.38,116.29,88.16,0.0,0.0,0.0,318.09,315.42,0.0,0.0,0.0,0.0,277.71,176.93,128.9,0.0,0.0,0.0,182.36,108.3,0.0,0.0,0.0,0.0,0.0,0.0,0.0,0.0,0.0,0.0,0.0,0.0,0.0,0.0,0.0,0.0
45,429.08,192.91,0.0,0.0,0.0,0.0,0.0,0.0,239.08,229.93,112.04,0.0,0.0,0.0,0.0,0.0,176.03,171.74,110.69,102.7,69.39,0.0,0.0,0.0,95.28,88.7,85.88,74.0,68.24,0.0,0.0,0.0,0.0,0.0,0.0,0.0,0.0,0.0,0.0,0.0,391.81,166.83,0.0,0.0,0.0,0.0,341.9,246.81,0.0,0.0,0.0,0.0,341.9,0.0,0.0,0.0,0.0,0.0,0.0,0.0,0.0,0.0,0.0,0.0,341.9,0.0,0.0,0.0,0.0,0.0
46,276.19,261.93,96.21,0.0,0.0,0.0,0.0,0.0,243.92,187.17,176.73,0.0,0.0,0.0,0.0,0.0,139.02,120.74,120.64,109.53,106.4,0.0,0.0,0.0,105.27,100.65,96.97,95.3,93.64,89.72,0.0,0.0,86.84,84.55,82.77,80.97,70.0,117.38,74.69,0.0,350.64,234.5,0.0,0.0,0.0,0.0,340.34,206.6,0.0,0.0,0.0,0.0,340.34,185.21,0.0,0.0,0.0,0.0,0.0,0.0,0.0,0.0,0.0,0.0,340.34,0.0,0.0,0.0,0.0,0.0
47,308.79,281.72,44.0,0.0,0.0,0.0,0.0,0.0,186.68,162.22,153.76,130.39,0.0,0.0,0.0,0.0,133.95,123.41,120.77,108.67,102.22,0.0,0.0,0.0,100.65,95.22,57.39,0.0,0.0,0.0,0.0,0.0,0.0,0.0,0.0,0.0,0.0,0.0,0.0,0.0,366.32,254.82,0.0,0.0,0.0,0.0,335.12,154.33,128.17,0.0,0.0,0.0,306.26,119.93,0.0,0.0,0.0,0.0,0.0,0.0,0.0,0.0,0.0,0.0,0.0,0.0,0.0,0.0,0.0,0.0
48,176.67,160.12,158.79,137.61,0.0,0.0,0.0,0.0,150.14,141.85,140.25,137.51,60.0,0.0,0.0,0.0,134.88,131.62,131.57,129.01,105.23,0.0,0.0,0.0,127.92,126.24,125.47,120.86,114.08,0.0,0.0,0.0,113.47,113.42,112.97,103.73,97.29,89.96,0.0,0.0,419.52,195.34,0.0,0.0,0.0,0.0,363.23,258.16,0.0,0.0,0.0,0.0,214.98,75.97,0.0,0.0,0.0,0.0,0.0,0.0,0.0,0.0,0.0,0.0,94.02,85.7,0.0,0.0,0.0,0.0
49,198.36,161.92,151.74,119.7,0.0,0.0,0.0,0.0,147.09,141.11,138.93,135.37,0.0,0.0,0.0,0.0,135.1,125.6,116.05,114.7,114.48,0.0,0.0,0.0,109.31,107.08,105.55,92.38,86.68,85.32,0.0,0.0,81.81,78.66,102.23,0.0,0.0,0.0,0.0,0.0,203.41,108.9,57.57,146.7,0.0,0.0,138.2,0.0,0.0,0.0,0.0,0.0,0.0,0.0,0.0,0.0,0.0,0.0,0.0,0.0,0.0,0.0,0.0,0.0,0.0,0.0,0.0,0.0,0.0,0.0
50,278.87,206.08,148.65,0.0,0.0,0.0,0.0,0.0,187.31,156.48,148.08,138.17,0.0,0.0,0.0,0.0,134.85,117.27,115.94,111.97,110.07,44.0,0.0,0.0,100.58,98.0,93.8,93.49,85.6,85.02,0.0,0.0,337.5,184.98,0.0,0.0,0.0,0.0,0.0,0.0,321.45,49.07,158.18,75.93,0.0,0.0,470.52,147.8,0.0,0.0,0.0,0.0,385.14,0.0,0.0,0.0,0.0,0.0,0.0,0.0,0.0,0.0,0.0,0.0,0.0,0.0,0.0,0.0,0.0,0.0
51,236.23,193.62,151.3,0.0,0.0,0.0,0.0,0.0,149.13,135.02,127.61,123.63,97.0,0.0,0.0,0.0,121.37,121.11,118.73,115.51,115.26,0.0,0.0,0.0,107.37,106.39,101.26,92.04,91.09,88.97,0.0,0.0,80.39,80.25,80.03,79.9,78.27,72.8,153.88,0.0,258.49,133.5,189.47,0.0,0.0,0.0,180.36,164.97,142.7,115.23,0.0,0.0,0.0,0.0,0.0,0.0,0.0,0.0,0.0,0.0,0.0,0.0,0.0,0.0,0.0,0.0,0.0,0.0,0.0,0.0
52,190.06,185.06,175.37,82.0,0.0,0.0,0.0,0.0,172.07,165.8,155.03,130.45,0.0,0.0,0.0,0.0,127.87,116.17,114.36,107.13,101.44,61.64,0.0,0.0,100.7,96.25,92.42,84.48,0.0,0.0,0.0,0.0,0.0,0.0,0.0,0.0,0.0,0.0,0.0,0.0,634.8,0.0,0.0,0.0,0.0,0.0,373.77,229.16,0.0,0.0,0.0,0.0,229.16,229.16,141.27,0.0,0.0,0.0,0.0,0.0,0.0,0.0,0.0,0.0,0.0,0.0,0.0,0.0,0.0,0.0
53,223.32,222.75,174.63,0.0,0.0,0.0,0.0,0.0,156.24,151.23,147.65,139.66,0.0,0.0,0.0,0.0,124.43,123.17,122.36,120.2,119.89,0.0,0.0,0.0,119.43,114.04,111.65,110.71,92.49,85.73,0.0,0.0,89.85,0.0,0.0,0.0,0.0,0.0,0.0,0.0,166.11,166.11,166.11,0.0,0.0,0.0,200.96,159.9,145.13,0.0,0.0,0.0,145.13,145.13,0.0,0.0,0.0,0.0,0.0,0.0,0.0,0.0,0.0,0.0,0.0,0.0,0.0,0.0,0.0,0.0
54,219.87,212.7,195.25,0.0,0.0,0.0,0.0,0.0,188.12,159.71,142.57,122.11,0.0,0.0,0.0,0.0,120.75,120.05,119.45,117.94,114.92,0.0,0.0,0.0,111.49,106.72,94.14,86.29,72.16,58.0,0.0,0.0,0.0,0.0,0.0,0.0,0.0,0.0,0.0,0.0,352.16,279.04,0.0,0.0,0.0,0.0,255.74,82.57,167.47,0.0,0.0,0.0,138.6,132.5,0.0,0.0,0.0,0.0,0.0,0.0,0.0,0.0,0.0,0.0,0.0,0.0,0.0,0.0,0.0,0.0
55,180.66,176.57,163.76,107.54,0.0,0.0,0.0,0.0,153.37,149.36,147.91,137.02,0.0,0.0,0.0,0.0,130.09,101.27,100.94,98.37,96.04,95.24,0.0,0.0,92.95,85.09,170.42,146.95,86.51,0.0,0.0,0.0,0.0,0.0,0.0,0.0,0.0,0.0,0.0,0.0,519.43,0.0,0.0,0.0,0.0,0.0,361.5,206.58,0.0,0.0,0.0,0.0,330.66,206.58,0.0,0.0,0.0,0.0,0.0,0.0,0.0,0.0,0.0,0.0,330.66,330.66,206.58,0.0,0.0,0.0
56,176.39,166.34,156.47,110.07,0.0,0.0,0.0,0.0,148.37,138.37,107.22,104.6,102.86,0.0,0.0,0.0,102.27,101.19,101.08,98.01,90.41,89.3,0.0,0.0,89.26,84.98,82.66,82.44,81.35,81.28,76.0,0.0,62.0,264.9,0.0,0.0,0.0,0.0,0.0,0.0,332.6,276.96,0.0,0.0,0.0,0.0,326.07,256.99,0.0,0.0,0.0,0.0,210.16,192.08,0.0,0.0,0.0,0.0,0.0,0.0,0.0,0.0,0.0,0.0,0.0,0.0,0.0,0.0,0.0,0.0
57,164.61,164.01,132.57,123.86,0.0,0.0,0.0,0.0,121.12,113.4,102.4,92.88,91.92,84.01,0.0,0.0,83.77,73.44,72.82,98.53,0.0,0.0,0.0,0.0,0.0,0.0,0.0,0.0,0.0,0.0,0.0,0.0,0.0,0.0,0.0,0.0,0.0,0.0,0.0,0.0,433.96,159.97,0.0,0.0,0.0,0.0,358.65,266.54,0.0,0.0,0.0,0.0,81.03,0.0,0.0,0.0,0.0,0.0,0.0,0.0,0.0,0.0,0.0,0.0,0.0,0.0,0.0,0.0,0.0,0.0
58,342.14,188.82,102.14,0.0,0.0,0.0,0.0,0.0,169.9,169.18,161.19,125.57,0.0,0.0,0.0,0.0,152.63,150.62,147.29,115.51,0.0,0.0,0.0,0.0,113.88,108.78,94.88,82.25,82.0,75.81,72.0,0.0,0.0,0.0,0.0,0.0,0.0,0.0,0.0,0.0,315.5,315.5,0.0,0.0,0.0,0.0,315.5,246.94,0.0,0.0,0.0,0.0,198.08,141.8,141.8,141.8,0.0,0.0,0.0,0.0,0.0,0.0,0.0,0.0,0.0,0.0,0.0,0.0,0.0,0.0
59,213.38,191.72,149.31,76.83,0.0,0.0,0.0,0.0,145.95,137.92,134.5,118.54,96.0,0.0,0.0,0.0,113.68,113.03,108.2,101.53,100.31,93.05,0.0,0.0,85.04,72.38,72.15,85.84,0.0,0.0,0.0,0.0,0.0,0.0,0.0,0.0,0.0,0.0,0.0,0.0,331.52,42.9,228.57,0.0,0.0,0.0,329.92,159.73,0.0,0.0,0.0,0.0,0.0,0.0,0.0,0.0,0.0,0.0,0.0,0.0,0.0,0.0,0.0,0.0,0.0,0.0,0.0,0.0,0.0,0.0
60,232.38,190.71,162.34,0.0,0.0,0.0,0.0,0.0,135.02,127.32,116.65,114.23,101.73,0.0,0.0,0.0,97.16,92.92,90.08,85.47,84.37,82.87,78.32,0.0,77.17,68.0,63.82,0.0,0.0,0.0,0.0,0.0,0.0,0.0,0.0,0.0,0.0,0.0,0.0,0.0,309.68,67.8,143.86,0.0,0.0,0.0,143.86,143.86,138.8,0.0,0.0,0.0,0.0,0.0,0.0,0.0,0.0,0.0,0.0,0.0,0.0,0.0,0.0,0.0,0.0,0.0,0.0,0.0,0.0,0.0
61,171.28,141.04,139.23,126.96,0.0,0.0,0.0,0.0,125.68,125.24,118.01,117.16,115.74,0.0,0.0,0.0,114.4,112.69,108.51,106.06,105.66,87.22,0.0,0.0,95.97,91.58,91.13,89.41,86.02,81.67,68.0,0.0,115.71,97.4,0.0,0.0,0.0,0.0,0.0,0.0,316.17,296.45,0.0,0.0,0.0,0.0,72.93,72.93,72.93,228.73,173.27,0.0,105.73,105.73,105.73,0.0,0.0,0.0,0.0,0.0,0.0,0.0,0.0,0.0,0.0,0.0,0.0,0.0,0.0,0.0
62,236.48,151.91,147.24,93.23,0.0,0.0,0.0,0.0,141.85,136.04,123.08,112.69,112.47,0.0,0.0,0.0,104.59,101.12,99.48,157.3,157.3,0.0,0.0,0.0,157.3,0.0,0.0,0.0,0.0,0.0,0.0,0.0,0.0,0.0,0.0,0.0,0.0,0.0,0.0,0.0,354.26,242.73,0.0,0.0,0.0,0.0,242.73,242.73,79.77,0.0,0.0,0.0,203.16,190.5,188.17,0.0,0.0,0.0,0.0,0.0,0.0,0.0,0.0,0.0,0.0,0.0,0.0,0.0,0.0,0.0
63,185.22,177.13,166.18,103.54,0.0,0.0,0.0,0.0,156.81,153.69,142.28,135.62,0.0,0.0,0.0,0.0,129.5,127.29,119.9,115.31,115.28,0.0,0.0,0.0,109.74,109.13,108.4,99.44,90.05,88.86,0.0,0.0,80.0,73.02,167.46,0.0,0.0,0.0,0.0,0.0,167.53,216.89,187.12,0.0,0.0,0.0,121.2,0.0,0.0,0.0,0.0,0.0,0.0,0.0,0.0,0.0,0.0,0.0,0.0,0.0,0.0,0.0,0.0,0.0,0.0,0.0,0.0,0.0,0.0,0.0
64,217.01,196.48,184.03,0.0,0.0,0.0,0.0,0.0,177.24,175.52,163.18,117.19,0.0,0.0,0.0,0.0,156.44,147.62,136.88,129.84,0.0,0.0,0.0,0.0,128.75,126.92,116.36,114.53,100.03,0.0,0.0,0.0,95.39,92.24,92.15,64.88,0.0,0.0,0.0,0.0,279.98,215.83,0.0,0.0,0.0,0.0,271.51,218.23,0.0,0.0,0.0,0.0,205.12,165.87,158.66,0.0,0.0,0.0,0.0,0.0,0.0,0.0,0.0,0.0,0.0,0.0,0.0,0.0,0.0,0.0
65,217.91,210.0,178.48,0.0,0.0,0.0,0.0,0.0,176.32,138.95,130.68,113.43,0.0,0.0,0.0,0.0,109.45,104.1,94.19,93.56,92.97,88.01,0.0,0.0,86.88,82.18,115.86,85.87,0.0,0.0,0.0,0.0,0.0,0.0,0.0,0.0,0.0,0.0,0.0,0.0,319.08,302.49,0.0,0.0,0.0,0.0,174.93,174.93,174.93,104.67,0.0,0.0,186.3,110.13,110.13,110.13,0.0,0.0,0.0,0.0,0.0,0.0,0.0,0.0,0.0,0.0,0.0,0.0,0.0,0.0
66,238.72,158.99,156.53,78.38,0.0,0.0,0.0,0.0,140.96,139.08,137.22,132.61,76.87,0.0,0.0,0.0,132.4,110.07,109.23,102.85,102.25,66.88,0.0,0.0,99.52,94.97,182.24,182.24,0.0,0.0,0.0,0.0,173.14,172.8,81.38,0.0,0.0,0.0,0.0,0.0,314.83,189.69,0.0,0.0,0.0,0.0,189.69,189.69,180.56,0.0,0.0,0.0,180.56,180.56,182.24,0.0,0.0,0.0,0.0,0.0,0.0,0.0,0.0,0.0,0.0,0.0,0.0,0.0,0.0,0.0
67,228.35,191.17,165.0,0.0,0.0,0.0,0.0,0.0,163.47,154.18,152.1,148.7,0.0,0.0,0.0,0.0,143.85,116.68,115.15,112.09,108.68,0.0,0.0,0.0,91.95,86.4,0.0,0.0,0.0,0.0,0.0,0.0,0.0,0.0,0.0,0.0,0.0,0.0,0.0,0.0,275.69,151.4,182.95,0.0,0.0,0.0,158.7,156.7,63.5,59.73,0.0,0.0,0.0,0.0,0.0,0.0,0.0,0.0,0.0,0.0,0.0,0.0,0.0,0.0,0.0,0.0,0.0,0.0,0.0,0.0
68,466.72,162.36,0.0,0.0,0.0,0.0,0.0,0.0,190.64,156.99,154.29,114.78,0.0,0.0,0.0,0.0,144.27,139.02,138.21,137.65,0.0,0.0,0.0,0.0,108.22,102.62,101.74,100.58,96.77,89.02,0.0,0.0,79.53,107.2,0.0,0.0,0.0,0.0,0.0,0.0,205.64,205.64,205.64,0.0,0.0,0.0,75.4,141.37,83.07,83.07,83.07,55.77,0.0,0.0,0.0,0.0,0.0,0.0,0.0,0.0,0.0,0.0,0.0,0.0,0.0,0.0,0.0,0.0,0.0,0.0
69,247.09,229.75,152.54,0.0,0.0,0.0,0.0,0.0,196.67,182.08,167.68,81.72,0.0,0.0,0.0,0.0,160.07,137.1,132.61,128.4,71.04,0.0,0.0,0.0,115.72,112.27,111.14,108.64,106.91,70.0,0.0,0.0,99.14,93.76,66.37,119.37,0.0,0.0,0.0,0.0,262.83,244.78,119.97,0.0,0.0,0.0,181.22,214.36,76.13,67.7,0.0,0.0,0.0,0.0,0.0,0.0,0.0,0.0,0.0,0.0,0.0,0.0,0.0,0.0,0.0,0.0,0.0,0.0,0.0,0.0
70,469.5,158.26,0.0,0.0,0.0,0.0,0.0,0.0,232.85,185.77,183.76,0.0,0.0,0.0,0.0,0.0,180.83,169.14,155.31,117.99,0.0,0.0,0.0,0.0,133.27,117.51,115.12,112.23,109.0,0.0,0.0,0.0,107.93,106.28,99.13,96.15,90.93,89.86,0.0,0.0,326.86,83.6,88.53,0.0,0.0,0.0,326.86,307.84,0.0,0.0,0.0,0.0,326.86,297.22,0.0,0.0,0.0,0.0,0.0,0.0,0.0,0.0,0.0,0.0,87.86,256.12,0.0,0.0,0.0,0.0
71,238.42,162.72,156.21,48.0,0.0,0.0,0.0,0.0,154.72,144.36,140.49,139.49,32.0,0.0,0.0,0.0,109.92,106.63,102.2,99.49,99.03,97.9,0.0,0.0,94.74,91.12,90.28,84.78,82.32,81.16,79.0,0.0,125.99,124.81,0.0,0.0,0.0,0.0,0.0,0.0,174.06,330.05,103.1,0.0,0.0,0.0,207.38,142.83,94.1,75.93,75.93,0.0,75.93,74.53,74.53,74.53,62.6,0.0,0.0,0.0,0.0,0.0,0.0,0.0,0.0,0.0,0.0,0.0,0.0,0.0
72,212.72,208.09,191.4,0.0,0.0,0.0,0.0,0.0,189.33,186.36,168.22,81.56,0.0,0.0,0.0,0.0,164.33,161.36,159.09,137.64,0.0,0.0,0.0,0.0,150.48,122.92,111.97,109.54,107.15,0.0,0.0,0.0,105.34,95.94,92.81,81.14,202.1,0.0,0.0,0.0,416.47,193.55,0.0,0.0,0.0,0.0,332.68,273.54,0.0,0.0,0.0,0.0,332.68,271.71,0.0,0.0,0.0,0.0,0.0,0.0,0.0,0.0,0.0,0.0,332.68,634.8,0.0,0.0,0.0,0.0
73,275.24,189.6,145.38,0.0,0.0,0.0,0.0,0.0,180.23,170.54,131.06,128.0,0.0,0.0,0.0,0.0,127.48,122.96,121.53,110.63,110.32,0.0,0.0,0.0,103.11,96.25,91.83,88.62,82.67,81.97,72.4,0.0,142.13,142.13,142.13,127.1,0.0,0.0,0.0,0.0,366.35,222.79,0.0,0.0,0.0,0.0,366.35,184.98,0.0,0.0,0.0,0.0,366.35,151.57,103.17,0.0,0.0,0.0,0.0,0.0,0.0,0.0,0.0,0.0,282.58,103.17,103.17,0.0,0.0,0.0
74,266.92,202.99,162.11,0.0,0.0,0.0,0.0,0.0,190.21,188.88,148.61,106.32,0.0,0.0,0.0,0.0,142.92,133.31,128.76,127.92,101.43,0.0,0.0,0.0,126.81,126.64,107.31,106.05,87.97,77.65,0.0,0.0,83.24,82.82,82.73,76.58,109.09,0.0,0.0,0.0,273.63,240.71,0.0,0.0,0.0,0.0,171.09,201.76,182.65,0.0,0.0,0.0,175.0,171.45,160.5,0.0,0.0,0.0,0.0,0.0,0.0,0.0,0.0,0.0,0.0,0.0,0.0,0.0,0.0,0.0
75,379.84,167.0,77.0,0.0,0.0,0.0,0.0,0.0,138.32,133.03,132.14,129.87,99.01,0.0,0.0,0.0,114.19,110.74,103.06,102.71,92.87,92.16,0.0,0.0,69.46,60.0,171.12,152.7,105.3,0.0,0.0,0.0,100.37,0.0,0.0,0.0,0.0,0.0,0.0,0.0,393.5,229.98,0.0,0.0,0.0,0.0,393.5,229.98,0.0,0.0,0.0,0.0,393.5,229.98,0.0,0.0,0.0,0.0,0.0,0.0,0.0,0.0,0.0,0.0,314.04,260.64,0.0,0.0,0.0,0.0
76,206.95,195.82,189.66,0.0,0.0,0.0,0.0,0.0,153.54,147.26,133.81,129.36,52.0,0.0,0.0,0.0,114.63,110.78,110.07,108.81,102.24,86.34,0.0,0.0,101.34,96.71,91.11,89.98,84.25,83.26,0.0,0.0,107.11,0.0,0.0,0.0,0.0,0.0,0.0,0.0,277.38,230.39,0.0,0.0,0.0,0.0,171.36,0.0,0.0,0.0,0.0,0.0,0.0,0.0,0.0,0.0,0.0,0.0,0.0,0.0,0.0,0.0,0.0,0.0,0.0,0.0,0.0,0.0,0.0,0.0
77,174.96,169.58,150.53,132.49,0.0,0.0,0.0,0.0,130.2,129.63,124.81,121.56,114.53,0.0,0.0,0.0,112.38,111.74,107.53,96.24,94.63,94.11,0.0,0.0,93.98,151.95,111.33,0.0,0.0,0.0,0.0,0.0,0.0,0.0,0.0,0.0,0.0,0.0,0.0,0.0,363.02,158.3,0.0,0.0,0.0,0.0,291.8,157.99,0.0,0.0,0.0,0.0,0.0,0.0,0.0,0.0,0.0,0.0,0.0,0.0,0.0,0.0,0.0,0.0,0.0,0.0,0.0,0.0,0.0,0.0
78,334.53,190.83,106.65,0.0,0.0,0.0,0.0,0.0,182.62,174.39,133.16,128.91,0.0,0.0,0.0,0.0,124.97,122.04,121.0,104.65,99.96,54.0,0.0,0.0,95.81,86.53,75.52,83.58,0.0,0.0,0.0,0.0,0.0,0.0,0.0,0.0,0.0,0.0,0.0,0.0,219.82,177.72,173.3,0.0,0.0,0.0,164.09,123.6,0.0,0.0,0.0,0.0,0.0,0.0,0.0,0.0,0.0,0.0,0.0,0.0,0.0,0.0,0.0,0.0,0.0,0.0,0.0,0.0,0.0,0.0
79,202.46,170.01,163.03,94.32,0.0,0.0,0.0,0.0,149.14,123.43,115.83,113.03,110.0,0.0,0.0,0.0,106.92,101.66,88.41,59.62,0.0,0.0,0.0,0.0,0.0,0.0,0.0,0.0,0.0,0.0,0.0,0.0,0.0,0.0,0.0,0.0,0.0,0.0,0.0,0.0,438.94,107.23,80.2,0.0,0.0,0.0,368.09,251.31,0.0,0.0,0.0,0.0,0.0,0.0,0.0,0.0,0.0,0.0,0.0,0.0,0.0,0.0,0.0,0.0,0.0,0.0,0.0,0.0,0.0,0.0
80,255.95,183.46,181.59,0.0,0.0,0.0,0.0,0.0,168.71,164.97,142.8,140.81,0.0,0.0,0.0,0.0,138.33,128.5,123.76,109.21,108.33,0.0,0.0,0.0,100.49,80.3,0.0,0.0,0.0,0.0,0.0,0.0,0.0,0.0,0.0,0.0,0.0,0.0,0.0,0.0,367.85,236.93,0.0,0.0,0.0,0.0,337.82,210.06,78.97,0.0,0.0,0.0,194.27,186.43,100.33,0.0,0.0,0.0,0.0,0.0,0.0,0.0,0.0,0.0,0.0,0.0,0.0,0.0,0.0,0.0
81,252.61,249.57,132.08,0.0,0.0,0.0,0.0,0.0,190.65,183.21,141.46,113.95,0.0,0.0,0.0,0.0,137.49,132.98,121.96,120.66,109.28,0.0,0.0,0.0,106.94,105.67,102.14,100.93,92.26,89.31,0.0,0.0,84.42,83.52,77.82,77.26,73.34,48.0,176.7,0.0,417.94,178.85,0.0,0.0,0.0,0.0,380.37,241.28,0.0,0.0,0.0,0.0,318.71,178.85,76.03,0.0,0.0,0.0,0.0,0.0,0.0,0.0,0.0,0.0,178.85,0.0,0.0,0.0,0.0,0.0
82,381.74,182.72,0.0,0.0,0.0,0.0,0.0,0.0,163.26,155.49,155.15,139.84,0.0,0.0,0.0,0.0,138.73,138.32,132.16,116.88,108.16,0.0,0.0,0.0,116.32,114.25,104.32,102.7,92.06,80.42,0.0,0.0,79.83,165.06,165.06,165.06,0.0,0.0,0.0,0.0,371.1,209.99,0.0,0.0,0.0,0.0,359.46,209.99,0.0,0.0,0.0,0.0,288.67,209.99,102.7,0.0,0.0,0.0,0.0,0.0,0.0,0.0,0.0,0.0,148.8,0.0,0.0,0.0,0.0,0.0
83,364.75,260.76,0.0,0.0,0.0,0.0,0.0,0.0,311.29,208.53,114.84,0.0,0.0,0.0,0.0,0.0,160.51,160.13,157.16,151.02,0.0,0.0,0.0,0.0,142.43,131.89,124.0,118.85,114.42,0.0,0.0,0.0,103.73,102.34,99.07,86.5,85.08,78.55,77.96,0.0,294.29,233.12,69.83,0.0,0.0,0.0,210.32,210.32,210.32,0.0,0.0,0.0,178.34,178.34,178.34,0.0,0.0,0.0,0.0,0.0,0.0,0.0,0.0,0.0,72.22,172.07,157.55,139.17,0.0,0.0
84,278.3,217.13,131.6,0.0,0.0,0.0,0.0,0.0,166.0,159.48,154.61,154.46,0.0,0.0,0.0,0.0,143.32,141.08,130.48,129.18,0.0,0.0,0.0,0.0,128.94,118.21,110.69,110.16,109.74,0.0,0.0,0.0,103.73,103.72,101.61,98.71,97.51,93.06,0.0,0.0,398.74,223.88,0.0,0.0,0.0,0.0,307.49,293.1,31.93,0.0,0.0,0.0,510.14,0.0,0.0,0.0,0.0,0.0,0.0,0.0,0.0,0.0,0.0,0.0,91.82,191.12,0.0,0.0,0.0,0.0
85,255.33,186.16,165.82,0.0,0.0,0.0,0.0,0.0,164.3,145.37,138.83,133.24,0.0,0.0,0.0,0.0,124.68,117.98,117.68,117.49,117.41,0.0,0.0,0.0,106.44,106.14,94.55,90.58,81.66,79.72,67.99,0.0,184.77,0.0,0.0,0.0,0.0,0.0,0.0,0.0,319.04,282.24,0.0,0.0,0.0,0.0,276.22,192.75,147.27,0.0,0.0,0.0,208.73,188.32,0.0,0.0,0.0,0.0,0.0,0.0,0.0,0.0,0.0,0.0,0.0,0.0,0.0,0.0,0.0,0.0
86,302.99,252.09,78.0,0.0,0.0,0.0,0.0,0.0,199.49,160.23,158.11,114.09,0.0,0.0,0.0,0.0,151.74,149.72,136.89,120.11,72.58,0.0,0.0,0.0,107.21,105.83,105.18,104.83,98.75,97.93,0.0,0.0,97.52,95.68,85.08,82.95,80.76,77.27,72.0,0.0,205.71,205.71,205.71,0.0,0.0,0.0,198.83,171.21,171.21,0.0,0.0,0.0,171.21,155.17,0.0,0.0,0.0,0.0,0.0,0.0,0.0,0.0,0.0,0.0,68.52,0.0,0.0,0.0,0.0,0.0
87,272.15,201.05,145.26,0.0,0.0,0.0,0.0,0.0,186.06,177.26,167.49,98.61,0.0,0.0,0.0,0.0,142.43,138.0,117.4,113.32,105.13,0.0,0.0,0.0,91.41,0.0,0.0,0.0,0.0,0.0,0.0,0.0,0.0,0.0,0.0,0.0,0.0,0.0,0.0,0.0,164.28,164.28,164.28,131.5,0.0,0.0,164.0,131.5,131.5,0.0,0.0,0.0,0.0,0.0,0.0,0.0,0.0,0.0,0.0,0.0,0.0,0.0,0.0,0.0,0.0,0.0,0.0,0.0,0.0,0.0
88,228.07,153.24,150.96,97.38,0.0,0.0,0.0,0.0,142.85,142.43,141.08,140.34,0.0,0.0,0.0,0.0,132.23,131.88,115.22,110.28,94.9,0.0,0.0,0.0,91.04,87.41,71.7,0.0,0.0,0.0,0.0,0.0,0.0,0.0,0.0,0.0,0.0,0.0,0.0,0.0,214.53,0.0,0.0,0.0,0.0,0.0,0.0,0.0,0.0,0.0,0.0,0.0,0.0,0.0,0.0,0.0,0.0,0.0,0.0,0.0,0.0,0.0,0.0,0.0,0.0,0.0,0.0,0.0,0.0,0.0
89,198.09,149.89,144.11,140.6,0.0,0.0,0.0,0.0,137.18,128.22,124.97,116.96,112.73,0.0,0.0,0.0,111.3,105.79,101.8,97.85,95.78,91.55,0.0,0.0,85.08,73.06,0.0,0.0,0.0,0.0,0.0,0.0,0.0,0.0,0.0,0.0,0.0,0.0,0.0,0.0,168.9,0.0,0.0,0.0,0.0,0.0,0.0,0.0,0.0,0.0,0.0,0.0,0.0,0.0,0.0,0.0,0.0,0.0,0.0,0.0,0.0,0.0,0.0,0.0,0.0,0.0,0.0,0.0,0.0,0.0
90,634.8,0.0,0.0,0.0,0.0,0.0,0.0,0.0,196.03,171.7,132.59,108.46,0.0,0.0,0.0,0.0,105.24,99.04,86.34,81.53,74.96,62.0,0.0,0.0,142.03,140.96,133.97,0.0,0.0,0.0,0.0,0.0,0.0,0.0,0.0,0.0,0.0,0.0,0.0,0.0,149.03,0.0,0.0,0.0,0.0,0.0,0.0,0.0,0.0,0.0,0.0,0.0,0.0,0.0,0.0,0.0,0.0,0.0,0.0,0.0,0.0,0.0,0.0,0.0,0.0,0.0,0.0,0.0,0.0,0.0
91,214.97,177.05,163.15,8.0,0.0,0.0,0.0,0.0,157.63,149.81,136.49,133.23,0.0,0.0,0.0,0.0,131.78,125.02,123.98,121.81,121.39,0.0,0.0,0.0,114.09,112.02,108.21,105.64,101.8,87.15,0.0,0.0,85.89,161.4,148.6,106.07,127.39,0.0,0.0,0.0,382.67,211.02,0.0,0.0,0.0,0.0,329.26,211.02,0.0,0.0,0.0,0.0,211.02,191.54,180.6,0.0,0.0,0.0,0.0,0.0,0.0,0.0,0.0,0.0,0.0,0.0,0.0,0.0,0.0,0.0
92,165.87,162.84,130.78,122.95,0.0,0.0,0.0,0.0,112.35,95.33,87.84,80.82,80.68,74.11,74.0,0.0,140.3,0.0,0.0,0.0,0.0,0.0,0.0,0.0,0.0,0.0,0.0,0.0,0.0,0.0,0.0,0.0,0.0,0.0,0.0,0.0,0.0,0.0,0.0,0.0,438.05,196.5,0.0,0.0,0.0,0.0,250.24,175.31,0.0,0.0,0.0,0.0,0.0,0.0,0.0,0.0,0.0,0.0,0.0,0.0,0.0,0.0,0.0,0.0,0.0,0.0,0.0,0.0,0.0,0.0
93,327.38,292.67,0.0,0.0,0.0,0.0,0.0,0.0,185.73,167.96,167.94,110.6,0.0,0.0,0.0,0.0,147.54,140.88,118.55,113.91,113.67,0.0,0.0,0.0,110.27,106.5,105.3,87.45,84.99,84.52,0.0,0.0,78.49,74.68,0.0,0.0,0.0,0.0,0.0,0.0,269.37,269.37,0.03,0.0,0.0,0.0,269.37,190.53,158.2,0.0,0.0,0.0,186.4,128.52,0.0,0.0,0.0,0.0,0.0,0.0,0.0,0.0,0.0,0.0,0.0,0.0,0.0,0.0,0.0,0.0
94,237.91,192.25,186.08,0.0,0.0,0.0,0.0,0.0,178.27,175.59,155.2,123.28,0.0,0.0,0.0,0.0,152.5,144.39,144.23,137.49,0.0,0.0,0.0,0.0,119.83,116.75,112.36,110.39,104.81,69.68,0.0,0.0,100.27,98.78,98.56,94.34,90.0,86.0,0.0,0.0,372.14,203.54,0.0,0.0,0.0,0.0,279.06,267.73,0.0,0.0,0.0,0.0,193.17,183.86,0.0,0.0,0.0,0.0,0.0,0.0,0.0,0.0,0.0,0.0,0.0,0.0,0.0,0.0,0.0,0.0
95,177.13,161.93,150.37,145.03,0.0,0.0,0.0,0.0,134.44,132.53,129.26,128.5,106.61,0.0,0.0,0.0,118.35,118.16,112.9,106.35,105.98,46.0,0.0,0.0,101.93,97.33,95.51,93.67,93.59,85.92,0.0,0.0,81.28,211.89,181.42,144.03,0.0,0.0,0.0,0.0,308.49,308.49,0.0,0.0,0.0,0.0,308.49,199.59,0.0,0.0,0.0,0.0,186.44,186.44,186.44,0.0,0.0,0.0,0.0,0.0,0.0,0.0,0.0,0.0,134.27,101.51,0.0,0.0,0.0,0.0
96,234.83,199.56,182.41,0.0,0.0,0.0,0.0,0.0,167.81,151.61,150.19,147.14,0.0,0.0,0.0,0.0,144.99,128.09,122.39,110.51,104.59,0.0,0.0,0.0,103.8,103.26,101.13,100.12,92.75,91.53,0.0,0.0,90.0,0.0,0.0,0.0,0.0,0.0,0.0,0.0,311.94,308.76,0.0,0.0,0.0,0.0,187.0,150.33,71.47,71.47,71.47,0.0,0.0,0.0,0.0,0.0,0.0,0.0,0.0,0.0,0.0,0.0,0.0,0.0,0.0,0.0,0.0,0.0,0.0,0.0
97,172.59,166.21,165.06,124.61,0.0,0.0,0.0,0.0,164.05,151.99,148.73,138.4,0.0,0.0,0.0,0.0,137.69,124.15,123.74,119.38,118.28,0.0,0.0,0.0,116.58,112.7,109.67,109.16,109.02,0.0,0.0,0.0,108.18,104.32,97.85,93.21,93.1,88.06,0.0,0.0,317.55,314.24,0.0,0.0,0.0,0.0,314.24,314.24,0.0,0.0,0.0,0.0,258.16,243.16,90.57,0.0,0.0,0.0,0.0,0.0,0.0,0.0,0.0,0.0,228.05,154.72,0.0,0.0,0.0,0.0
98,200.2,185.59,184.44,0.0,0.0,0.0,0.0,0.0,180.73,171.9,158.02,113.76,0.0,0.0,0.0,0.0,146.86,135.39,134.93,124.24,70.0,0.0,0.0,0.0,110.8,103.22,96.7,96.59,182.69,0.0,0.0,0.0,310.91,78.13,0.0,0.0,0.0,0.0,0.0,0.0,322.79,311.38,0.0,0.0,0.0,0.0,322.79,311.38,0.0,0.0,0.0,0.0,322.79,311.38,0.0,0.0,0.0,0.0,0.0,0.0,0.0,0.0,0.0,0.0,282.06,0.0,0.0,0.0,0.0,0.0
99,320.68,259.58,0.0,0.0,0.0,0.0,0.0,0.0,206.22,144.76,133.53,133.12,0.0,0.0,0.0,0.0,129.41,120.11,113.05,108.35,104.76,0.0,0.0,0.0,102.0,100.95,100.46,91.21,87.27,81.35,66.0,0.0,143.52,0.0,0.0,0.0,0.0,0.0,0.0,0.0,326.34,259.34,0.0,0.0,0.0,0.0,236.15,165.68,0.0,0.0,0.0,0.0,0.0,0.0,0.0,0.0,0.0,0.0,0.0,0.0,0.0,0.0,0.0,0.0,0.0,0.0,0.0,0.0,0.0,0.0
100,243.2,210.21,177.33,0.0,0.0,0.0,0.0,0.0,176.09,158.08,125.47,118.07,0.0,0.0,0.0,0.0,114.43,107.82,106.81,104.79,100.0,98.22,0.0,0.0,98.21,97.27,91.25,91.15,87.76,166.06,0.0,0.0,192.25,191.1,0.0,0.0,0.0,0.0,0.0,0.0,312.19,273.06,44.47,0.0,0.0,0.0,268.03,268.03,0.0,0.0,0.0,0.0,268.03,212.65,0.0,0.0,0.0,0.0,0.0,0.0,0.0,0.0,0.0,0.0,0.0,0.0,0.0,0.0,0.0,0.0
101,145.95,139.7,125.04,111.37,0.0,0.0,0.0,0.0,0.0,0.0,0.0,0.0,0.0,0.0,0.0,0.0,0.0,0.0,0.0,0.0,0.0,0.0,0.0,0.0,0.0,0.0,0.0,0.0,0.0,0.0,0.0,0.0,0.0,0.0,0.0,0.0,0.0,0.0,0.0,0.0,0.0,0.0,0.0,0.0,0.0,0.0,0.0,0.0,0.0,0.0,0.0,0.0,0.0,0.0,0.0,0.0,0.0,0.0,0.0,0.0,0.0,0.0,0.0,0.0,0.0,0.0,0.0,0.0,0.0,0.0
102,310.99,267.06,0.0,0.0,0.0,0.0,0.0,0.0,246.56,223.02,159.83,0.0,0.0,0.0,0.0,0.0,185.6,181.49,176.89,65.87,0.0,0.0,0.0,0.0,151.04,138.27,121.56,121.53,97.56,0.0,0.0,0.0,116.95,111.22,110.23,107.02,104.36,0.0,0.0,0.0,395.62,108.5,0.0,0.0,0.0,0.0,310.42,297.4,0.0,0.0,0.0,0.0,195.1,0.0,0.0,0.0,0.0,0.0,0.0,0.0,0.0,0.0,0.0,0.0,102.6,97.0,0.0,0.0,0.0,0.0
103,218.64,148.85,146.94,113.14,0.0,0.0,0.0,0.0,112.33,112.29,103.24,95.2,94.21,93.13,0.0,0.0,92.16,81.98,80.51,76.0,187.37,107.2,0.0,0.0,103.8,0.0,0.0,0.0,0.0,0.0,0.0,0.0,0.0,0.0,0.0,0.0,0.0,0.0,0.0,0.0,359.95,230.86,24.3,0.0,0.0,0.0,359.95,230.86,0.0,0.0,0.0,0.0,359.95,230.86,0.0,0.0,0.0,0.0,0.0,0.0,0.0,0.0,0.0,0.0,157.24,0.0,0.0,0.0,0.0,0.0
104,160.06,144.34,135.03,133.02,0.0,0.0,0.0,0.0,132.33,127.62,119.73,116.75,116.15,0.0,0.0,0.0,111.83,110.96,105.6,104.23,91.58,101.72,0.0,0.0,0.0,0.0,0.0,0.0,0.0,0.0,0.0,0.0,0.0,0.0,0.0,0.0,0.0,0.0,0.0,0.0,287.76,249.95,24.93,0.0,0.0,0.0,154.63,152.13,95.17,0.0,0.0,0.0,0.0,0.0,0.0,0.0,0.0,0.0,0.0,0.0,0.0,0.0,0.0,0.0,0.0,0.0,0.0,0.0,0.0,0.0
105,256.1,241.48,136.54,0.0,0.0,0.0,0.0,0.0,217.01,192.88,167.89,0.0,0.0,0.0,0.0,0.0,152.64,139.29,134.19,120.62,87.5,0.0,0.0,0.0,105.23,104.91,94.51,91.48,80.57,0.0,0.0,0.0,0.0,0.0,0.0,0.0,0.0,0.0,0.0,0.0,340.29,285.22,0.0,0.0,0.0,0.0,340.29,280.9,12.3,0.0,0.0,0.0,340.29,280.9,0.0,0.0,0.0,0.0,0.0,0.0,0.0,0.0,0.0,0.0,280.9,262.32,167.51,123.0,21.53,0.0
106,180.3,146.57,141.63,132.0,0.0,0.0,0.0,0.0,115.91,108.31,105.83,99.24,99.0,91.86,0.0,0.0,84.0,81.87,65.67,60.0,54.0,54.0,110.48,72.0,0.0,0.0,0.0,0.0,0.0,0.0,0.0,0.0,0.0,0.0,0.0,0.0,0.0,0.0,0.0,0.0,286.1,169.2,159.57,0.0,0.0,0.0,191.83,191.83,191.83,0.0,0.0,0.0,134.9,132.0,0.0,0.0,0.0,0.0,0.0,0.0,0.0,0.0,0.0,0.0,0.0,0.0,0.0,0.0,0.0,0.0
107,172.95,171.95,166.63,118.55,0.0,0.0,0.0,0.0,166.26,159.7,127.28,124.49,0.0,0.0,0.0,0.0,115.34,110.13,109.63,106.38,102.45,84.87,0.0,0.0,97.86,97.7,96.71,96.16,84.53,68.72,0.0,0.0,99.47,154.55,0.0,0.0,0.0,0.0,0.0,0.0,327.58,257.22,0.0,0.0,0.0,0.0,326.52,257.22,0.0,0.0,0.0,0.0,257.22,181.44,150.32,0.0,0.0,0.0,0.0,0.0,0.0,0.0,0.0,0.0,0.0,0.0,0.0,0.0,0.0,0.0
108,211.16,207.39,176.83,0.0,0.0,0.0,0.0,0.0,163.11,138.66,134.91,133.8,42.0,0.0,0.0,0.0,121.84,118.0,116.03,109.9,102.28,0.0,0.0,0.0,96.78,95.81,93.94,93.59,86.12,81.51,78.76,0.0,70.0,104.03,100.11,0.0,0.0,0.0,0.0,0.0,468.9,124.43,0.0,0.0,0.0,0.0,404.48,209.91,0.0,0.0,0.0,0.0,404.48,173.56,0.0,0.0,0.0,0.0,0.0,0.0,0.0,0.0,0.0,0.0,404.48,0.0,0.0,0.0,0.0,0.0
109,355.05,225.95,0.0,0.0,0.0,0.0,0.0,0.0,224.63,203.56,202.44,0.0,0.0,0.0,0.0,0.0,200.46,190.25,180.96,0.0,0.0,0.0,0.0,0.0,144.3,138.73,131.24,129.11,0.0,0.0,0.0,0.0,129.05,125.28,115.76,115.01,109.14,0.0,0.0,0.0,388.19,185.99,0.0,0.0,0.0,0.0,285.42,181.84,151.95,0.0,0.0,0.0,126.87,73.97,0.0,0.0,0.0,0.0,0.0,0.0,0.0,0.0,0.0,0.0,108.3,106.67,0.0,0.0,0.0,0.0
110,301.71,244.41,82.34,0.0,0.0,0.0,0.0,0.0,237.95,191.53,131.62,73.29,0.0,0.0,0.0,0.0,127.7,112.65,108.72,102.9,100.22,56.0,0.0,0.0,95.55,92.56,91.89,0.0,0.0,0.0,0.0,0.0,0.0,0.0,0.0,0.0,0.0,0.0,0.0,0.0,340.71,136.57,136.57,0.0,0.0,0.0,303.45,136.57,0.0,0.0,0.0,0.0,0.0,0.0,0.0,0.0,0.0,0.0,0.0,0.0,0.0,0.0,0.0,0.0,0.0,0.0,0.0,0.0,0.0,0.0
111,306.44,292.3,0.0,0.0,0.0,0.0,0.0,0.0,248.49,181.88,155.48,44.0,0.0,0.0,0.0,0.0,144.98,144.11,137.13,121.99,75.16,0.0,0.0,0.0,120.22,117.79,108.45,108.05,92.03,86.78,0.0,0.0,57.18,52.0,0.0,0.0,0.0,0.0,0.0,0.0,320.53,286.13,0.0,0.0,0.0,0.0,275.19,45.6,45.6,45.6,177.03,0.0,122.2,122.2,122.2,72.0,0.0,0.0,0.0,0.0,0.0,0.0,0.0,0.0,0.0,0.0,0.0,0.0,0.0,0.0
112,299.14,272.32,0.0,0.0,0.0,0.0,0.0,0.0,197.71,169.77,164.0,96.61,0.0,0.0,0.0,0.0,155.42,146.61,140.95,135.94,0.0,0.0,0.0,0.0,110.66,110.12,106.65,106.21,95.07,93.13,0.0,0.0,92.68,90.82,88.38,0.0,0.0,0.0,0.0,0.0,305.83,287.26,21.23,0.0,0.0,0.0,273.92,216.39,138.3,0.0,0.0,0.0,92.53,0.0,0.0,0.0,0.0,0.0,0.0,0.0,0.0,0.0,0.0,0.0,0.0,0.0,0.0,0.0,0.0,0.0
113,381.39,174.01,66.9,0.0,0.0,0.0,0.0,0.0,140.84,140.49,137.91,137.51,65.78,0.0,0.0,0.0,132.45,124.98,121.8,120.03,110.71,0.0,0.0,0.0,109.82,109.61,98.54,92.2,89.86,88.84,0.0,0.0,83.93,83.12,0.0,0.0,0.0,0.0,0.0,0.0,214.51,203.93,185.82,0.0,0.0,0.0,100.9,90.67,90.67,90.67,0.0,0.0,0.0,0.0,0.0,0.0,0.0,0.0,0.0,0.0,0.0,0.0,0.0,0.0,0.0,0.0,0.0,0.0,0.0,0.0
114,318.05,254.47,42.0,0.0,0.0,0.0,0.0,0.0,226.78,171.07,145.75,76.76,0.0,0.0,0.0,0.0,142.21,137.65,130.97,127.76,0.0,0.0,0.0,0.0,124.55,121.57,121.39,118.47,106.53,0.0,0.0,0.0,106.26,104.74,103.22,0.0,0.0,0.0,0.0,0.0,277.29,241.93,0.0,0.0,0.0,0.0,221.04,333.81,0.0,0.0,0.0,0.0,289.95,0.0,0.0,0.0,0.0,0.0,0.0,0.0,0.0,0.0,0.0,0.0,0.0,0.0,0.0,0.0,0.0,0.0
115,369.29,260.24,0.0,0.0,0.0,0.0,0.0,0.0,358.66,228.89,0.0,0.0,0.0,0.0,0.0,0.0,299.69,225.93,108.31,0.0,0.0,0.0,0.0,0.0,210.72,188.22,149.65,84.63,0.0,0.0,0.0,0.0,144.0,117.06,107.72,106.45,95.19,0.0,0.0,0.0,357.54,274.7,0.0,0.0,0.0,0.0,357.54,245.58,0.0,0.0,0.0,0.0,357.54,207.06,0.0,0.0,0.0,0.0,0.0,0.0,0.0,0.0,0.0,0.0,314.86,277.51,277.51,277.51,194.32,0.0
116,220.93,180.43,149.98,83.04,0.0,0.0,0.0,0.0,144.25,139.59,139.13,134.48,77.18,0.0,0.0,0.0,126.38,100.03,94.56,94.51,90.18,84.57,0.0,0.0,83.86,83.51,72.56,70.6,145.82,141.13,0.0,0.0,71.77,0.0,0.0,0.0,0.0,0.0,0.0,0.0,336.54,288.29,0.0,0.0,0.0,0.0,327.76,288.29,0.0,0.0,0.0,0.0,288.29,216.89,36.77,0.0,0.0,0.0,0.0,0.0,0.0,0.0,0.0,0.0,216.89,216.89,174.11,0.0,0.0,0.0
117,348.7,214.57,63.87,0.0,0.0,0.0,0.0,0.0,202.14,176.87,145.94,103.87,0.0,0.0,0.0,0.0,142.28,141.66,138.53,137.74,62.39,0.0,0.0,0.0,135.14,131.83,130.53,103.55,96.53,0.0,0.0,0.0,94.46,84.95,80.89,75.16,0.0,0.0,0.0,0.0,378.84,233.21,0.0,0.0,0.0,0.0,233.21,233.21,146.17,0.0,0.0,0.0,216.61,146.17,146.17,0.0,0.0,0.0,0.0,0.0,0.0,0.0,0.0,0.0,0.0,0.0,0.0,0.0,0.0,0.0
118,218.44,188.34,152.54,66.43,0.0,0.0,0.0,0.0,129.98,127.69,126.6,123.6,122.57,0.0,0.0,0.0,117.94,111.34,108.33,105.14,93.52,88.68,0.0,0.0,88.1,78.64,76.86,170.73,170.3,0.0,0.0,0.0,87.29,0.0,0.0,0.0,0.0,0.0,0.0,0.0,406.53,183.33,0.0,0.0,0.0,0.0,283.43,283.43,0.0,0.0,0.0,0.0,283.43,125.63,179.41,0.0,0.0,0.0,0.0,0.0,0.0,0.0,0.0,0.0,0.0,0.0,0.0,0.0,0.0,0.0
119,277.0,223.93,126.49,0.0,0.0,0.0,0.0,0.0,206.36,205.06,181.21,0.0,0.0,0.0,0.0,0.0,180.51,170.37,169.15,108.3,0.0,0.0,0.0,0.0,153.42,152.56,121.62,118.62,76.79,0.0,0.0,0.0,116.72,105.47,100.1,96.2,0.0,0.0,0.0,0.0,357.28,196.36,0.0,0.0,0.0,0.0,136.63,103.17,85.07,0.0,0.0,0.0,0.0,0.0,0.0,0.0,0.0,0.0,0.0,0.0,0.0,0.0,0.0,0.0,0.0,0.0,0.0,0.0,0.0,0.0
120,216.96,196.5,186.8,0.0,0.0,0.0,0.0,0.0,181.56,174.31,165.96,105.87,0.0,0.0,0.0,0.0,158.47,157.51,150.45,149.85,0.0,0.0,0.0,0.0,144.55,135.33,104.91,100.68,99.61,0.0,0.0,0.0,99.29,97.94,96.83,84.12,77.18,0.0,0.0,0.0,343.72,239.35,0.0,0.0,0.0,0.0,341.71,239.35,0.0,0.0,0.0,0.0,315.06,315.06,0.0,0.0,0.0,0.0,0.0,0.0,0.0,0.0,0.0,0.0,315.06,239.35,123.9,253.06,226.03,0.0
121,218.43,192.96,183.77,0.0,0.0,0.0,0.0,0.0,177.27,150.4,147.96,144.27,0.0,0.0,0.0,0.0,143.02,137.65,137.11,136.22,79.05,0.0,0.0,0.0,128.67,124.63,109.34,91.59,87.56,82.88,0.0,0.0,72.51,68.0,66.65,0.0,0.0,0.0,0.0,0.0,365.27,248.43,14.97,0.0,0.0,0.0,169.14,169.14,169.14,0.0,0.0,0.0,209.54,0.0,0.0,0.0,0.0,0.0,0.0,0.0,0.0,0.0,0.0,0.0,0.0,0.0,0.0,0.0,0.0,0.0
122,196.95,196.63,176.36,0.0,0.0,0.0,0.0,0.0,171.6,157.72,153.51,140.44,0.0,0.0,0.0,0.0,137.09,131.16,122.69,121.84,121.54,0.0,0.0,0.0,111.58,106.79,104.52,103.19,102.14,102.08,0.0,0.0,90.78,90.4,90.26,86.5,84.02,72.15,72.0,0.0,333.51,256.31,0.0,0.0,0.0,0.0,227.48,204.1,181.36,0.0,0.0,0.0,171.98,171.98,171.98,103.73,0.0,0.0,0.0,0.0,0.0,0.0,0.0,0.0,163.21,0.0,0.0,0.0,0.0,0.0
123,253.33,192.04,175.62,0.0,0.0,0.0,0.0,0.0,155.09,151.45,141.85,138.78,0.0,0.0,0.0,0.0,137.83,130.9,126.19,123.7,110.4,0.0,0.0,0.0,123.04,121.28,104.47,97.77,97.76,87.25,0.0,0.0,95.13,82.05,81.61,0.0,0.0,0.0,0.0,0.0,268.55,175.56,131.6,0.0,0.0,0.0,197.8,0.0,0.0,0.0,0.0,0.0,0.0,0.0,0.0,0.0,0.0,0.0,0.0,0.0,0.0,0.0,0.0,0.0,0.0,0.0,0.0,0.0,0.0,0.0
124,352.83,228.65,0.0,0.0,0.0,0.0,0.0,0.0,181.35,181.28,179.24,90.14,0.0,0.0,0.0,0.0,170.61,163.28,159.89,139.04,0.0,0.0,0.0,0.0,158.45,147.93,146.17,144.6,0.0,0.0,0.0,0.0,144.57,132.52,128.63,128.23,99.92,0.0,0.0,0.0,228.65,36.77,0.0,0.0,0.0,0.0,0.0,0.0,0.0,0.0,0.0,0.0,0.0,0.0,0.0,0.0,0.0,0.0,0.0,0.0,0.0,0.0,0.0,0.0,121.78,109.54,99.29,96.45,93.85,75.53
125,241.08,214.29,169.95,0.0,0.0,0.0,0.0,0.0,201.21,161.41,148.06,124.04,0.0,0.0,0.0,0.0,125.45,125.15,124.84,121.34,117.52,0.0,0.0,0.0,115.08,114.93,111.02,103.96,90.08,89.2,0.0,0.0,81.54,78.5,303.38,162.95,0.0,0.0,0.0,0.0,370.33,217.96,0.0,0.0,0.0,0.0,370.33,217.96,0.0,0.0,0.0,0.0,370.33,217.96,0.0,0.0,0.0,0.0,0.0,0.0,0.0,0.0,0.0,0.0,231.63,154.37,110.57,108.13,201.67,0.0
