Day,0:0,0:15,0:30,0:45,1:0,1:15,1:30,1:45,2:0,2:15,2:30,2:45,3:0,3:15,3:30,3:45,4:0,4:15,4:30,4:45,5:0,5:15,5:30,5:45,6:0,6:15,6:30,6:45,7:0,7:15,7:30,7:45,8:0,8:15,8:30,8:45,9:0,9:15,9:30,9:45,10:0,10:15,10:30,10:45,11:0,11:15,11:30,11:45,12:0,12:15,12:30,12:45,13:0,13:15,13:30,13:45,14:0,14:15,14:30,14:45,15:0,15:15,15:30,15:45,16:0,16:15,16:30,16:45,17:0,17:15,17:30,17:45,18:0,18:15,18:30,18:45,19:0,19:15,19:30,19:45,20:0,20:15,20:30,20:45,21:0,21:15,21:30,21:45,22:0,22:15,22:30,22:45,23:0,23:15,23:30,23:45,24:0,24:15,24:30,24:45,25:0,25:15,25:30,25:45,26:0,26:15,26:30,26:45,27:0,27:15,27:30,27:45,28:0,28:15,28:30,28:45,29:0,29:15,29:30,29:45
1,0,0,0,0,0,0,0,0,0,0,0,0,0,0,0,0,0,0,0,0,0,0,0,0,0,0,0,0,9,9,9,10,1,1,3,4,5,6,9,7,10,9,10,9,10,9,11,10,12,10,11,11,12,12,11,11,11,13,14,11,11,12,12,12,11,10,12,10,10,10,7,8,8,10,10,10,10,10,9,8,7,7,7,6,6,5,5,4,4,4,4,3,3,3,3,3,3,2,2,1,1,1,1,1,0,0,0,0,0,0,0,0,0,0,0,0,0,0,0,0
2,0,0,0,0,0,0,0,0,0,0,0,0,0,0,0,0,0,0,0,0,0,0,0,0,0,0,0,0,9,9,9,9,0,2,2,3,3,7,5,8,7,9,9,12,9,9,12,12,12,13,13,11,13,12,11,9,13,8,9,8,8,7,9,8,7,6,7,8,5,5,5,6,7,7,7,5,5,5,5,4,3,3,3,3,3,2,1,1,1,1,1,1,1,1,1,1,1,1,1,0,0,0,0,0,0,0,0,0,0,0,0,0,0,0,0,0,0,0,0,0
3,0,0,0,0,0,0,0,0,0,0,0,0,0,0,0,0,0,0,0,0,0,0,0,0,0,0,0,0,8,8,8,8,0,1,2,3,3,4,5,6,6,6,7,9,9,6,6,6,7,7,8,9,10,11,11,10,12,8,8,8,10,8,7,7,7,5,3,4,4,4,4,3,4,6,6,6,5,3,3,2,2,2,2,2,2,2,2,1,1,1,1,1,1,1,1,1,1,1,1,1,1,1,1,1,0,0,0,0,0,0,0,0,0,0,0,0,0,0,0,0
4,0,0,0,0,0,0,0,0,0,0,0,0,0,0,0,0,0,0,0,0,0,0,0,0,0,0,0,0,5,5,5,5,1,2,2,3,4,5,5,6,6,7,9,8,8,7,9,7,8,8,8,8,9,8,6,6,7,8,7,8,8,9,7,7,7,7,6,5,4,4,5,5,5,6,5,4,4,3,3,2,2,2,2,1,1,1,1,1,1,1,0,0,0,0,0,0,0,0,0,0,0,0,0,0,0,0,0,0,0,0,0,0,0,0,0,0,0,0,0,0
5,0,0,0,0,0,0,0,0,0,0,0,0,0,0,0,0,0,0,0,0,0,0,0,0,0,0,0,0,6,6,6,6,0,1,2,2,2,3,5,3,2,4,7,5,6,8,7,5,5,5,6,7,7,8,8,6,5,6,6,7,8,9,8,9,10,9,8,5,4,5,5,5,5,5,5,5,4,3,3,3,3,3,3,3,3,3,2,2,2,2,2,2,2,2,2,1,1,1,1,1,1,1,1,0,0,0,0,0,0,0,0,0,0,0,0,0,0,0,0,0
6,0,0,0,0,0,0,0,0,0,0,0,0,0,0,0,0,0,0,0,0,0,0,0,0,0,0,0,0,9,9,9,9,2,2,3,4,8,7,8,8,10,10,10,11,13,14,14,17,16,16,16,16,13,12,12,14,12,12,11,9,9,12,10,11,12,14,12,11,10,9,9,7,8,10,10,6,6,6,6,6,6,5,5,5,5,4,4,4,4,4,4,3,2,2,1,1,1,1,1,1,1,0,0,0,0,0,0,0,0,0,0,0,0,0,0,0,0,0,0,0
7,0,0,0,0,0,0,0,0,0,0,0,0,0,0,0,0,0,0,0,0,0,0,0,0,0,0,0,0,9,9,9,9,0,1,1,1,2,3,4,5,6,5,8,7,6,8,8,7,8,10,8,8,9,9,11,13,11,12,12,11,12,10,11,11,12,11,9,8,9,8,7,7,8,6,6,6,6,6,6,6,6,6,6,6,5,5,5,3,3,3,3,3,3,2,2,2,2,2,1,1,1,1,1,1,0,0,0,0,0,0,0,0,0,0,0,0,0,0,0,0
8,0,0,0,0,0,0,0,0,0,0,0,0,0,0,0,0,0,0,0,0,0,0,0,0,0,0,0,0,9,9,9,9,1,2,3,3,6,8,9,7,10,12,11,11,14,14,12,12,17,13,13,11,13,11,15,13,16,13,16,12,14,13,13,15,14,14,12,11,10,10,10,9,9,9,9,7,5,5,4,3,3,3,3,3,3,3,2,2,2,2,2,2,2,2,2,2,2,2,2,2,2,2,1,1,0,0,0,0,0,0,0,0,0,0,0,0,0,0,0,0
9,0,0,0,0,0,0,0,0,0,0,0,0,0,0,0,0,0,0,0,0,0,0,0,0,0,0,0,0,9,9,9,9,0,1,1,2,3,5,6,7,7,6,8,7,6,7,8,7,9,9,10,10,12,12,14,13,11,13,14,15,15,16,14,14,15,16,14,13,13,11,11,10,10,9,8,8,8,8,8,7,5,5,5,4,4,4,2,2,2,2,2,1,1,1,1,1,1,0,0,0,0,0,0,0,0,0,0,0,0,0,0,0,0,0,0,0,0,0,0,0
10,0,0,0,0,0,0,0,0,0,0,0,0,0,0,0,0,0,0,0,0,0,0,0,0,0,0,0,0,9,9,9,9,1,1,3,3,6,6,9,7,10,9,10,9,10,10,9,9,11,12,12,13,12,13,10,9,11,15,14,13,14,16,16,15,14,14,11,10,12,9,4,6,6,6,6,6,5,5,5,5,5,4,4,2,2,2,2,2,2,2,2,2,2,1,1,1,1,1,1,1,1,1,0,0,0,0,0,0,0,0,0,0,0,0,0,0,0,0,0,0
11,0,0,0,0,0,0,0,0,0,0,0,0,0,0,0,0,0,0,0,0,0,0,0,0,0,0,0,0,1,1,1,1,0,0,0,0,1,0,0,0,0,0,0,0,0,0,0,0,0,0,0,0,0,0,0,0,0,0,0,0,0,0,0,0,0,0,0,0,0,0,0,0,0,0,0,0,0,0,0,0,0,0,0,0,0,0,0,0,0,0,0,0,0,0,0,0,0,0,0,0,0,0,0,0,0,0,0,0,0,0,0,0,0,0,0,0,0,0,0,0
12,0,0,0,0,0,0,0,0,0,0,0,0,0,0,0,0,0,0,0,0,0,0,0,0,0,0,0,0,8,8,8,8,1,1,2,3,4,4,6,6,5,6,8,5,5,5,8,7,9,9,12,11,9,9,8,6,6,9,9,9,10,12,8,8,7,6,6,7,7,9,9,9,10,10,10,10,10,10,8,8,8,7,7,5,3,3,3,3,3,3,2,2,2,2,2,1,1,1,1,1,0,0,0,0,0,0,0,0,0,0,0,0,0,0,0,0,0,0,0,0
13,0,0,0,0,0,0,0,0,0,0,0,0,0,0,0,0,0,0,0,0,0,0,0,0,0,0,0,0,10,10,10,10,2,3,3,3,4,6,8,7,9,9,13,10,11,12,12,11,12,11,7,9,12,10,10,12,11,13,13,12,10,12,10,12,13,13,13,14,13,13,13,13,12,13,11,10,9,9,9,7,7,7,6,6,5,4,3,2,1,1,1,1,1,1,1,1,1,1,1,1,1,1,1,0,0,0,0,0,0,0,0,0,0,0,0,0,0,0,0,0
14,0,0,0,0,0,0,0,0,0,0,0,0,0,0,0,0,0,0,0,0,0,0,0,0,0,0,0,0,8,8,8,8,1,1,1,2,4,4,4,7,7,8,7,9,7,9,9,8,7,9,8,7,7,9,10,8,9,10,10,9,10,9,8,8,8,8,10,8,7,10,9,10,10,10,10,10,10,9,9,7,7,7,7,7,6,6,4,4,3,3,3,3,2,2,2,2,2,2,2,2,1,0,0,0,0,0,0,0,0,0,0,0,0,0,0,0,0,0,0,0
15,0,0,0,0,0,0,0,0,0,0,0,0,0,0,0,0,0,0,0,0,0,0,0,0,0,0,0,0,9,9,9,9,1,2,2,3,4,4,4,8,7,6,9,10,6,7,10,9,9,11,11,12,12,13,13,14,13,13,14,13,13,13,14,11,11,9,8,9,7,8,8,8,8,9,9,8,8,8,8,7,6,6,4,2,2,2,2,2,2,2,2,2,2,2,2,2,2,2,1,1,1,0,0,0,0,0,0,0,0,0,0,0,0,0,0,0,0,0,0,0
16,0,0,0,0,0,0,0,0,0,0,0,0,0,0,0,0,0,0,0,0,0,0,0,0,0,0,0,0,9,9,9,9,1,2,2,3,4,5,5,7,7,8,12,11,11,11,15,11,10,12,10,11,11,12,12,14,12,12,11,10,9,11,12,12,12,12,8,8,7,7,6,6,9,9,10,9,9,7,7,5,4,4,4,4,4,4,4,3,3,3,3,3,3,3,3,3,3,3,2,2,2,2,2,2,2,1,0,0,0,0,0,0,0,0,0,0,0,0,0,0
17,0,0,0,0,0,0,0,0,0,0,0,0,0,0,0,0,0,0,0,0,0,0,0,0,0,0,0,0,7,8,8,8,1,2,3,3,3,4,6,6,5,7,6,7,7,8,6,6,7,8,6,8,9,10,9,9,10,11,9,10,10,11,10,11,9,10,11,11,9,8,7,8,7,6,6,5,5,3,3,3,2,2,2,2,1,1,1,1,1,1,1,1,0,0,0,0,0,0,0,0,0,0,0,0,0,0,0,0,0,0,0,0,0,0,0,0,0,0,0,0
18,0,0,0,0,0,0,0,0,0,0,0,0,0,0,0,0,0,0,0,0,0,0,0,0,0,0,0,0,7,7,7,7,0,2,3,3,3,5,5,5,4,4,6,7,6,7,9,10,9,11,13,10,10,12,9,9,8,9,10,12,10,10,9,9,9,10,7,5,5,5,6,6,8,7,7,6,5,5,5,5,5,3,3,3,3,3,2,2,2,2,0,0,0,0,0,0,0,0,0,0,0,0,0,0,0,0,0,0,0,0,0,0,0,0,0,0,0,0,0,0
19,0,0,0,0,0,0,0,0,0,0,0,0,0,0,0,0,0,0,0,0,0,0,0,0,0,0,0,0,7,7,7,7,1,2,3,3,5,5,6,5,5,5,7,6,7,8,8,9,9,8,8,9,9,9,8,9,12,11,12,12,12,12,11,11,10,9,9,9,8,8,8,8,8,8,9,8,8,8,6,6,6,6,5,5,5,5,5,3,3,3,3,3,3,3,3,3,3,3,3,1,1,1,0,0,0,0,0,0,0,0,0,0,0,0,0,0,0,0,0,0
20,0,0,0,0,0,0,0,0,0,0,0,0,0,0,0,0,0,0,0,0,0,0,0,0,0,0,0,0,6,6,6,6,1,2,2,2,4,4,4,4,5,4,6,7,5,7,9,9,8,10,8,7,7,6,6,6,7,7,7,8,9,10,7,8,7,7,7,6,7,7,8,9,9,8,7,6,6,6,5,5,5,4,4,3,3,3,3,3,3,3,3,2,2,2,2,2,2,2,2,2,2,1,1,0,0,0,0,0,0,0,0,0,0,0,0,0,0,0,0,0
21,0,0,0,0,0,0,0,0,0,0,0,0,0,0,0,0,0,0,0,0,0,0,0,0,0,0,0,0,9,9,9,9,1,1,2,3,5,5,8,8,9,12,12,10,12,14,11,9,12,10,10,9,11,12,9,12,14,13,12,14,14,14,11,11,10,11,10,9,10,10,10,11,10,12,9,8,8,7,6,5,4,4,4,4,4,3,3,3,3,3,3,3,3,3,3,3,3,3,3,3,3,2,2,1,0,0,0,0,0,0,0,0,0,0,0,0,0,0,0,0
22,0,0,0,0,0,0,0,0,0,0,0,0,0,0,0,0,0,0,0,0,0,0,0,0,0,0,0,0,5,6,6,6,1,2,4,3,3,3,6,3,2,3,3,3,6,7,6,6,8,8,6,7,8,7,8,9,7,7,8,6,5,6,5,3,3,3,3,2,3,3,4,5,4,4,4,4,4,4,4,3,2,2,2,2,1,1,0,0,0,0,0,0,0,0,0,0,0,0,0,0,0,0,0,0,0,0,0,0,0,0,0,0,0,0,0,0,0,0,0,0
23,0,0,0,0,0,0,0,0,0,0,0,0,0,0,0,0,0,0,0,0,0,0,0,0,0,0,0,0,7,7,7,7,0,2,2,2,3,5,3,4,5,5,5,6,5,5,5,5,5,6,6,4,2,6,8,7,7,8,7,7,8,8,8,7,8,6,3,3,3,3,3,3,4,4,4,4,4,3,3,3,3,3,3,3,3,3,3,3,2,2,2,2,2,2,2,2,2,2,2,2,2,1,1,1,1,0,0,0,0,0,0,0,0,0,0,0,0,0,0,0
24,0,0,0,0,0,0,0,0,0,0,0,0,0,0,0,0,0,0,0,0,0,0,0,0,0,0,0,0,8,8,8,8,1,1,3,3,4,5,7,5,5,8,7,8,10,11,11,11,12,10,12,9,8,7,6,5,7,9,9,9,11,11,10,10,10,10,10,12,11,11,12,14,13,12,10,9,9,9,9,9,8,7,7,6,5,3,3,3,3,3,3,2,2,2,2,2,2,2,2,1,0,0,0,0,0,0,0,0,0,0,0,0,0,0,0,0,0,0,0,0
25,0,0,0,0,0,0,0,0,0,0,0,0,0,0,0,0,0,0,0,0,0,0,0,0,0,0,0,0,9,9,9,9,0,1,2,2,4,5,7,8,10,8,10,10,10,13,14,13,14,15,13,15,14,14,17,17,14,13,14,12,11,11,11,10,12,12,10,11,12,13,15,15,15,14,13,11,9,6,4,4,4,4,3,2,2,2,2,1,1,1,1,1,1,1,1,1,1,1,1,1,0,0,0,0,0,0,0,0,0,0,0,0,0,0,0,0,0,0,0,0
26,0,0,0,0,0,0,0,0,0,0,0,0,0,0,0,0,0,0,0,0,0,0,0,0,0,0,0,0,9,9,10,11,2,2,5,6,7,7,12,12,13,11,15,14,14,14,15,15,13,15,15,16,17,17,17,18,21,18,19,17,17,15,16,12,12,11,10,10,12,11,9,9,10,11,9,7,7,7,7,7,7,7,6,6,5,4,2,1,1,1,1,1,1,1,1,1,1,1,1,1,1,1,0,0,0,0,0,0,0,0,0,0,0,0,0,0,0,0,0,0
27,0,0,0,0,0,0,0,0,0,0,0,0,0,0,0,0,0,0,0,0,0,0,0,0,0,0,0,0,8,8,8,9,1,1,2,5,4,4,5,6,5,6,7,8,11,11,11,10,11,10,11,10,8,9,10,10,9,9,12,10,8,6,8,8,6,7,7,7,7,7,8,7,9,9,9,9,9,8,8,8,8,7,6,5,2,1,1,1,1,1,1,1,1,1,1,1,0,0,0,0,0,0,0,0,0,0,0,0,0,0,0,0,0,0,0,0,0,0,0,0
28,0,0,0,0,0,0,0,0,0,0,0,0,0,0,0,0,0,0,0,0,0,0,0,0,0,0,0,0,5,5,5,5,1,2,2,3,4,4,3,6,5,5,6,9,8,8,9,8,10,7,8,9,8,7,9,7,7,7,6,5,5,4,4,4,4,3,4,3,5,5,5,5,5,6,5,4,3,3,3,3,3,2,2,2,2,2,2,2,1,1,1,1,0,0,0,0,0,0,0,0,0,0,0,0,0,0,0,0,0,0,0,0,0,0,0,0,0,0,0,0
29,0,0,0,0,0,0,0,0,0,0,0,0,0,0,0,0,0,0,0,0,0,0,0,0,0,0,0,0,8,8,8,8,1,1,1,3,5,5,4,6,5,5,4,4,4,5,7,8,6,8,8,8,7,8,7,8,8,7,7,8,10,9,9,9,9,7,7,8,6,5,5,5,6,7,7,7,6,6,6,4,3,3,2,1,1,1,1,1,1,1,1,1,1,1,1,1,1,0,0,0,0,0,0,0,0,0,0,0,0,0,0,0,0,0,0,0,0,0,0,0
30,0,0,0,0,0,0,0,0,0,0,0,0,0,0,0,0,0,0,0,0,0,0,0,0,0,0,0,0,7,7,7,7,1,1,2,2,3,4,4,3,3,5,2,2,2,2,3,5,5,5,6,7,7,5,4,3,3,3,7,5,4,5,5,5,5,6,4,4,4,5,5,3,3,4,4,4,4,4,4,4,4,3,2,2,1,1,1,1,1,1,1,1,1,1,1,1,1,1,1,1,1,1,0,0,0,0,0,0,0,0,0,0,0,0,0,0,0,0,0,0
31,0,0,0,0,0,0,0,0,0,0,0,0,0,0,0,0,0,0,0,0,0,0,0,0,0,0,0,0,1,1,1,1,0,0,0,0,0,0,0,0,0,0,0,0,0,0,0,1,1,1,1,1,1,1,1,1,1,1,1,1,1,1,1,1,1,1,1,1,1,1,1,1,1,1,1,1,1,1,1,1,1,0,0,0,0,0,0,0,0,0,0,0,0,0,0,0,0,0,0,0,0,0,0,0,0,0,0,0,0,0,0,0,0,0,0,0,0,0,0,0
32,0,0,0,0,0,0,0,0,0,0,0,0,0,0,0,0,0,0,0,0,0,0,0,0,0,0,0,0,9,9,9,9,1,1,1,4,5,5,6,10,6,7,8,8,8,9,9,11,10,13,11,13,13,15,13,12,14,14,13,13,13,14,11,10,9,9,9,9,8,9,9,9,10,10,9,7,7,7,6,6,5,3,3,2,1,1,1,1,1,1,1,1,1,1,1,1,1,0,0,0,0,0,0,0,0,0,0,0,0,0,0,0,0,0,0,0,0,0,0,0
33,0,0,0,0,0,0,0,0,0,0,0,0,0,0,0,0,0,0,0,0,0,0,0,0,0,0,0,0,9,9,9,9,0,1,2,3,3,5,6,7,6,6,6,8,9,7,7,8,9,7,8,8,9,13,14,12,13,13,12,11,12,11,10,10,11,11,12,7,6,5,6,5,7,6,6,6,5,4,4,4,4,4,4,2,2,1,1,1,1,1,1,1,1,0,0,0,0,0,0,0,0,0,0,0,0,0,0,0,0,0,0,0,0,0,0,0,0,0,0,0
34,0,0,0,0,0,0,0,0,0,0,0,0,0,0,0,0,0,0,0,0,0,0,0,0,0,0,0,0,8,8,8,8,0,1,2,3,5,6,6,6,8,6,7,7,11,9,12,11,13,11,15,12,10,11,12,10,11,13,10,9,11,11,12,9,10,9,8,7,8,9,10,11,9,9,9,9,9,7,6,6,6,6,5,5,4,4,4,4,4,4,4,3,3,3,3,3,2,2,2,2,1,1,1,1,1,1,0,0,0,0,0,0,0,0,0,0,0,0,0,0
35,0,0,0,0,0,0,0,0,0,0,0,0,0,0,0,0,0,0,0,0,0,0,0,0,0,0,0,0,9,9,9,9,1,2,2,2,4,5,5,5,6,8,8,7,6,9,7,8,6,9,8,6,6,7,7,6,6,8,9,7,9,10,9,9,8,7,7,8,8,7,7,7,7,4,2,2,2,2,2,2,2,2,1,0,0,0,0,0,0,0,0,0,0,0,0,0,0,0,0,0,0,0,0,0,0,0,0,0,0,0,0,0,0,0,0,0,0,0,0,0
36,0,0,0,0,0,0,0,0,0,0,0,0,0,0,0,0,0,0,0,0,0,0,0,0,0,0,0,0,7,7,7,7,1,2,3,4,5,7,7,7,7,9,7,8,9,9,9,9,9,9,9,9,9,11,11,11,12,10,11,11,5,7,7,7,6,10,9,8,7,6,6,7,7,7,7,7,7,6,5,3,3,3,3,2,2,1,1,1,1,1,1,1,1,1,1,1,1,1,1,1,1,1,1,1,1,0,0,0,0,0,0,0,0,0,0,0,0,0,0,0
37,0,0,0,0,0,0,0,0,0,0,0,0,0,0,0,0,0,0,0,0,0,0,0,0,0,0,0,0,8,8,8,8,1,1,2,3,4,3,6,6,6,6,8,8,9,7,6,9,10,8,10,11,13,12,14,13,10,11,9,9,10,9,8,9,8,5,5,6,7,6,6,7,8,9,8,6,6,6,6,6,6,5,5,5,4,4,4,2,2,2,1,1,1,1,1,1,0,0,0,0,0,0,0,0,0,0,0,0,0,0,0,0,0,0,0,0,0,0,0,0
38,0,0,0,0,0,0,0,0,0,0,0,0,0,0,0,0,0,0,0,0,0,0,0,0,0,0,0,0,9,9,9,9,0,2,3,3,4,7,6,7,9,8,7,9,8,8,10,8,8,11,8,8,7,9,10,10,9,11,11,10,11,11,11,10,9,9,8,8,11,11,11,10,11,10,9,9,8,7,7,7,5,4,3,3,2,2,2,2,1,1,0,0,0,0,0,0,0,0,0,0,0,0,0,0,0,0,0,0,0,0,0,0,0,0,0,0,0,0,0,0
39,0,0,0,0,0,0,0,0,0,0,0,0,0,0,0,0,0,0,0,0,0,0,0,0,0,0,0,0,5,6,6,7,2,3,4,6,6,4,6,6,7,6,5,7,7,7,7,8,8,8,9,8,8,6,6,8,9,9,9,10,8,8,9,8,7,6,7,6,6,6,6,6,6,7,7,5,4,4,4,3,2,2,2,1,1,1,1,1,1,1,1,0,0,0,0,0,0,0,0,0,0,0,0,0,0,0,0,0,0,0,0,0,0,0,0,0,0,0,0,0
40,0,0,0,0,0,0,0,0,0,0,0,0,0,0,0,0,0,0,0,0,0,0,0,0,0,0,0,0,9,9,9,10,1,2,2,5,4,6,5,8,5,7,8,9,8,9,9,12,11,10,10,12,12,10,11,10,9,10,10,9,8,8,8,9,11,10,8,8,9,8,8,8,8,8,11,11,10,10,7,6,6,6,6,6,6,6,5,4,4,3,3,3,3,3,3,3,3,3,2,2,2,2,2,2,2,2,2,1,0,0,0,0,0,0,0,0,0,0,0,0
41,0,0,0,0,0,0,0,0,0,0,0,0,0,0,0,0,0,0,0,0,0,0,0,0,0,0,0,0,7,7,7,7,1,1,2,3,4,4,7,7,8,9,10,10,11,10,7,9,7,8,7,8,8,10,9,9,9,9,9,7,10,8,8,7,6,5,7,5,4,4,4,6,5,7,6,5,5,5,5,5,5,5,5,5,3,2,2,2,2,2,2,2,2,2,2,2,2,2,2,1,1,1,1,1,0,0,0,0,0,0,0,0,0,0,0,0,0,0,0,0
42,0,0,0,0,0,0,0,0,0,0,0,0,0,0,0,0,0,0,0,0,0,0,0,0,0,0,0,0,9,9,9,9,0,2,2,2,2,5,5,5,5,8,9,7,7,10,9,10,10,12,12,11,10,13,10,9,10,10,11,10,12,10,10,10,11,10,8,7,7,7,9,9,10,10,11,8,8,7,6,5,5,5,4,3,3,2,2,2,2,2,2,1,1,1,1,1,1,1,1,1,1,1,1,1,1,0,0,0,0,0,0,0,0,0,0,0,0,0,0,0
43,0,0,0,0,0,0,0,0,0,0,0,0,0,0,0,0,0,0,0,0,0,0,0,0,0,0,0,0,9,10,10,10,2,3,3,3,5,4,6,7,7,6,8,10,8,8,10,10,8,11,9,8,8,9,8,8,10,9,9,9,11,10,10,11,12,9,8,8,9,8,7,8,9,9,8,8,8,8,6,6,6,6,5,5,5,4,3,2,2,1,1,0,0,0,0,0,0,0,0,0,0,0,0,0,0,0,0,0,0,0,0,0,0,0,0,0,0,0,0,0
44,0,0,0,0,0,0,0,0,0,0,0,0,0,0,0,0,0,0,0,0,0,0,0,0,0,0,0,0,8,8,8,8,0,0,1,3,3,4,6,6,6,7,7,7,10,8,9,10,10,9,13,10,9,10,11,11,12,14,12,13,14,14,13,12,13,10,11,10,9,8,8,9,9,9,9,9,8,7,6,5,5,5,5,5,4,4,3,3,3,3,2,2,2,2,2,2,2,2,2,2,2,2,1,0,0,0,0,0,0,0,0,0,0,0,0,0,0,0,0,0
45,0,0,0,0,0,0,0,0,0,0,0,0,0,0,0,0,0,0,0,0,0,0,0,0,0,0,0,0,9,9,9,9,1,1,1,2,3,3,3,5,5,5,5,6,6,5,7,7,6,5,4,5,4,5,9,9,9,10,9,7,10,10,9,9,10,9,8,5,5,4,5,4,3,2,3,3,2,2,2,2,2,2,2,2,2,2,2,1,1,1,1,1,1,0,0,0,0,0,0,0,0,0,0,0,0,0,0,0,0,0,0,0,0,0,0,0,0,0,0,0
46,0,0,0,0,0,0,0,0,0,0,0,0,0,0,0,0,0,0,0,0,0,0,0,0,0,0,0,0,9,9,9,9,1,1,2,3,4,3,5,6,7,6,7,9,10,8,8,11,8,9,8,9,8,9,11,11,11,10,10,10,12,12,13,13,15,12,9,7,6,7,7,8,10,10,9,9,7,5,4,4,4,4,4,4,3,3,2,2,2,2,2,2,2,2,2,2,1,1,1,1,1,0,0,0,0,0,0,0,0,0,0,0,0,0,0,0,0,0,0,0
47,0,0,0,0,0,0,0,0,0,0,0,0,0,0,0,0,0,0,0,0,0,0,0,0,0,0,0,0,8,8,9,9,1,1,3,3,4,3,5,5,5,5,6,5,8,9,7,8,10,7,6,8,8,9,11,10,9,10,10,9,9,10,9,9,8,9,7,6,6,5,4,3,2,3,4,4,3,3,3,3,2,2,1,1,1,1,1,0,0,0,0,0,0,0,0,0,0,0,0,0,0,0,0,0,0,0,0,0,0,0,0,0,0,0,0,0,0,0,0,0
48,0,0,0,0,0,0,0,0,0,0,0,0,0,0,0,0,0,0,0,0,0,0,0,0,0,0,0,0,9,9,9,9,1,2,2,3,5,8,7,8,9,10,7,8,9,12,12,13,12,13,13,12,12,13,15,15,17,16,16,17,17,17,15,14,14,15,13,15,15,17,17,14,14,13,12,12,11,11,9,9,9,8,7,7,7,6,4,3,2,2,1,1,1,1,1,1,1,1,1,1,1,1,1,1,0,0,0,0,0,0,0,0,0,0,0,0,0,0,0,0
49,0,0,0,0,0,0,0,0,0,0,0,0,0,0,0,0,0,0,0,0,0,0,0,0,0,0,0,0,7,7,7,8,1,2,2,5,4,6,7,8,6,6,8,7,7,8,9,8,10,8,11,9,9,8,10,6,9,10,9,7,9,8,8,8,8,8,7,8,6,6,7,7,6,6,7,7,6,6,6,5,5,4,4,4,4,3,3,3,3,2,2,2,2,2,1,1,1,1,1,1,1,0,0,0,0,0,0,0,0,0,0,0,0,0,0,0,0,0,0,0
50,0,0,0,0,0,0,0,0,0,0,0,0,0,0,0,0,0,0,0,0,0,0,0,0,0,0,0,0,9,9,10,11,2,2,3,4,5,6,5,6,8,7,8,7,8,7,10,8,9,9,12,12,12,9,13,12,13,14,15,13,13,13,14,11,11,12,11,9,7,7,8,9,10,8,8,8,7,6,6,6,6,5,5,5,4,4,4,4,4,4,4,3,1,1,1,1,1,1,1,1,1,1,1,1,0,0,0,0,0,0,0,0,0,0,0,0,0,0,0,0
51,0,0,0,0,0,0,0,0,0,0,0,0,0,0,0,0,0,0,0,0,0,0,0,0,0,0,0,0,8,8,8,8,1,1,2,4,6,5,8,9,9,8,10,10,13,11,12,13,14,11,13,12,12,12,14,14,12,12,12,10,9,8,8,10,9,7,5,5,5,6,7,9,8,9,8,8,8,5,4,3,3,3,3,3,1,1,1,1,0,0,0,0,0,0,0,0,0,0,0,0,0,0,0,0,0,0,0,0,0,0,0,0,0,0,0,0,0,0,0,0
52,0,0,0,0,0,0,0,0,0,0,0,0,0,0,0,0,0,0,0,0,0,0,0,0,0,0,0,0,7,7,7,7,1,1,1,2,3,4,5,7,6,8,8,10,8,8,9,10,7,9,10,10,12,14,13,13,14,12,11,12,10,10,11,12,10,9,8,7,7,6,6,8,9,10,11,10,10,10,10,10,10,8,8,7,6,5,5,5,4,2,2,2,1,1,1,1,1,1,1,1,1,1,1,0,0,0,0,0,0,0,0,0,0,0,0,0,0,0,0,0
53,0,0,0,0,0,0,0,0,0,0,0,0,0,0,0,0,0,0,0,0,0,0,0,0,0,0,0,0,8,8,8,8,0,1,1,2,3,5,5,8,8,8,6,8,5,8,9,10,8,9,8,10,8,9,11,11,8,10,8,8,9,9,7,6,8,7,5,4,5,6,6,6,7,7,6,6,5,5,3,3,2,1,1,1,1,0,0,0,0,0,0,0,0,0,0,0,0,0,0,0,0,0,0,0,0,0,0,0,0,0,0,0,0,0,0,0,0,0,0,0
54,0,0,0,0,0,0,0,0,0,0,0,0,0,0,0,0,0,0,0,0,0,0,0,0,0,0,0,0,7,7,7,8,1,2,2,4,5,6,4,5,6,4,6,7,7,9,9,8,8,10,7,7,7,6,5,10,9,9,9,11,10,7,7,8,6,6,6,8,7,7,7,8,8,9,8,7,7,7,7,6,5,5,5,5,5,5,5,5,5,5,4,4,3,2,2,2,2,2,2,2,2,2,2,2,2,2,0,0,0,0,0,0,0,0,0,0,0,0,0,0
55,0,0,0,0,0,0,0,0,0,0,0,0,0,0,0,0,0,0,0,0,0,0,0,0,0,0,0,0,9,9,9,9,0,1,2,2,2,5,5,6,6,9,7,9,6,7,5,5,5,6,7,6,8,8,11,11,11,9,8,12,12,12,11,14,11,10,8,7,8,9,9,7,6,7,7,6,4,3,3,2,2,2,2,2,2,2,2,2,2,1,1,1,0,0,0,0,0,0,0,0,0,0,0,0,0,0,0,0,0,0,0,0,0,0,0,0,0,0,0,0
56,0,0,0,0,0,0,0,0,0,0,0,0,0,0,0,0,0,0,0,0,0,0,0,0,0,0,0,0,9,9,9,9,1,2,3,3,4,6,6,7,8,11,10,12,11,13,13,13,15,16,12,13,14,12,12,13,14,13,11,14,13,15,14,15,12,11,9,11,12,13,12,12,10,10,9,9,8,8,7,7,6,5,4,4,4,4,3,2,2,2,2,1,1,1,1,0,0,0,0,0,0,0,0,0,0,0,0,0,0,0,0,0,0,0,0,0,0,0,0,0
57,0,0,0,0,0,0,0,0,0,0,0,0,0,0,0,0,0,0,0,0,0,0,0,0,0,0,0,0,6,6,6,6,1,2,2,3,4,5,5,6,5,6,6,6,6,6,6,7,7,5,5,6,6,6,6,7,5,4,4,5,6,7,6,6,7,7,6,5,5,4,4,4,5,4,2,2,2,2,2,2,2,2,1,1,1,1,1,1,1,1,1,1,1,1,1,1,1,1,1,1,1,1,1,0,0,0,0,0,0,0,0,0,0,0,0,0,0,0,0,0
58,0,0,0,0,0,0,0,0,0,0,0,0,0,0,0,0,0,0,0,0,0,0,0,0,0,0,0,0,8,8,8,8,1,1,1,2,3,4,5,7,6,7,6,8,8,7,8,9,10,8,9,9,11,10,10,13,13,11,12,13,12,10,10,9,9,8,4,3,3,4,4,4,4,6,8,8,6,6,6,6,5,5,3,3,3,2,0,0,0,0,0,0,0,0,0,0,0,0,0,0,0,0,0,0,0,0,0,0,0,0,0,0,0,0,0,0,0,0,0,0
59,0,0,0,0,0,0,0,0,0,0,0,0,0,0,0,0,0,0,0,0,0,0,0,0,0,0,0,0,7,7,8,8,2,2,4,3,5,5,6,4,6,8,8,7,8,9,9,8,7,8,9,7,8,9,10,10,10,10,11,12,10,12,11,11,12,11,9,8,9,9,8,8,7,6,5,4,4,4,4,4,4,4,3,3,1,1,1,1,1,1,1,1,1,1,1,1,0,0,0,0,0,0,0,0,0,0,0,0,0,0,0,0,0,0,0,0,0,0,0,0
60,0,0,0,0,0,0,0,0,0,0,0,0,0,0,0,0,0,0,0,0,0,0,0,0,0,0,0,0,6,6,6,6,2,2,3,3,7,6,7,6,9,10,9,9,10,10,8,11,9,9,8,10,9,7,5,7,8,7,8,9,9,8,8,6,6,6,7,7,7,6,6,5,5,6,7,5,5,5,4,4,3,3,2,2,2,1,1,1,1,1,1,1,1,0,0,0,0,0,0,0,0,0,0,0,0,0,0,0,0,0,0,0,0,0,0,0,0,0,0,0
61,0,0,0,0,0,0,0,0,0,0,0,0,0,0,0,0,0,0,0,0,0,0,0,0,0,0,0,0,8,8,8,8,2,2,3,4,7,7,8,10,9,9,8,12,11,12,11,13,12,13,11,13,13,14,13,16,16,15,16,17,14,12,12,13,12,12,9,11,10,10,9,11,11,11,10,10,9,8,6,6,6,5,5,5,5,5,3,3,3,3,3,3,3,3,3,3,3,3,3,2,2,2,2,2,1,1,0,0,0,0,0,0,0,0,0,0,0,0,0,0
62,0,0,0,0,0,0,0,0,0,0,0,0,0,0,0,0,0,0,0,0,0,0,0,0,0,0,0,0,7,7,7,7,0,1,2,2,3,4,5,4,6,4,4,4,7,6,6,8,9,8,6,6,4,4,7,7,7,9,11,8,7,4,5,5,5,5,6,4,6,6,5,6,5,6,6,6,6,3,3,3,3,3,3,3,2,2,2,2,2,2,2,2,2,2,2,2,2,2,2,2,2,1,1,1,1,1,1,0,0,0,0,0,0,0,0,0,0,0,0,0
63,0,0,0,0,0,0,0,0,0,0,0,0,0,0,0,0,0,0,0,0,0,0,0,0,0,0,0,0,7,7,7,7,1,1,1,3,5,5,6,9,8,8,8,8,9,9,11,11,13,12,13,15,13,14,12,10,12,12,11,10,10,10,9,9,8,8,9,10,9,10,9,8,8,9,8,8,6,6,4,4,4,3,3,3,3,3,3,3,3,2,2,2,2,2,2,2,2,2,1,1,1,0,0,0,0,0,0,0,0,0,0,0,0,0,0,0,0,0,0,0
64,0,0,0,0,0,0,0,0,0,0,0,0,0,0,0,0,0,0,0,0,0,0,0,0,0,0,0,0,8,8,8,8,1,1,1,2,3,3,4,6,5,7,9,9,9,10,12,11,11,11,13,11,11,10,9,8,6,6,6,6,8,8,6,5,6,5,4,6,6,6,5,5,6,7,6,2,2,2,2,2,2,2,0,0,0,0,0,0,0,0,0,0,0,0,0,0,0,0,0,0,0,0,0,0,0,0,0,0,0,0,0,0,0,0,0,0,0,0,0,0
65,0,0,0,0,0,0,0,0,0,0,0,0,0,0,0,0,0,0,0,0,0,0,0,0,0,0,0,0,7,7,7,7,0,1,3,3,3,4,5,6,6,6,9,12,9,9,12,8,9,12,11,13,13,14,12,15,10,9,10,9,9,10,9,9,8,8,8,9,6,6,6,6,6,7,6,5,5,5,5,4,4,3,3,3,3,2,0,0,0,0,0,0,0,0,0,0,0,0,0,0,0,0,0,0,0,0,0,0,0,0,0,0,0,0,0,0,0,0,0,0
66,0,0,0,0,0,0,0,0,0,0,0,0,0,0,0,0,0,0,0,0,0,0,0,0,0,0,0,0,9,9,9,9,1,1,1,2,3,5,5,7,9,10,10,11,13,10,13,11,9,9,9,9,11,12,10,13,13,13,13,11,11,11,10,8,9,8,7,6,8,8,7,8,8,8,6,5,5,5,5,5,5,4,4,4,4,3,1,1,0,0,0,0,0,0,0,0,0,0,0,0,0,0,0,0,0,0,0,0,0,0,0,0,0,0,0,0,0,0,0,0
67,0,0,0,0,0,0,0,0,0,0,0,0,0,0,0,0,0,0,0,0,0,0,0,0,0,0,0,0,6,6,6,7,1,2,2,3,3,5,5,6,8,8,7,6,6,5,6,9,8,9,9,10,8,8,8,7,8,7,8,7,8,8,9,9,8,8,7,6,4,4,4,4,4,4,3,2,1,1,1,1,1,1,1,1,1,1,1,0,0,0,0,0,0,0,0,0,0,0,0,0,0,0,0,0,0,0,0,0,0,0,0,0,0,0,0,0,0,0,0,0
68,0,0,0,0,0,0,0,0,0,0,0,0,0,0,0,0,0,0,0,0,0,0,0,0,0,0,0,0,7,7,7,8,1,2,2,4,4,6,6,8,8,8,10,9,7,7,9,8,7,7,7,6,6,7,6,8,9,8,4,6,5,7,5,7,5,6,6,6,6,6,7,8,8,8,7,7,7,6,6,5,5,5,5,4,3,3,2,2,2,2,2,2,2,2,2,1,1,1,1,1,1,1,1,1,1,0,0,0,0,0,0,0,0,0,0,0,0,0,0,0
69,0,0,0,0,0,0,0,0,0,0,0,0,0,0,0,0,0,0,0,0,0,0,0,0,0,0,0,0,8,8,8,8,2,2,2,3,6,6,6,8,8,9,9,10,8,11,12,12,10,13,11,12,10,9,9,9,8,10,7,8,10,11,9,10,9,7,7,7,8,8,10,12,11,10,10,10,8,8,8,8,8,7,5,3,3,3,2,2,1,1,1,1,1,1,1,1,1,1,1,0,0,0,0,0,0,0,0,0,0,0,0,0,0,0,0,0,0,0,0,0
70,0,0,0,0,0,0,0,0,0,0,0,0,0,0,0,0,0,0,0,0,0,0,0,0,0,0,0,0,9,9,9,9,0,2,2,4,4,6,4,9,7,5,6,9,8,8,8,8,8,9,7,9,8,11,10,12,12,12,11,13,13,13,13,10,10,7,7,8,8,9,10,7,8,8,7,7,6,6,6,6,5,5,5,5,4,4,3,3,3,3,3,3,2,1,1,0,0,0,0,0,0,0,0,0,0,0,0,0,0,0,0,0,0,0,0,0,0,0,0,0
71,0,0,0,0,0,0,0,0,0,0,0,0,0,0,0,0,0,0,0,0,0,0,0,0,0,0,0,0,8,8,9,9,2,3,6,6,7,8,11,9,9,9,11,9,12,11,11,13,16,14,11,12,12,13,14,15,15,15,15,17,14,15,13,14,14,13,13,12,12,12,11,14,14,14,14,14,14,12,10,10,10,10,9,8,8,8,8,7,7,7,3,3,3,3,3,3,2,2,1,1,0,0,0,0,0,0,0,0,0,0,0,0,0,0,0,0,0,0,0,0
72,0,0,0,0,0,0,0,0,0,0,0,0,0,0,0,0,0,0,0,0,0,0,0,0,0,0,0,0,9,9,9,9,0,1,1,2,2,3,4,6,7,6,9,8,8,6,8,7,7,9,10,11,11,12,15,14,11,9,11,9,10,9,9,8,9,8,8,7,9,10,9,8,8,8,9,7,6,6,6,6,6,4,3,2,2,2,2,2,2,2,2,2,1,1,1,1,1,1,1,1,1,1,1,1,1,1,0,0,0,0,0,0,0,0,0,0,0,0,0,0
73,0,0,0,0,0,0,0,0,0,0,0,0,0,0,0,0,0,0,0,0,0,0,0,0,0,0,0,0,9,9,9,9,1,1,2,3,5,5,6,6,7,8,10,10,11,11,13,11,10,11,13,10,10,10,10,9,10,11,10,11,9,10,9,10,9,10,9,7,6,5,6,7,6,8,8,7,5,5,5,5,4,4,4,4,3,2,2,1,1,1,0,0,0,0,0,0,0,0,0,0,0,0,0,0,0,0,0,0,0,0,0,0,0,0,0,0,0,0,0,0
74,0,0,0,0,0,0,0,0,0,0,0,0,0,0,0,0,0,0,0,0,0,0,0,0,0,0,0,0,9,9,9,9,0,1,1,2,3,5,6,8,8,8,9,8,8,8,8,8,9,10,11,10,11,13,12,11,10,11,12,9,10,12,9,9,10,11,10,9,9,8,9,9,10,10,10,10,10,9,8,8,7,7,7,5,5,5,5,4,4,4,4,2,2,2,1,1,1,1,1,1,1,1,1,1,0,0,0,0,0,0,0,0,0,0,0,0,0,0,0,0
75,0,0,0,0,0,0,0,0,0,0,0,0,0,0,0,0,0,0,0,0,0,0,0,0,0,0,0,0,9,9,9,9,1,1,3,3,5,4,6,4,6,6,5,7,7,9,9,11,7,8,9,9,9,8,8,7,6,7,10,7,8,9,10,9,10,7,6,7,7,7,6,7,7,5,5,5,5,4,4,4,4,4,4,4,4,4,4,4,4,3,3,3,3,3,2,2,2,2,1,1,1,1,1,0,0,0,0,0,0,0,0,0,0,0,0,0,0,0,0,0
76,0,0,0,0,0,0,0,0,0,0,0,0,0,0,0,0,0,0,0,0,0,0,0,0,0,0,0,0,7,7,7,8,1,1,2,4,3,4,6,7,6,7,8,7,7,9,9,8,9,8,9,6,8,7,8,7,8,8,9,8,10,9,9,10,9,7,7,10,9,8,9,8,8,8,9,9,9,9,9,9,9,9,9,8,8,8,8,7,4,3,3,3,3,3,3,3,3,3,3,2,2,1,1,1,0,0,0,0,0,0,0,0,0,0,0,0,0,0,0,0
77,0,0,0,0,0,0,0,0,0,0,0,0,0,0,0,0,0,0,0,0,0,0,0,0,0,0,0,0,6,6,6,6,0,0,1,2,3,3,5,6,7,5,6,7,7,7,7,9,8,9,9,9,6,8,7,9,9,9,8,10,9,9,8,9,9,8,8,8,8,7,7,8,10,7,7,7,6,6,5,5,4,4,3,2,2,2,1,1,1,1,1,1,0,0,0,0,0,0,0,0,0,0,0,0,0,0,0,0,0,0,0,0,0,0,0,0,0,0,0,0
78,0,0,0,0,0,0,0,0,0,0,0,0,0,0,0,0,0,0,0,0,0,0,0,0,0,0,0,0,6,6,6,7,1,1,1,2,4,4,4,6,9,6,7,9,8,7,8,7,8,7,7,8,7,6,7,8,7,6,6,6,4,4,6,6,6,7,5,4,5,4,3,3,3,4,5,4,4,3,3,2,2,2,2,2,2,2,2,2,2,2,2,2,2,2,2,2,2,2,2,2,2,2,2,0,0,0,0,0,0,0,0,0,0,0,0,0,0,0,0,0
79,0,0,0,0,0,0,0,0,0,0,0,0,0,0,0,0,0,0,0,0,0,0,0,0,0,0,0,0,6,6,6,7,1,2,2,4,3,4,4,5,5,6,6,6,7,6,6,7,7,6,6,7,7,7,8,7,6,6,5,5,5,7,8,7,7,8,8,7,6,7,6,6,6,6,4,3,3,3,3,3,2,2,1,1,1,1,1,1,1,1,1,1,1,1,1,1,1,1,1,1,1,0,0,0,0,0,0,0,0,0,0,0,0,0,0,0,0,0,0,0
80,0,0,0,0,0,0,0,0,0,0,0,0,0,0,0,0,0,0,0,0,0,0,0,0,0,0,0,0,8,8,8,8,0,2,2,2,3,5,4,4,7,6,8,8,8,7,6,6,6,7,6,7,7,5,8,7,9,8,9,9,8,10,9,8,7,7,9,8,7,8,6,6,6,6,6,6,5,5,5,4,4,4,4,4,4,3,3,3,3,3,3,3,3,2,2,2,2,2,2,1,0,0,0,0,0,0,0,0,0,0,0,0,0,0,0,0,0,0,0,0
81,0,0,0,0,0,0,0,0,0,0,0,0,0,0,0,0,0,0,0,0,0,0,0,0,0,0,0,0,9,9,9,10,1,2,3,5,5,7,7,8,9,11,10,12,14,14,13,14,16,14,15,14,13,9,9,12,11,10,8,8,10,10,10,9,10,9,9,10,9,8,8,8,8,10,8,7,7,7,7,6,6,6,6,5,5,2,2,2,2,1,1,1,1,1,1,1,0,0,0,0,0,0,0,0,0,0,0,0,0,0,0,0,0,0,0,0,0,0,0,0
82,0,0,0,0,0,0,0,0,0,0,0,0,0,0,0,0,0,0,0,0,0,0,0,0,0,0,0,0,9,9,9,9,0,1,2,3,3,5,7,8,7,8,9,8,8,9,9,9,9,7,6,7,7,8,7,12,12,12,12,13,13,12,13,11,10,9,9,8,6,5,6,8,8,9,8,7,6,5,5,4,4,4,4,3,3,3,3,3,2,2,2,2,1,1,1,1,1,1,1,1,1,1,1,0,0,0,0,0,0,0,0,0,0,0,0,0,0,0,0,0
83,0,0,0,0,0,0,0,0,0,0,0,0,0,0,0,0,0,0,0,0,0,0,0,0,0,0,0,0,9,9,9,9,2,2,3,3,6,4,7,6,7,6,8,9,6,8,10,10,9,10,10,9,10,10,10,9,11,10,12,11,10,8,8,7,6,7,5,8,8,8,11,10,8,8,8,6,6,6,6,5,4,4,4,4,3,2,2,2,2,2,2,2,2,2,2,2,2,2,2,0,0,0,0,0,0,0,0,0,0,0,0,0,0,0,0,0,0,0,0,0
84,0,0,0,0,0,0,0,0,0,0,0,0,0,0,0,0,0,0,0,0,0,0,0,0,0,0,0,0,9,9,10,10,1,1,4,3,4,4,7,5,7,7,9,8,9,9,14,12,12,15,17,12,12,16,12,11,12,13,12,11,13,14,11,11,12,10,10,10,11,10,10,11,10,9,8,8,8,8,8,8,7,7,6,6,5,3,3,3,2,1,1,1,1,1,0,0,0,0,0,0,0,0,0,0,0,0,0,0,0,0,0,0,0,0,0,0,0,0,0,0
85,0,0,0,0,0,0,0,0,0,0,0,0,0,0,0,0,0,0,0,0,0,0,0,0,0,0,0,0,8,8,8,8,1,1,1,2,4,5,5,7,7,9,7,10,10,10,11,13,10,10,13,13,12,13,12,14,12,11,11,14,10,9,10,11,9,9,9,9,9,8,9,9,11,11,10,9,9,8,8,7,6,6,6,4,4,3,3,3,2,2,2,1,1,1,0,0,0,0,0,0,0,0,0,0,0,0,0,0,0,0,0,0,0,0,0,0,0,0,0,0
86,0,0,0,0,0,0,0,0,0,0,0,0,0,0,0,0,0,0,0,0,0,0,0,0,0,0,0,0,9,9,9,9,1,1,2,3,4,5,7,8,7,11,12,10,10,11,10,10,10,10,9,11,13,13,9,9,10,11,8,7,8,10,10,9,9,9,9,10,9,8,9,8,8,9,9,6,5,4,4,4,3,3,2,2,2,2,2,2,1,1,1,0,0,0,0,0,0,0,0,0,0,0,0,0,0,0,0,0,0,0,0,0,0,0,0,0,0,0,0,0
87,0,0,0,0,0,0,0,0,0,0,0,0,0,0,0,0,0,0,0,0,0,0,0,0,0,0,0,0,6,6,6,6,0,0,1,1,2,3,5,5,7,7,7,7,7,5,5,6,6,8,9,8,8,7,5,6,8,7,8,8,8,7,6,5,5,5,5,6,6,8,8,9,8,7,7,7,7,7,7,7,7,6,6,6,5,4,4,3,3,3,3,3,2,1,1,1,1,1,1,1,1,1,1,1,0,0,0,0,0,0,0,0,0,0,0,0,0,0,0,0
88,0,0,0,0,0,0,0,0,0,0,0,0,0,0,0,0,0,0,0,0,0,0,0,0,0,0,0,0,5,5,5,5,1,1,1,2,3,3,5,6,5,5,5,3,5,5,7,7,9,7,7,7,7,7,7,8,7,10,9,8,9,7,6,6,6,6,7,6,7,7,8,8,6,5,5,3,3,3,3,2,2,2,2,2,1,1,1,1,1,1,1,1,1,1,1,1,0,0,0,0,0,0,0,0,0,0,0,0,0,0,0,0,0,0,0,0,0,0,0,0
89,0,0,0,0,0,0,0,0,0,0,0,0,0,0,0,0,0,0,0,0,0,0,0,0,0,0,0,0,5,5,5,5,1,1,1,2,4,4,5,6,6,6,6,6,6,7,8,6,6,7,6,6,6,7,6,8,7,9,9,10,7,9,7,6,6,6,5,3,5,5,6,5,5,5,5,5,4,4,4,3,3,3,2,2,2,2,2,2,2,2,1,1,1,1,1,1,1,1,1,1,0,0,0,0,0,0,0,0,0,0,0,0,0,0,0,0,0,0,0,0
90,0,0,0,0,0,0,0,0,0,0,0,0,0,0,0,0,0,0,0,0,0,0,0,0,0,0,0,0,5,5,5,5,1,1,1,1,3,4,4,4,5,7,6,6,6,6,7,6,7,7,8,8,10,7,7,6,6,6,7,5,5,7,7,7,7,9,7,7,7,7,7,5,5,6,8,7,7,6,6,6,6,6,4,4,3,3,2,2,2,2,2,2,2,2,2,2,2,2,1,1,1,1,1,1,1,1,1,0,0,0,0,0,0,0,0,0,0,0,0,0
91,0,0,0,0,0,0,0,0,0,0,0,0,0,0,0,0,0,0,0,0,0,0,0,0,0,0,0,0,10,10,10,10,2,1,2,4,5,5,7,8,9,8,9,9,11,8,10,10,9,10,9,8,7,9,9,11,10,11,12,10,9,11,9,9,10,11,9,9,11,11,10,10,11,12,12,12,12,12,11,9,7,7,7,7,6,5,3,2,2,2,2,2,2,2,2,2,2,1,1,1,1,1,1,1,1,1,0,0,0,0,0,0,0,0,0,0,0,0,0,0
92,0,0,0,0,0,0,0,0,0,0,0,0,0,0,0,0,0,0,0,0,0,0,0,0,0,0,0,0,5,5,5,5,1,1,1,1,3,2,3,4,5,5,6,5,5,5,5,6,6,5,5,5,6,6,4,5,6,5,5,7,4,5,5,6,6,6,6,7,6,4,5,5,5,6,5,5,5,5,2,2,2,2,2,2,2,2,1,1,1,1,1,1,1,1,1,1,1,1,1,1,1,1,1,0,0,0,0,0,0,0,0,0,0,0,0,0,0,0,0,0
93,0,0,0,0,0,0,0,0,0,0,0,0,0,0,0,0,0,0,0,0,0,0,0,0,0,0,0,0,9,9,9,9,3,2,2,3,4,4,5,6,8,8,9,9,11,10,11,12,11,13,12,14,12,13,12,10,8,9,9,10,8,9,11,12,10,10,11,10,9,10,10,8,5,6,6,4,4,4,4,4,4,4,4,4,4,4,3,2,2,2,2,2,2,2,2,2,1,1,1,1,1,0,0,0,0,0,0,0,0,0,0,0,0,0,0,0,0,0,0,0
94,0,0,0,0,0,0,0,0,0,0,0,0,0,0,0,0,0,0,0,0,0,0,0,0,0,0,0,0,9,9,9,9,1,1,2,3,4,4,5,6,6,8,8,9,11,11,10,12,13,12,12,12,11,13,13,12,15,17,14,14,15,15,15,13,12,11,12,13,13,12,11,11,11,10,10,9,8,8,8,8,8,5,5,5,5,5,5,5,5,4,3,2,2,2,2,2,2,2,2,2,1,1,1,1,1,1,1,0,0,0,0,0,0,0,0,0,0,0,0,0
95,0,0,0,0,0,0,0,0,0,0,0,0,0,0,0,0,0,0,0,0,0,0,0,0,0,0,0,0,9,9,9,10,1,1,2,4,6,6,7,8,10,9,10,12,12,13,14,14,14,14,16,14,18,15,15,15,19,16,16,13,17,16,17,17,19,16,11,10,9,8,8,11,10,9,8,8,8,7,6,6,6,6,6,6,5,5,3,3,3,3,2,2,2,2,2,2,2,2,2,2,2,2,2,1,1,0,0,0,0,0,0,0,0,0,0,0,0,0,0,0
96,0,0,0,0,0,0,0,0,0,0,0,0,0,0,0,0,0,0,0,0,0,0,0,0,0,0,0,0,7,7,7,7,1,1,3,3,4,5,6,6,7,10,9,9,7,7,7,8,8,8,9,10,12,10,9,10,10,9,9,10,10,11,9,10,9,8,7,7,9,10,11,11,10,10,9,9,8,7,7,6,6,6,6,6,6,5,3,3,2,2,2,2,2,2,2,1,1,1,1,1,1,1,0,0,0,0,0,0,0,0,0,0,0,0,0,0,0,0,0,0
97,0,0,0,0,0,0,0,0,0,0,0,0,0,0,0,0,0,0,0,0,0,0,0,0,0,0,0,0,9,9,9,9,0,1,2,4,4,6,7,7,6,7,8,9,10,9,12,12,12,13,14,12,13,14,11,11,12,10,9,10,12,11,9,10,10,8,7,7,6,5,8,8,8,9,7,7,7,7,7,6,6,6,5,4,4,4,3,3,3,3,2,2,2,2,2,2,2,2,2,0,0,0,0,0,0,0,0,0,0,0,0,0,0,0,0,0,0,0,0,0
98,0,0,0,0,0,0,0,0,0,0,0,0,0,0,0,0,0,0,0,0,0,0,0,0,0,0,0,0,9,9,9,9,1,2,2,2,4,4,4,5,7,6,7,7,5,6,6,6,8,12,9,8,12,12,12,11,13,10,11,11,11,10,10,11,10,7,8,7,9,9,9,8,7,9,8,8,7,6,5,5,5,4,4,4,4,4,2,1,1,1,0,0,0,0,0,0,0,0,0,0,0,0,0,0,0,0,0,0,0,0,0,0,0,0,0,0,0,0,0,0
99,0,0,0,0,0,0,0,0,0,0,0,0,0,0,0,0,0,0,0,0,0,0,0,0,0,0,0,0,7,7,7,7,1,1,2,2,4,4,4,4,5,6,6,7,6,9,10,10,8,13,10,8,7,9,7,7,8,9,9,10,10,8,6,6,6,6,6,7,6,6,8,9,9,11,9,8,8,8,8,8,8,8,6,5,5,4,4,4,3,3,2,2,2,2,2,2,2,2,2,2,2,2,1,1,1,1,1,1,0,0,0,0,0,0,0,0,0,0,0,0
100,0,0,0,0,0,0,0,0,0,0,0,0,0,0,0,0,0,0,0,0,0,0,0,0,0,0,0,0,8,8,9,9,1,2,4,4,4,4,4,5,3,4,6,8,7,8,11,9,11,11,12,9,11,11,11,12,13,12,12,10,9,9,8,4,4,3,2,4,4,4,5,7,7,7,7,6,5,5,5,5,4,4,4,2,2,2,2,2,2,2,2,2,2,2,2,2,2,2,2,2,2,2,2,1,1,1,1,0,0,0,0,0,0,0,0,0,0,0,0,0
101,0,0,0,0,0,0,0,0,0,0,0,0,0,0,0,0,0,0,0,0,0,0,0,0,0,0,0,0,1,1,1,1,0,0,0,0,1,1,1,1,2,1,1,1,1,2,2,2,2,3,2,1,1,1,1,2,2,2,2,3,2,1,1,1,1,1,2,2,2,2,2,2,1,1,1,1,1,1,1,1,1,1,1,1,1,1,1,1,1,1,1,1,1,1,1,1,1,1,1,0,0,0,0,0,0,0,0,0,0,0,0,0,0,0,0,0,0,0,0,0
102,0,0,0,0,0,0,0,0,0,0,0,0,0,0,0,0,0,0,0,0,0,0,0,0,0,0,0,0,8,8,8,8,1,1,1,3,4,4,5,7,6,7,8,7,8,7,8,8,10,10,9,10,13,10,11,9,11,10,10,10,9,10,10,10,8,7,8,7,7,6,8,9,7,8,8,8,7,7,7,7,6,6,5,5,5,4,3,3,3,3,3,3,3,3,3,3,3,3,3,3,3,3,2,2,1,1,0,0,0,0,0,0,0,0,0,0,0,0,0,0
103,0,0,0,0,0,0,0,0,0,0,0,0,0,0,0,0,0,0,0,0,0,0,0,0,0,0,0,0,8,9,9,9,1,3,3,3,3,5,6,4,4,4,5,7,6,6,7,10,6,6,7,6,6,7,7,7,7,7,7,7,8,8,8,10,10,10,11,8,8,6,6,7,8,7,7,6,6,6,6,6,6,6,5,5,4,3,3,3,3,1,1,0,0,0,0,0,0,0,0,0,0,0,0,0,0,0,0,0,0,0,0,0,0,0,0,0,0,0,0,0
104,0,0,0,0,0,0,0,0,0,0,0,0,0,0,0,0,0,0,0,0,0,0,0,0,0,0,0,0,5,6,6,6,1,2,2,3,5,5,5,5,6,4,4,5,6,8,7,8,9,8,7,6,7,6,4,7,6,6,6,7,7,5,6,5,6,5,5,3,3,3,4,4,5,6,6,6,6,6,5,5,4,4,3,3,3,2,1,1,0,0,0,0,0,0,0,0,0,0,0,0,0,0,0,0,0,0,0,0,0,0,0,0,0,0,0,0,0,0,0,0
105,0,0,0,0,0,0,0,0,0,0,0,0,0,0,0,0,0,0,0,0,0,0,0,0,0,0,0,0,10,10,11,11,3,3,4,3,4,4,4,5,6,5,8,7,7,9,12,10,10,12,12,10,10,12,12,12,9,8,10,9,9,8,10,9,9,9,10,10,10,12,12,14,12,12,11,8,8,8,7,7,7,6,5,5,4,3,3,3,3,3,3,2,2,2,2,2,1,1,1,1,0,0,0,0,0,0,0,0,0,0,0,0,0,0,0,0,0,0,0,0
106,0,0,0,0,0,0,0,0,0,0,0,0,0,0,0,0,0,0,0,0,0,0,0,0,0,0,0,0,6,6,6,7,1,1,2,4,3,4,5,6,7,8,7,9,9,10,8,10,10,12,10,10,10,11,9,8,9,9,9,9,12,9,8,9,9,7,6,6,6,7,8,8,7,4,5,3,2,2,1,1,1,1,1,1,1,1,1,0,0,0,0,0,0,0,0,0,0,0,0,0,0,0,0,0,0,0,0,0,0,0,0,0,0,0,0,0,0,0,0,0
107,0,0,0,0,0,0,0,0,0,0,0,0,0,0,0,0,0,0,0,0,0,0,0,0,0,0,0,0,9,9,9,9,1,1,3,4,5,4,7,8,7,8,8,9,9,10,9,10,10,11,11,11,11,14,15,12,13,12,11,10,13,11,10,9,9,9,9,9,7,7,8,7,7,8,8,8,8,7,7,6,5,3,3,2,2,2,1,0,0,0,0,0,0,0,0,0,0,0,0,0,0,0,0,0,0,0,0,0,0,0,0,0,0,0,0,0,0,0,0,0
108,0,0,0,0,0,0,0,0,0,0,0,0,0,0,0,0,0,0,0,0,0,0,0,0,0,0,0,0,9,9,10,10,1,1,4,5,4,5,7,7,7,8,7,7,9,8,7,10,9,9,9,8,9,7,8,9,9,7,12,11,9,9,11,11,10,11,11,10,11,9,9,6,7,8,7,6,5,5,5,5,5,5,5,5,5,4,3,3,3,3,3,3,2,2,2,2,2,2,1,1,1,1,1,1,1,1,1,0,0,0,0,0,0,0,0,0,0,0,0,0
109,0,0,0,0,0,0,0,0,0,0,0,0,0,0,0,0,0,0,0,0,0,0,0,0,0,0,0,0,9,9,9,9,1,1,1,2,4,4,4,5,6,8,7,7,10,10,9,7,7,7,8,7,6,7,6,8,7,7,7,6,6,7,6,6,6,6,6,7,8,8,7,8,8,7,7,7,5,5,5,5,5,5,5,5,4,3,3,3,3,3,3,3,2,2,2,0,0,0,0,0,0,0,0,0,0,0,0,0,0,0,0,0,0,0,0,0,0,0,0,0
110,0,0,0,0,0,0,0,0,0,0,0,0,0,0,0,0,0,0,0,0,0,0,0,0,0,0,0,0,7,7,7,8,1,1,2,3,3,3,4,3,5,5,6,6,8,7,10,8,10,10,9,8,10,9,9,8,8,7,9,8,9,9,10,8,7,4,4,4,5,5,6,7,6,6,6,6,6,6,6,6,6,6,5,4,4,4,4,3,3,3,2,1,1,1,1,1,1,1,1,1,1,1,0,0,0,0,0,0,0,0,0,0,0,0,0,0,0,0,0,0
111,0,0,0,0,0,0,0,0,0,0,0,0,0,0,0,0,0,0,0,0,0,0,0,0,0,0,0,0,8,8,9,10,2,2,5,6,5,7,10,9,8,10,8,9,8,8,7,11,10,7,8,10,8,8,7,8,5,6,7,8,7,6,8,7,7,8,8,7,8,7,8,7,8,10,10,9,9,7,7,7,6,4,4,4,4,3,0,0,0,0,0,0,0,0,0,0,0,0,0,0,0,0,0,0,0,0,0,0,0,0,0,0,0,0,0,0,0,0,0,0
112,0,0,0,0,0,0,0,0,0,0,0,0,0,0,0,0,0,0,0,0,0,0,0,0,0,0,0,0,8,9,9,9,1,3,2,4,4,5,4,8,6,7,7,8,7,7,11,11,11,11,14,11,11,12,11,9,12,10,11,11,12,12,12,9,6,6,5,5,5,6,7,6,7,7,7,7,6,6,6,6,6,4,4,3,3,3,3,3,3,3,3,3,3,3,3,3,3,3,3,2,2,2,1,1,0,0,0,0,0,0,0,0,0,0,0,0,0,0,0,0
113,0,0,0,0,0,0,0,0,0,0,0,0,0,0,0,0,0,0,0,0,0,0,0,0,0,0,0,0,7,7,7,7,1,1,3,3,6,6,8,6,8,8,8,8,10,11,12,11,11,10,12,11,10,10,9,10,12,14,12,14,13,10,10,10,8,8,8,8,9,10,10,11,11,8,8,7,7,7,7,7,7,7,6,4,3,3,3,1,1,0,0,0,0,0,0,0,0,0,0,0,0,0,0,0,0,0,0,0,0,0,0,0,0,0,0,0,0,0,0,0
114,0,0,0,0,0,0,0,0,0,0,0,0,0,0,0,0,0,0,0,0,0,0,0,0,0,0,0,0,8,8,9,9,1,1,2,1,2,4,4,3,4,5,3,2,4,4,7,7,8,6,8,7,8,9,10,11,12,10,9,8,9,9,9,8,8,8,6,6,6,7,8,9,9,9,8,8,8,6,6,5,5,4,4,4,4,3,2,2,2,2,1,1,1,0,0,0,0,0,0,0,0,0,0,0,0,0,0,0,0,0,0,0,0,0,0,0,0,0,0,0
115,0,0,0,0,0,0,0,0,0,0,0,0,0,0,0,0,0,0,0,0,0,0,0,0,0,0,0,0,9,9,9,9,0,1,1,1,1,3,2,3,4,5,5,7,8,7,10,12,12,11,13,13,11,8,9,9,9,8,9,8,7,9,9,7,9,9,8,7,7,8,8,9,9,9,8,8,6,5,4,4,4,4,3,3,2,1,1,1,1,1,1,1,0,0,0,0,0,0,0,0,0,0,0,0,0,0,0,0,0,0,0,0,0,0,0,0,0,0,0,0
116,0,0,0,0,0,0,0,0,0,0,0,0,0,0,0,0,0,0,0,0,0,0,0,0,0,0,0,0,9,9,10,10,2,2,4,3,5,6,7,7,8,8,9,9,9,8,12,10,10,11,14,12,12,15,14,13,13,15,11,12,10,9,9,9,7,11,9,8,9,11,11,10,10,10,10,10,8,8,7,7,7,7,5,3,3,3,3,3,2,1,1,1,1,1,1,1,1,1,1,1,1,0,0,0,0,0,0,0,0,0,0,0,0,0,0,0,0,0,0,0
117,0,0,0,0,0,0,0,0,0,0,0,0,0,0,0,0,0,0,0,0,0,0,0,0,0,0,0,0,9,9,9,9,1,1,2,2,4,6,6,5,6,10,9,8,7,8,10,9,8,9,12,11,11,12,12,10,11,11,11,13,12,14,14,15,12,12,12,12,12,14,13,12,12,11,9,9,8,8,7,7,6,6,3,2,2,2,2,2,2,1,1,1,1,0,0,0,0,0,0,0,0,0,0,0,0,0,0,0,0,0,0,0,0,0,0,0,0,0,0,0
118,0,0,0,0,0,0,0,0,0,0,0,0,0,0,0,0,0,0,0,0,0,0,0,0,0,0,0,0,9,9,9,9,1,1,1,2,5,5,5,7,9,7,7,8,9,8,10,8,10,8,10,10,10,10,12,10,11,12,13,9,9,7,8,7,7,6,5,6,5,5,6,6,5,5,4,4,4,4,4,4,4,4,3,3,3,2,2,2,2,2,2,2,2,2,1,1,1,1,1,1,1,1,1,1,1,1,0,0,0,0,0,0,0,0,0,0,0,0,0,0
119,0,0,0,0,0,0,0,0,0,0,0,0,0,0,0,0,0,0,0,0,0,0,0,0,0,0,0,0,7,7,7,7,0,2,2,3,3,5,4,5,6,7,8,8,9,7,7,7,8,9,11,9,10,13,11,11,12,10,7,7,8,7,6,4,6,5,7,7,7,8,7,6,7,7,8,7,7,7,7,7,6,6,6,5,5,4,2,2,2,2,2,2,2,1,1,1,1,1,1,1,1,0,0,0,0,0,0,0,0,0,0,0,0,0,0,0,0,0,0,0
120,0,0,0,0,0,0,0,0,0,0,0,0,0,0,0,0,0,0,0,0,0,0,0,0,0,0,0,0,9,9,9,9,0,1,2,2,3,5,6,5,7,8,8,8,7,8,7,8,10,10,10,12,14,12,10,10,8,8,9,9,8,9,10,9,7,7,6,6,6,6,6,8,9,9,9,9,8,7,7,7,7,6,5,5,5,5,5,4,4,4,4,3,3,3,3,3,3,2,2,2,2,2,2,1,0,0,0,0,0,0,0,0,0,0,0,0,0,0,0,0
121,0,0,0,0,0,0,0,0,0,0,0,0,0,0,0,0,0,0,0,0,0,0,0,0,0,0,0,0,9,9,9,9,3,2,2,3,5,5,5,6,8,10,8,9,11,11,10,13,12,11,12,13,12,12,11,13,15,13,13,10,9,9,11,11,10,11,11,10,9,10,9,10,10,10,10,8,7,6,6,5,5,4,4,4,4,4,4,4,4,4,3,3,3,2,2,2,2,2,2,2,2,2,1,1,0,0,0,0,0,0,0,0,0,0,0,0,0,0,0,0
122,0,0,0,0,0,0,0,0,0,0,0,0,0,0,0,0,0,0,0,0,0,0,0,0,0,0,0,0,9,9,9,9,1,1,3,3,5,6,8,7,9,11,9,8,9,10,10,12,14,14,14,13,15,14,14,15,14,13,13,13,12,14,13,12,10,12,10,8,8,9,8,10,11,13,14,13,12,11,11,9,9,9,7,7,6,4,3,3,1,1,1,1,1,1,1,1,1,1,1,1,1,0,0,0,0,0,0,0,0,0,0,0,0,0,0,0,0,0,0,0
123,0,0,0,0,0,0,0,0,0,0,0,0,0,0,0,0,0,0,0,0,0,0,0,0,0,0,0,0,7,7,7,7,0,1,2,2,4,6,7,6,8,7,7,6,8,8,8,8,9,10,10,12,12,11,12,11,10,12,13,12,12,15,12,10,9,8,8,9,9,8,8,8,6,6,6,4,4,4,4,4,4,4,4,3,2,2,1,1,1,1,1,1,1,1,1,1,1,0,0,0,0,0,0,0,0,0,0,0,0,0,0,0,0,0,0,0,0,0,0,0
124,0,0,0,0,0,0,0,0,0,0,0,0,0,0,0,0,0,0,0,0,0,0,0,0,0,0,0,0,7,7,8,8,1,2,3,3,3,6,4,7,6,7,6,9,7,7,9,10,9,10,10,11,12,11,11,14,12,12,12,12,13,11,11,11,10,9,8,9,9,8,9,9,9,10,9,8,8,8,8,7,6,4,4,4,4,4,4,4,4,4,4,3,3,3,3,3,3,3,3,3,1,1,1,0,0,0,0,0,0,0,0,0,0,0,0,0,0,0,0,0
125,0,0,0,0,0,0,0,0,0,0,0,0,0,0,0,0,0,0,0,0,0,0,0,0,0,0,0,0,9,9,9,9,0,1,1,3,4,5,6,7,6,5,10,9,11,11,14,11,12,9,10,11,13,12,14,12,10,11,8,8,8,9,9,9,8,8,9,10,10,9,9,10,9,7,7,7,7,7,7,7,7,7,6,6,6,6,6,5,5,5,5,5,5,5,4,3,3,3,2,1,0,0,0,0,0,0,0,0,0,0,0,0,0,0,0,0,0,0,0,0
