Day,Cath Room 1 Proc 1,Cath Room 1 Proc 2,Cath Room 1 Proc 3,Cath Room 1 Proc 4,Cath Room 1 Proc 5,Cath Room 1 Proc 6,Cath Room 2 Proc 1,Cath Room 2 Proc 2,Cath Room 2 Proc 3,Cath Room 2 Proc 4,Cath Room 2 Proc 5,Cath Room 2 Proc 6,Cath Room 3 Proc 1,Cath Room 3 Proc 2,Cath Room 3 Proc 3,Cath Room 3 Proc 4,Cath Room 3 Proc 5,Cath Room 3 Proc 6,Cath Room 4 Proc 1,Cath Room 4 Proc 2,Cath Room 4 Proc 3,Cath Room 4 Proc 4,Cath Room 4 Proc 5,Cath Room 4 Proc 6,Cath Room 5 Proc 1,Cath Room 5 Proc 2,Cath Room 5 Proc 3,Cath Room 5 Proc 4,Cath Room 5 Proc 5,Cath Room 5 Proc 6,EP Room 1 Proc 1,EP Room 1 Proc 2,EP Room 1 Proc 3,EP Room 1 Proc 4,EP Room 1 Proc 5,EP Room 1 Proc 6,EP Room 1 Proc 7,EP Room 2 Proc 1,EP Room 2 Proc 2,EP Room 2 Proc 3,EP Room 2 Proc 4,EP Room 2 Proc 5,EP Room 2 Proc 6,EP Room 2 Proc 7,EP Room 3 Proc 1,EP Room 3 Proc 2,EP Room 3 Proc 3,EP Room 3 Proc 4,EP Room 3 Proc 5,EP Room 3 Proc 6,EP Room 3 Proc 7,EP Room 4 Proc 1,EP Room 4 Proc 2,EP Room 4 Proc 3,EP Room 4 Proc 4,EP Room 4 Proc 5,EP Room 4 Proc 6,EP Room 4 Proc 7,Overflow Proc 1,Overflow Proc 2,Overflow Proc 3,Overflow Proc 4,Overflow Proc 5,Overflow Proc 6,Overflow Proc 7
1,223.1,125.74,105.07,85.74,0.0,0.0,193.31,126.64,106.2,93.01,110.89,0.0,156.76,128.57,124.57,93.18,60.0,0.0,155.91,129.64,113.36,103.41,67.13,0.0,155.32,131.79,112.63,94.77,85.14,0.0,380.3,121.0,20.0,0.0,0.0,0.0,0.0,380.3,90.93,35.93,0.0,0.0,0.0,0.0,380.3,119.97,29.98,0.0,0.0,0.0,0.0,250.5,158.87,57.23,48.03,0.0,0.0,0.0,0.0,0.0,0.0,0.0,0.0,0.0,0.0
2,205.39,133.84,104.62,83.48,0.0,0.0,181.23,145.31,109.43,86.66,0.0,0.0,168.62,158.8,105.36,94.9,0.0,0.0,274.38,123.9,97.2,0.0,0.0,0.0,168.78,152.0,112.98,90.0,0.0,0.0,355.37,159.6,22.18,0.0,0.0,0.0,0.0,238.24,172.08,133.07,0.0,0.0,0.0,0.0,248.86,172.08,83.67,35.93,0.0,0.0,0.0,355.37,159.6,31.93,0.0,0.0,0.0,0.0,0.0,0.0,0.0,0.0,0.0,0.0,0.0
3,165.34,164.35,104.73,89.06,0.0,0.0,170.11,147.17,120.15,84.55,0.0,0.0,200.08,144.88,100.95,109.6,0.0,0.0,217.65,125.09,102.61,77.78,0.0,0.0,205.98,133.27,103.57,83.49,0.0,0.0,355.37,159.6,0.0,0.0,0.0,0.0,0.0,295.48,164.27,27.27,26.93,0.0,0.0,0.0,241.52,172.08,97.8,21.95,0.0,0.0,0.0,194.91,181.26,156.1,0.0,0.0,0.0,0.0,0.0,0.0,0.0,0.0,0.0,0.0,0.0
4,180.54,122.22,102.97,73.48,0.0,0.0,156.65,149.49,100.49,62.0,0.0,0.0,251.62,110.44,92.94,0.0,0.0,0.0,189.28,117.47,98.2,75.76,0.0,0.0,169.29,123.03,106.72,82.99,0.0,0.0,200.14,0.0,0.0,0.0,0.0,0.0,0.0,250.64,0.0,0.0,0.0,0.0,0.0,0.0,22.58,20.5,0.0,0.0,0.0,0.0,0.0,79.47,0.0,0.0,0.0,0.0,0.0,0.0,0.0,0.0,0.0,0.0,0.0,0.0,0.0
5,185.37,120.89,98.26,76.0,0.0,0.0,342.44,96.79,0.0,0.0,0.0,0.0,152.99,152.51,102.42,0.0,0.0,0.0,159.93,123.41,109.42,83.86,0.0,0.0,206.76,114.56,97.92,0.0,0.0,0.0,186.11,0.0,0.0,0.0,0.0,0.0,0.0,119.97,0.0,0.0,0.0,0.0,0.0,0.0,94.07,94.07,0.0,0.0,0.0,0.0,0.0,464.1,0.0,0.0,0.0,0.0,0.0,0.0,0.0,0.0,0.0,0.0,0.0,0.0,0.0
6,181.88,134.71,116.46,101.19,94.35,0.0,187.29,130.59,115.01,106.44,93.23,0.0,150.99,136.66,119.42,108.05,95.84,0.0,151.24,136.25,119.9,107.61,100.39,0.0,349.54,109.81,100.8,70.0,0.0,0.0,226.62,226.62,46.87,0.0,0.0,0.0,0.0,226.62,158.2,85.72,29.45,0.0,0.0,0.0,373.85,67.9,65.28,0.0,0.0,0.0,0.0,251.79,129.4,108.88,8.48,6.17,0.0,0.0,84.41,82.09,76.88,67.03,61.33,634.8,0.0
7,184.32,134.02,103.81,92.75,0.0,0.0,200.89,125.04,102.48,88.63,0.0,0.0,146.67,145.93,122.45,97.08,79.7,0.0,158.59,140.32,119.21,95.0,0.0,0.0,187.92,126.6,112.09,89.72,0.0,0.0,328.82,143.17,108.5,0.0,0.0,0.0,0.0,201.84,174.73,124.07,49.3,5.0,0.0,0.0,336.53,143.17,73.63,0.0,0.0,0.0,0.0,413.05,108.5,19.53,16.12,0.0,0.0,0.0,352.32,176.53,0.0,0.0,0.0,0.0,0.0
8,382.66,101.11,82.93,0.0,0.0,0.0,197.11,125.45,102.83,91.74,0.0,0.0,159.72,136.26,120.38,96.46,0.0,0.0,158.14,142.94,116.05,96.05,0.0,0.0,148.46,144.26,120.55,99.0,79.47,0.0,201.84,154.17,143.17,55.82,0.0,0.0,0.0,227.0,154.17,124.07,0.0,0.0,0.0,0.0,284.51,154.17,108.5,0.0,0.0,0.0,0.0,201.84,160.5,124.07,69.62,0.0,0.0,0.0,0.0,0.0,0.0,0.0,0.0,0.0,0.0
9,174.39,122.89,108.94,93.17,81.6,0.0,191.28,119.22,108.2,89.64,0.0,0.0,155.0,134.77,114.0,100.64,77.63,0.0,162.81,125.49,117.44,96.05,77.64,0.0,170.07,123.63,113.11,92.87,80.23,0.0,354.44,148.43,0.0,0.0,0.0,0.0,0.0,229.83,197.52,39.88,5.0,0.0,0.0,0.0,417.47,47.58,5.0,0.0,0.0,0.0,0.0,394.25,49.07,32.35,0.0,0.0,0.0,0.0,406.51,0.0,0.0,0.0,0.0,0.0,0.0
10,244.82,118.98,107.01,89.13,0.0,0.0,175.96,119.24,111.99,89.77,87.27,0.0,165.19,124.67,113.68,102.93,0.0,0.0,157.98,127.33,118.68,97.61,77.67,0.0,157.82,131.2,114.68,102.74,69.95,0.0,288.16,181.43,0.0,0.0,0.0,0.0,0.0,323.28,151.84,0.0,0.0,0.0,0.0,0.0,394.25,46.43,13.78,2.95,0.0,0.0,0.0,394.25,123.37,0.0,0.0,0.0,0.0,0.0,0.0,0.0,0.0,0.0,0.0,0.0,0.0
11,0.0,0.0,0.0,0.0,0.0,0.0,0.0,0.0,0.0,0.0,0.0,0.0,0.0,0.0,0.0,0.0,0.0,0.0,0.0,0.0,0.0,0.0,0.0,0.0,60.0,0.0,0.0,0.0,0.0,0.0,0.0,0.0,0.0,0.0,0.0,0.0,0.0,0.0,0.0,0.0,0.0,0.0,0.0,0.0,0.0,0.0,0.0,0.0,0.0,0.0,0.0,0.0,0.0,0.0,0.0,0.0,0.0,0.0,0.0,0.0,0.0,0.0,0.0,0.0,0.0
12,219.3,118.57,106.86,87.95,0.0,0.0,239.82,117.88,104.62,82.06,0.0,0.0,147.8,138.43,115.65,98.05,0.0,0.0,145.85,145.81,109.37,98.06,75.49,0.0,358.55,102.77,84.68,0.0,0.0,0.0,568.69,24.28,6.58,0.0,0.0,0.0,0.0,211.37,198.33,85.77,108.88,0.0,0.0,0.0,266.65,187.76,75.33,86.47,0.0,0.0,0.0,407.87,115.17,86.47,0.0,0.0,0.0,0.0,0.0,0.0,0.0,0.0,0.0,0.0,0.0
13,159.36,124.98,116.53,98.23,67.63,0.0,149.52,137.6,115.46,97.06,4.0,0.0,152.41,125.15,117.88,99.44,77.54,0.0,145.96,144.52,113.84,89.67,81.3,0.0,146.38,142.76,113.9,96.74,0.0,0.0,407.87,175.84,0.0,0.0,0.0,0.0,0.0,407.87,156.3,0.0,0.0,0.0,0.0,0.0,345.69,179.02,25.18,0.0,0.0,0.0,0.0,218.62,193.13,75.33,75.33,0.0,0.0,0.0,634.8,219.89,0.0,0.0,0.0,0.0,0.0
14,175.54,138.63,101.24,84.82,0.0,0.0,158.87,155.37,100.94,85.19,0.0,0.0,215.65,113.25,94.97,77.12,0.0,0.0,186.02,119.39,110.08,83.35,0.0,0.0,164.74,150.68,95.0,87.0,0.0,0.0,381.68,157.1,26.08,0.0,0.0,0.0,0.0,381.68,171.98,16.33,0.0,0.0,0.0,0.0,280.82,273.03,0.0,0.0,0.0,0.0,0.0,324.33,171.98,121.53,0.0,0.0,0.0,0.0,0.0,0.0,0.0,0.0,0.0,0.0,0.0
15,201.56,113.31,100.94,82.06,0.0,0.0,290.99,111.6,89.79,0.0,0.0,0.0,170.95,142.01,102.09,85.49,0.0,0.0,177.63,129.13,104.86,86.92,0.0,0.0,229.24,112.79,90.44,175.66,0.0,0.0,333.42,171.98,101.1,0.0,0.0,0.0,0.0,296.04,223.81,72.83,0.0,0.0,0.0,0.0,383.93,155.3,25.02,0.0,0.0,0.0,0.0,381.68,158.98,22.58,10.58,0.0,0.0,0.0,0.0,0.0,0.0,0.0,0.0,0.0,0.0
16,175.29,172.54,115.21,94.93,0.0,0.0,221.51,146.32,104.35,67.63,0.0,0.0,223.98,137.21,108.25,87.37,0.0,0.0,330.9,123.97,95.92,0.0,0.0,0.0,370.88,103.89,65.56,0.0,0.0,0.0,201.0,190.55,89.67,120.23,0.0,0.0,0.0,323.04,158.73,86.47,28.87,16.77,0.0,0.0,207.47,181.8,93.33,40.18,36.12,30.0,25.43,201.0,201.0,79.07,143.75,0.0,0.0,0.0,0.0,0.0,0.0,0.0,0.0,0.0,0.0
17,271.04,71.67,0.0,0.0,0.0,0.0,129.8,116.86,82.86,0.0,0.0,0.0,133.85,112.31,82.94,239.82,0.0,0.0,138.7,105.67,96.05,0.0,0.0,0.0,173.09,96.4,71.73,0.0,0.0,0.0,381.73,100.57,0.0,0.0,0.0,0.0,0.0,300.96,104.57,57.35,0.0,0.0,0.0,0.0,280.2,132.43,37.1,6.17,0.0,0.0,0.0,206.26,201.48,53.0,0.0,0.0,0.0,0.0,0.0,0.0,0.0,0.0,0.0,0.0,0.0
18,131.8,114.13,94.0,0.0,0.0,0.0,125.92,121.88,78.03,129.57,0.0,0.0,153.76,100.91,76.41,0.0,0.0,0.0,138.23,110.35,76.8,20.0,0.0,0.0,136.16,110.76,80.6,0.0,0.0,0.0,385.59,90.2,0.0,0.0,0.0,0.0,0.0,220.39,168.24,86.1,13.87,0.0,0.0,0.0,432.49,40.12,35.93,0.0,0.0,0.0,0.0,235.27,145.07,104.0,0.0,0.0,0.0,0.0,0.0,0.0,0.0,0.0,0.0,0.0,0.0
19,167.15,102.37,83.65,0.0,0.0,0.0,226.59,96.05,81.45,0.0,0.0,0.0,117.64,114.52,96.05,66.27,0.0,0.0,145.55,107.17,95.35,0.0,0.0,0.0,154.63,107.16,91.22,0.0,0.0,0.0,225.59,121.37,7.25,0.0,0.0,0.0,0.0,370.31,0.0,0.0,0.0,0.0,0.0,0.0,332.74,84.2,0.0,0.0,0.0,0.0,0.0,280.43,84.33,0.0,0.0,0.0,0.0,0.0,0.0,0.0,0.0,0.0,0.0,0.0,0.0
20,526.07,0.0,0.0,0.0,0.0,0.0,170.82,96.86,91.14,0.0,0.0,0.0,164.96,103.48,87.11,0.0,0.0,0.0,142.6,112.34,94.36,0.0,0.0,0.0,117.56,116.84,95.42,102.34,0.0,0.0,206.83,189.52,0.0,0.0,0.0,0.0,0.0,222.96,172.76,0.0,0.0,0.0,0.0,0.0,265.58,106.3,25.08,0.0,0.0,0.0,0.0,344.94,69.33,0.0,0.0,0.0,0.0,0.0,0.0,0.0,0.0,0.0,0.0,0.0,0.0
21,158.59,153.61,116.24,104.91,87.21,0.0,202.2,125.76,114.32,101.62,0.0,0.0,180.88,128.37,120.97,103.56,74.89,0.0,166.06,143.59,119.71,103.66,99.04,0.0,160.92,144.92,124.77,102.72,92.13,0.0,226.94,181.8,145.79,33.75,0.0,0.0,0.0,226.94,181.8,153.3,10.32,0.0,0.0,0.0,226.94,209.6,125.53,4.35,0.0,0.0,0.0,351.04,181.8,37.1,0.0,0.0,0.0,0.0,170.75,0.0,0.0,0.0,0.0,0.0,0.0
22,189.0,92.26,0.0,0.0,0.0,0.0,141.35,101.2,105.29,0.0,0.0,0.0,114.74,112.12,84.89,0.0,0.0,0.0,221.56,89.96,0.0,0.0,0.0,0.0,144.45,97.89,22.0,0.0,0.0,0.0,327.85,47.58,0.0,0.0,0.0,0.0,0.0,182.73,177.93,22.18,0.0,0.0,0.0,0.0,316.51,101.67,0.0,0.0,0.0,0.0,0.0,316.51,134.87,0.0,0.0,0.0,0.0,0.0,0.0,0.0,0.0,0.0,0.0,0.0,0.0
23,340.11,0.0,0.0,0.0,0.0,0.0,128.45,105.54,83.9,0.0,0.0,0.0,147.62,95.65,152.06,0.0,0.0,0.0,204.8,91.74,0.0,0.0,0.0,0.0,116.5,108.09,86.53,0.0,0.0,0.0,326.86,87.53,0.0,0.0,0.0,0.0,0.0,316.51,119.63,0.0,0.0,0.0,0.0,0.0,266.12,150.63,0.0,0.0,0.0,0.0,0.0,340.78,40.12,0.0,0.0,0.0,0.0,0.0,0.0,0.0,0.0,0.0,0.0,0.0,0.0
24,171.86,127.65,106.54,76.12,0.0,0.0,146.53,133.22,110.13,87.52,0.0,0.0,284.15,109.69,79.37,115.05,0.0,0.0,216.59,115.33,99.24,70.19,0.0,0.0,160.44,127.72,109.68,79.03,10.0,0.0,259.18,178.56,176.08,0.0,0.0,0.0,0.0,349.22,177.87,103.5,0.0,0.0,0.0,0.0,540.79,30.0,20.0,15.0,0.0,0.0,0.0,242.57,228.37,133.67,0.0,0.0,0.0,0.0,0.0,0.0,0.0,0.0,0.0,0.0,0.0
25,146.56,128.97,110.49,95.55,0.0,0.0,190.04,122.42,105.86,75.57,0.0,0.0,208.03,121.32,105.55,57.35,0.0,0.0,252.66,111.82,99.1,42.25,0.0,0.0,146.44,136.32,110.08,80.2,29.0,0.0,349.86,177.87,95.28,0.0,0.0,0.0,0.0,294.07,177.87,133.67,0.0,0.0,0.0,0.0,249.23,207.47,165.97,0.0,0.0,0.0,0.0,242.57,242.57,133.67,0.0,0.0,0.0,0.0,0.0,0.0,0.0,0.0,0.0,0.0,0.0
26,210.88,109.98,99.74,84.0,62.0,0.0,137.76,133.39,109.24,95.94,64.0,32.0,156.87,118.7,104.28,99.18,63.21,69.05,169.38,117.65,100.34,86.89,82.23,0.0,144.95,130.27,107.48,92.05,72.54,0.0,301.66,160.45,60.0,20.0,0.0,0.0,0.0,180.85,160.45,92.57,75.7,30.0,0.0,0.0,174.97,164.07,136.43,56.33,0.0,0.0,0.0,338.14,160.45,118.85,0.0,0.0,0.0,0.0,0.0,0.0,0.0,0.0,0.0,0.0,0.0
27,249.45,87.31,170.49,0.0,0.0,0.0,130.17,128.95,76.82,54.0,0.0,0.0,148.83,109.04,82.32,0.0,0.0,0.0,180.12,92.58,65.88,0.0,0.0,0.0,180.5,90.74,66.73,0.0,0.0,0.0,392.02,32.62,0.0,0.0,0.0,0.0,0.0,229.48,120.0,65.9,29.45,0.0,0.0,0.0,215.29,146.03,54.15,22.48,0.0,0.0,0.0,206.89,175.92,37.68,0.0,0.0,0.0,0.0,0.0,0.0,0.0,0.0,0.0,0.0,0.0
28,138.97,116.91,84.25,0.0,0.0,0.0,269.6,69.49,0.0,0.0,0.0,0.0,214.75,87.49,62.0,0.0,0.0,0.0,161.77,102.28,75.09,0.0,0.0,0.0,142.51,109.36,84.61,174.45,0.0,0.0,292.47,106.1,30.0,25.18,0.0,0.0,0.0,344.67,90.77,23.0,0.0,0.0,0.0,0.0,614.57,0.0,0.0,0.0,0.0,0.0,0.0,208.08,157.5,47.58,26.22,6.17,0.0,0.0,0.0,0.0,0.0,0.0,0.0,0.0,0.0
29,136.71,101.56,145.82,0.0,0.0,0.0,144.31,90.52,73.5,0.0,0.0,0.0,244.84,0.0,0.0,0.0,0.0,0.0,123.46,111.26,75.94,0.0,0.0,0.0,198.83,85.4,0.0,0.0,0.0,0.0,308.15,201.09,100.0,0.0,0.0,0.0,0.0,280.43,270.35,0.0,0.0,0.0,0.0,0.0,411.92,99.4,15.7,15.05,0.0,0.0,0.0,411.92,118.37,2.95,0.0,0.0,0.0,0.0,0.0,0.0,0.0,0.0,0.0,0.0,0.0
30,147.83,89.65,70.49,0.0,0.0,0.0,143.15,92.09,72.08,0.0,0.0,0.0,125.83,107.34,82.77,0.0,0.0,0.0,118.24,115.52,79.34,0.0,0.0,0.0,135.22,103.04,0.0,0.0,0.0,0.0,315.62,164.46,37.07,0.0,0.0,0.0,0.0,411.92,57.0,39.88,37.07,0.0,0.0,0.0,362.49,147.43,22.18,0.0,0.0,0.0,0.0,307.52,213.01,0.0,0.0,0.0,0.0,0.0,0.0,0.0,0.0,0.0,0.0,0.0,0.0
31,0.0,0.0,0.0,0.0,0.0,0.0,0.0,0.0,0.0,0.0,0.0,0.0,0.0,0.0,0.0,0.0,0.0,0.0,231.47,0.0,0.0,0.0,0.0,0.0,0.0,0.0,0.0,0.0,0.0,0.0,0.0,0.0,0.0,0.0,0.0,0.0,0.0,0.0,0.0,0.0,0.0,0.0,0.0,0.0,0.0,0.0,0.0,0.0,0.0,0.0,0.0,0.0,0.0,0.0,0.0,0.0,0.0,0.0,0.0,0.0,0.0,0.0,0.0,0.0,0.0
32,181.34,124.28,107.61,93.98,76.0,0.0,165.02,135.74,110.77,95.08,79.05,0.0,152.96,139.84,112.69,98.85,82.84,0.0,267.14,117.19,103.01,84.31,0.0,0.0,177.83,126.92,109.68,92.96,69.32,0.0,290.92,197.98,48.03,23.55,0.0,0.0,0.0,462.34,148.5,0.0,0.0,0.0,0.0,0.0,260.97,249.77,46.43,10.58,0.0,0.0,0.0,288.04,240.33,37.68,0.0,0.0,0.0,0.0,0.0,0.0,0.0,0.0,0.0,0.0,0.0
33,170.21,130.15,111.16,96.28,0.0,0.0,247.86,118.55,104.61,91.42,0.0,0.0,254.94,117.58,103.03,85.94,0.0,0.0,145.62,144.19,113.44,100.17,83.48,0.0,159.39,136.53,112.18,96.85,82.1,0.0,249.77,249.77,0.0,0.0,0.0,0.0,0.0,306.17,167.18,105.03,0.0,0.0,0.0,0.0,290.92,184.27,13.78,10.0,0.0,0.0,0.0,290.92,167.18,167.18,0.0,0.0,0.0,0.0,0.0,0.0,0.0,0.0,0.0,0.0,0.0
34,185.04,126.41,100.69,0.0,0.0,0.0,161.44,130.0,102.45,111.71,0.0,0.0,140.54,133.87,108.61,84.77,0.0,0.0,564.94,0.0,0.0,0.0,0.0,0.0,140.8,133.44,109.65,82.57,0.0,0.0,410.33,31.93,0.0,0.0,0.0,0.0,0.0,208.19,208.19,7.92,0.0,0.0,0.0,0.0,264.42,157.69,0.0,0.0,0.0,0.0,0.0,410.33,53.05,0.0,0.0,0.0,0.0,0.0,0.0,0.0,0.0,0.0,0.0,0.0,0.0
35,139.33,135.59,107.63,92.53,0.0,0.0,142.15,131.2,114.95,80.0,0.0,0.0,165.81,126.62,101.23,63.11,0.0,0.0,258.26,116.76,94.61,0.0,0.0,0.0,222.7,125.75,99.83,0.0,0.0,0.0,410.33,33.75,31.0,25.75,0.0,0.0,0.0,330.89,122.23,30.0,6.17,0.0,0.0,0.0,232.27,165.69,98.53,0.0,0.0,0.0,0.0,208.19,198.08,87.6,0.0,0.0,0.0,0.0,0.0,0.0,0.0,0.0,0.0,0.0,0.0
36,185.41,116.44,97.82,80.0,0.0,0.0,194.04,113.66,91.84,88.46,0.0,0.0,195.41,107.67,92.3,88.63,0.0,0.0,125.87,121.94,99.26,90.85,74.73,0.0,138.21,116.46,99.0,88.82,0.0,0.0,342.99,0.0,0.0,0.0,0.0,0.0,0.0,276.79,0.0,0.0,0.0,0.0,0.0,0.0,213.15,32.35,16.33,0.0,0.0,0.0,0.0,135.17,81.27,30.02,0.0,0.0,0.0,0.0,0.0,0.0,0.0,0.0,0.0,0.0,0.0
37,211.94,132.62,97.98,82.43,0.0,0.0,341.11,104.02,78.45,0.0,0.0,0.0,159.57,148.71,122.51,84.19,117.9,0.0,185.15,134.28,108.47,89.95,0.0,0.0,172.51,137.55,118.05,88.57,112.11,0.0,383.78,171.21,47.58,0.0,0.0,0.0,0.0,307.13,191.94,81.7,0.0,0.0,0.0,0.0,383.78,177.3,31.08,0.0,0.0,0.0,0.0,383.78,179.86,0.0,0.0,0.0,0.0,0.0,0.0,0.0,0.0,0.0,0.0,0.0,0.0
38,155.71,153.32,120.22,84.93,0.0,0.0,238.61,130.24,96.54,0.0,0.0,0.0,193.95,133.15,106.12,82.43,0.0,0.0,168.92,140.92,118.53,88.06,0.0,0.0,245.1,125.49,95.92,0.0,0.0,0.0,236.24,236.24,151.73,0.0,0.0,0.0,0.0,296.33,191.94,104.13,12.4,0.0,0.0,0.0,336.79,191.94,48.22,38.8,0.0,0.0,0.0,250.39,236.24,139.93,0.0,0.0,0.0,0.0,0.0,0.0,0.0,0.0,0.0,0.0,0.0
39,172.41,110.53,93.92,70.34,0.0,0.0,274.64,94.62,85.63,0.0,0.0,0.0,123.89,122.73,106.27,92.41,0.0,0.0,162.2,111.38,96.53,78.23,0.0,0.0,193.17,109.11,93.88,68.85,0.0,0.0,241.05,58.13,48.02,0.0,0.0,0.0,0.0,232.1,130.87,0.0,0.0,0.0,0.0,0.0,241.05,60.1,23.22,22.75,0.0,0.0,0.0,345.97,0.0,0.0,0.0,0.0,0.0,0.0,0.0,0.0,0.0,0.0,0.0,0.0,0.0
40,634.8,0.0,0.0,0.0,0.0,0.0,212.98,108.78,92.72,64.94,0.0,0.0,162.64,110.87,101.17,74.55,0.0,0.0,135.99,117.13,103.98,87.45,50.0,0.0,133.23,119.18,106.26,87.2,97.02,0.0,147.35,146.73,24.87,33.75,0.0,0.0,0.0,232.1,135.17,0.0,0.0,0.0,0.0,0.0,241.05,59.0,33.75,29.98,0.0,0.0,0.0,232.1,66.67,24.03,30.0,0.0,0.0,0.0,0.0,0.0,0.0,0.0,0.0,0.0,0.0
41,219.73,119.46,102.64,90.81,0.0,0.0,203.56,123.64,113.09,93.1,0.0,0.0,201.88,131.46,106.99,92.06,0.0,0.0,167.03,133.08,119.41,96.5,79.26,0.0,160.05,155.1,115.57,94.12,71.7,0.0,184.46,146.03,142.23,0.0,0.0,0.0,0.0,184.46,173.74,124.62,0.0,0.0,0.0,0.0,224.11,146.03,57.0,16.12,0.0,0.0,0.0,184.46,146.03,62.22,46.87,15.05,0.0,0.0,0.0,0.0,0.0,0.0,0.0,0.0,0.0
42,358.91,90.46,107.92,0.0,0.0,0.0,211.3,136.34,100.32,20.0,66.2,0.0,178.23,143.57,103.48,86.6,32.62,0.0,169.55,147.37,118.03,79.91,0.0,0.0,156.14,154.44,118.53,83.24,23.27,0.0,306.77,299.27,0.0,0.0,0.0,0.0,0.0,319.36,221.75,84.8,0.0,0.0,0.0,0.0,382.14,197.67,37.0,0.0,0.0,0.0,0.0,382.14,197.67,46.87,0.0,0.0,0.0,0.0,71.03,0.0,0.0,0.0,0.0,0.0,0.0
43,173.56,146.69,108.66,83.35,0.0,0.0,189.0,140.64,103.13,81.13,0.0,0.0,268.25,122.34,87.21,0.0,0.0,0.0,210.7,140.62,95.89,73.61,0.0,0.0,166.81,151.36,110.59,85.08,0.0,0.0,306.77,221.75,84.8,0.0,0.0,0.0,0.0,382.14,197.67,23.22,0.0,0.0,0.0,0.0,321.5,221.75,84.8,0.0,0.0,0.0,0.0,306.77,305.79,0.0,0.0,0.0,0.0,0.0,0.0,0.0,0.0,0.0,0.0,0.0,0.0
44,233.58,139.51,93.23,105.41,0.0,0.0,234.99,135.46,96.92,77.24,0.0,0.0,190.51,139.75,102.28,88.72,0.0,0.0,174.88,174.71,99.62,176.54,0.0,0.0,265.13,124.53,92.25,0.0,0.0,0.0,373.58,0.0,0.0,0.0,0.0,0.0,0.0,260.47,190.01,0.0,0.0,0.0,0.0,0.0,301.55,157.5,0.0,0.0,0.0,0.0,0.0,332.3,5.37,0.0,0.0,0.0,0.0,0.0,0.0,0.0,0.0,0.0,0.0,0.0,0.0
45,181.92,140.44,114.34,81.21,0.0,0.0,437.91,65.41,0.0,0.0,0.0,0.0,196.99,139.69,100.03,71.95,0.0,0.0,175.16,153.92,103.0,91.05,0.0,0.0,179.23,141.27,119.99,65.4,0.0,0.0,332.3,108.3,0.0,0.0,0.0,0.0,0.0,332.3,35.93,0.0,0.0,0.0,0.0,0.0,325.64,128.9,0.0,0.0,0.0,0.0,0.0,289.84,178.5,0.0,0.0,0.0,0.0,0.0,0.0,0.0,0.0,0.0,0.0,0.0,0.0
46,255.69,128.84,101.56,89.63,0.0,0.0,264.9,118.09,101.85,90.77,0.0,0.0,184.48,182.21,103.74,92.39,70.0,0.0,251.97,148.75,92.95,85.49,0.0,0.0,274.69,114.43,96.04,90.44,0.0,0.0,337.02,176.39,31.0,22.38,16.73,0.0,0.0,337.02,170.3,82.06,0.0,0.0,0.0,0.0,362.07,126.46,82.2,15.7,0.0,0.0,0.0,337.02,239.32,13.87,0.0,0.0,0.0,0.0,85.14,72.68,0.0,0.0,0.0,0.0,0.0
47,185.53,130.22,111.56,87.48,0.0,0.0,158.43,130.69,114.9,111.18,0.0,0.0,149.94,132.33,123.3,96.08,72.71,0.0,152.16,130.82,121.72,107.59,0.0,0.0,138.82,138.82,127.53,106.6,44.0,0.0,415.82,0.0,0.0,0.0,0.0,0.0,0.0,322.99,75.97,25.08,0.0,0.0,0.0,0.0,363.05,57.0,0.0,0.0,0.0,0.0,0.0,210.78,199.7,0.0,0.0,0.0,0.0,0.0,0.0,0.0,0.0,0.0,0.0,0.0,0.0
48,144.0,135.18,126.98,95.09,78.06,0.0,280.26,125.0,105.59,60.0,0.0,0.0,182.15,130.65,113.14,94.59,0.0,0.0,152.03,131.62,120.89,107.66,0.0,0.0,296.27,113.29,94.75,70.0,0.0,0.0,254.54,154.33,0.0,0.0,0.0,0.0,0.0,255.1,128.17,0.0,0.0,0.0,0.0,0.0,356.08,0.0,0.0,0.0,0.0,0.0,0.0,296.74,119.93,0.0,0.0,0.0,0.0,0.0,0.0,0.0,0.0,0.0,0.0,0.0,0.0
49,273.97,121.39,100.58,20.0,0.0,0.0,151.26,135.57,114.65,97.42,109.29,0.0,155.15,132.92,112.31,99.08,0.0,0.0,196.81,125.54,109.2,82.77,0.0,0.0,210.05,123.6,106.94,81.41,0.0,0.0,380.58,29.0,0.0,0.0,0.0,0.0,0.0,343.17,94.07,0.0,0.0,0.0,0.0,0.0,300.72,49.07,48.03,0.0,0.0,0.0,0.0,147.8,146.7,57.57,30.0,0.0,0.0,0.0,0.0,0.0,0.0,0.0,0.0,0.0,0.0
50,153.52,133.02,118.06,94.72,0.0,0.0,148.27,135.57,120.89,84.67,77.54,0.0,205.91,125.07,107.36,82.62,0.0,0.0,164.96,127.08,110.29,97.09,0.0,0.0,155.17,128.75,120.71,89.72,76.52,0.0,492.88,0.0,0.0,0.0,0.0,0.0,0.0,149.51,138.2,75.93,40.12,0.0,0.0,0.0,232.05,108.9,171.88,0.0,0.0,0.0,0.0,341.56,46.45,0.0,0.0,0.0,0.0,0.0,0.0,0.0,0.0,0.0,0.0,0.0,0.0
51,143.27,130.67,112.06,95.96,85.09,0.0,133.98,133.17,117.6,104.73,85.06,0.0,188.2,123.35,106.94,88.81,76.24,0.0,145.78,130.56,109.18,104.54,83.82,0.0,220.01,119.68,106.28,87.13,74.58,0.0,206.89,133.46,94.07,0.0,0.0,0.0,0.0,245.72,115.23,32.35,17.0,5.0,0.0,0.0,181.01,142.7,100.0,0.0,0.0,0.0,0.0,187.2,133.5,157.04,0.0,0.0,0.0,0.0,69.59,0.0,0.0,0.0,0.0,0.0,0.0
52,220.58,123.07,95.12,0.0,0.0,0.0,190.51,128.85,102.43,90.46,0.0,0.0,176.95,140.58,110.79,78.26,0.0,0.0,183.62,135.38,106.87,89.49,0.0,0.0,156.75,153.66,119.59,73.56,0.0,0.0,222.88,186.97,29.0,8.48,0.0,0.0,0.0,259.32,145.13,30.0,17.0,0.0,0.0,0.0,259.32,159.9,22.38,6.58,0.0,0.0,0.0,371.04,141.27,0.0,0.0,0.0,0.0,0.0,0.0,0.0,0.0,0.0,0.0,0.0,0.0
53,163.3,150.76,119.01,0.0,0.0,0.0,227.18,122.24,90.55,0.0,0.0,0.0,202.31,126.86,95.97,89.89,0.0,0.0,179.61,138.28,110.12,87.11,0.0,0.0,163.88,149.72,119.02,61.85,0.0,0.0,186.97,186.97,95.28,0.0,0.0,0.0,0.0,628.11,0.0,0.0,0.0,0.0,0.0,0.0,359.6,145.13,0.0,0.0,0.0,0.0,0.0,259.32,145.13,40.65,7.65,0.0,0.0,0.0,0.0,0.0,0.0,0.0,0.0,0.0,0.0
54,189.4,120.74,87.33,77.94,0.0,0.0,170.13,131.72,102.4,0.0,0.0,0.0,148.86,140.84,109.07,71.96,0.0,0.0,208.78,114.88,86.35,0.0,0.0,0.0,176.35,128.35,95.77,66.52,0.0,0.0,348.55,147.33,0.0,0.0,0.0,0.0,0.0,220.47,220.47,56.73,0.0,0.0,0.0,0.0,247.98,181.87,66.2,0.0,0.0,0.0,0.0,348.55,132.5,16.77,0.0,0.0,0.0,0.0,0.0,0.0,0.0,0.0,0.0,0.0,0.0
55,224.81,110.53,85.76,0.0,0.0,0.0,162.06,135.47,104.37,58.0,0.0,0.0,176.71,127.7,102.21,0.0,0.0,0.0,191.42,115.99,87.53,80.6,0.0,0.0,158.41,136.42,108.2,79.58,0.0,0.0,348.55,138.6,21.95,0.0,0.0,0.0,0.0,341.12,176.6,0.0,0.0,0.0,0.0,0.0,247.67,220.47,26.08,18.02,0.0,0.0,0.0,359.6,82.57,27.27,25.3,0.0,0.0,0.0,0.0,0.0,0.0,0.0,0.0,0.0,0.0
56,130.88,110.01,99.39,88.49,77.99,0.0,155.31,109.6,95.45,84.33,76.0,0.0,157.14,103.3,95.52,86.62,76.8,0.0,166.31,102.51,92.0,84.25,62.0,0.0,180.64,102.26,91.12,83.96,0.0,0.0,277.66,213.15,16.77,0.0,0.0,0.0,0.0,339.05,66.2,46.45,39.88,0.0,0.0,0.0,321.6,275.33,0.0,0.0,0.0,0.0,0.0,289.66,199.22,33.73,0.0,0.0,0.0,0.0,634.8,0.0,0.0,0.0,0.0,0.0,0.0
57,150.58,131.86,82.39,0.0,0.0,0.0,157.69,123.51,83.47,100.46,0.0,0.0,163.81,112.41,93.96,0.0,0.0,0.0,180.08,100.7,83.67,176.95,0.0,0.0,146.1,133.44,84.58,8.0,0.0,0.0,358.66,81.03,13.78,0.0,0.0,0.0,0.0,309.88,141.8,0.0,0.0,0.0,0.0,0.0,428.46,22.18,0.0,0.0,0.0,0.0,0.0,241.29,159.97,65.28,0.0,0.0,0.0,0.0,0.0,0.0,0.0,0.0,0.0,0.0,0.0
58,161.28,116.2,85.94,70.48,0.0,0.0,154.91,130.66,78.19,69.39,0.0,0.0,335.22,76.0,0.0,0.0,0.0,0.0,166.36,106.78,97.29,0.0,0.0,0.0,164.35,109.05,96.38,0.0,0.0,0.0,189.91,178.89,18.9,0.0,0.0,0.0,0.0,309.88,138.8,0.0,0.0,0.0,0.0,0.0,309.88,141.8,0.0,0.0,0.0,0.0,0.0,244.23,141.8,2.65,0.0,0.0,0.0,0.0,0.0,0.0,0.0,0.0,0.0,0.0,0.0
59,199.02,103.09,90.33,66.56,0.0,0.0,131.79,119.72,98.35,80.2,96.29,0.0,139.74,117.59,96.18,77.96,0.0,0.0,159.05,113.66,91.75,76.0,0.0,0.0,189.11,113.09,89.29,69.86,0.0,0.0,322.04,0.0,0.0,0.0,0.0,0.0,0.0,159.73,94.07,0.0,0.0,0.0,0.0,0.0,149.8,138.8,0.0,0.0,0.0,0.0,0.0,149.8,42.9,26.63,0.0,0.0,0.0,0.0,0.0,0.0,0.0,0.0,0.0,0.0,0.0
60,138.79,118.34,97.15,76.87,0.0,0.0,244.87,102.8,80.44,0.0,0.0,0.0,193.95,112.93,89.17,0.0,0.0,0.0,141.3,116.86,94.88,79.29,0.0,0.0,138.92,118.21,97.6,76.18,0.0,0.0,343.46,0.0,0.0,0.0,0.0,0.0,0.0,317.75,0.0,0.0,0.0,0.0,0.0,0.0,230.21,46.45,25.18,18.02,0.0,0.0,0.0,149.8,67.8,69.62,19.53,17.1,0.0,0.0,0.0,0.0,0.0,0.0,0.0,0.0,0.0
61,134.64,123.77,109.02,93.06,62.58,0.0,169.24,112.63,105.87,86.28,0.0,0.0,144.67,114.19,108.96,90.67,78.26,0.0,139.74,114.66,109.36,98.17,116.9,0.0,134.89,115.41,109.37,104.25,90.28,0.0,182.65,105.73,72.93,58.2,23.0,0.0,0.0,198.51,105.73,72.93,53.05,0.0,0.0,0.0,272.02,105.73,40.12,29.0,0.0,0.0,0.0,322.26,72.93,38.8,0.0,0.0,0.0,0.0,0.0,0.0,0.0,0.0,0.0,0.0,0.0
62,184.09,113.89,97.76,0.0,0.0,0.0,156.56,120.37,110.24,90.45,0.0,0.0,153.5,132.97,106.05,76.0,0.0,0.0,144.95,142.17,100.49,87.36,0.0,0.0,163.63,115.31,109.23,87.33,0.0,0.0,211.54,208.13,121.2,0.0,0.0,0.0,0.0,253.56,178.23,37.53,36.28,0.0,0.0,0.0,267.16,159.93,48.02,13.87,0.0,0.0,0.0,267.16,165.25,37.07,16.12,7.25,0.0,0.0,0.0,0.0,0.0,0.0,0.0,0.0,0.0
63,146.96,138.33,107.97,176.54,0.0,0.0,156.09,127.71,108.44,76.34,0.0,0.0,182.59,114.19,98.74,0.0,0.0,0.0,239.81,112.46,95.96,0.0,0.0,0.0,153.73,132.44,107.82,0.0,0.0,0.0,327.85,159.93,0.0,0.0,0.0,0.0,0.0,267.16,159.93,79.77,0.0,0.0,0.0,0.0,253.56,199.66,0.0,0.0,0.0,0.0,0.0,253.56,174.99,55.82,0.0,0.0,0.0,0.0,0.0,0.0,0.0,0.0,0.0,0.0,0.0
64,202.87,133.38,110.16,80.15,0.0,0.0,182.36,152.95,117.44,0.0,0.0,0.0,177.57,159.32,101.3,94.5,0.0,0.0,224.29,124.81,94.91,87.9,0.0,0.0,193.85,135.51,121.0,0.0,0.0,0.0,281.66,110.13,32.68,0.0,0.0,0.0,0.0,331.15,110.13,0.0,0.0,0.0,0.0,0.0,207.43,190.79,26.93,0.0,0.0,0.0,0.0,208.06,190.79,0.0,0.0,0.0,0.0,0.0,0.0,0.0,0.0,0.0,0.0,0.0,0.0
65,191.47,139.71,119.35,116.92,0.0,0.0,212.98,132.27,94.96,91.32,0.0,0.0,214.26,126.75,99.86,90.86,0.0,0.0,174.95,160.82,110.28,87.87,0.0,0.0,177.67,157.98,112.34,69.87,90.55,0.0,192.48,190.79,104.67,0.0,0.0,0.0,0.0,298.1,110.13,18.13,15.38,0.0,0.0,0.0,271.03,156.51,11.33,10.58,0.0,0.0,0.0,222.93,174.3,65.68,0.0,0.0,0.0,0.0,0.0,0.0,0.0,0.0,0.0,0.0,0.0
66,233.8,123.45,100.99,78.1,0.0,0.0,144.98,144.83,106.93,84.73,0.0,0.0,164.69,129.57,104.88,80.03,0.0,0.0,169.64,129.17,102.46,77.83,0.0,0.0,154.19,134.9,112.41,70.0,0.0,0.0,192.6,187.17,175.02,23.0,0.0,0.0,0.0,192.6,187.17,175.02,18.9,0.0,0.0,0.0,192.6,187.17,161.45,33.73,0.0,0.0,0.0,315.32,175.02,55.82,25.75,6.17,0.0,0.0,0.0,0.0,0.0,0.0,0.0,0.0,0.0
67,152.32,148.26,107.84,0.0,0.0,0.0,154.19,145.06,108.37,76.76,0.0,0.0,163.13,138.0,106.38,87.29,0.0,0.0,186.26,123.35,99.89,0.0,0.0,0.0,232.35,117.3,95.6,0.0,0.0,0.0,156.7,141.37,32.35,0.0,0.0,0.0,0.0,359.6,0.0,0.0,0.0,0.0,0.0,0.0,202.98,83.07,46.87,0.0,0.0,0.0,0.0,151.4,148.19,29.45,23.55,0.0,0.0,0.0,0.0,0.0,0.0,0.0,0.0,0.0,0.0
68,161.04,140.47,105.15,92.41,0.0,0.0,153.07,145.47,110.34,96.89,0.0,0.0,461.21,0.0,0.0,0.0,0.0,0.0,182.31,131.91,95.66,0.0,0.0,0.0,162.35,139.43,103.66,93.41,0.0,0.0,202.98,83.07,53.0,0.0,0.0,0.0,0.0,258.8,63.5,0.0,0.0,0.0,0.0,0.0,202.98,75.4,55.77,0.0,0.0,0.0,0.0,177.35,83.07,59.73,0.0,0.0,0.0,0.0,0.0,0.0,0.0,0.0,0.0,0.0,0.0
69,226.51,136.13,108.9,93.43,0.0,0.0,474.76,92.71,0.0,0.0,0.0,0.0,185.56,161.18,116.7,96.65,72.3,0.0,189.85,156.91,110.48,104.82,0.0,0.0,189.19,158.66,110.47,103.15,0.0,0.0,339.29,67.7,85.72,0.0,0.0,0.0,0.0,239.8,190.23,0.0,0.0,0.0,0.0,0.0,339.29,76.13,26.63,0.0,0.0,0.0,0.0,343.35,113.56,0.0,0.0,0.0,0.0,0.0,87.34,84.24,634.8,0.0,0.0,0.0,0.0
70,176.25,173.98,109.29,99.85,73.52,0.0,239.31,129.4,107.62,91.04,0.0,0.0,191.0,148.6,121.85,97.25,74.0,0.0,185.98,159.94,119.77,94.56,70.0,0.0,245.42,124.08,107.05,87.38,0.0,0.0,278.48,88.53,29.45,0.0,0.0,0.0,0.0,339.29,30.0,22.58,0.0,0.0,0.0,0.0,299.67,83.6,8.58,0.0,0.0,0.0,0.0,249.93,187.73,0.0,0.0,0.0,0.0,0.0,0.0,0.0,0.0,0.0,0.0,0.0,0.0
71,181.88,107.85,104.25,94.04,32.0,0.0,172.14,137.75,96.44,78.92,48.0,0.0,153.86,147.3,103.18,80.32,78.15,0.0,243.01,106.39,94.7,78.88,0.0,0.0,157.9,146.2,99.89,89.94,132.16,0.0,314.87,75.93,74.53,0.0,0.0,0.0,0.0,183.45,142.83,75.93,62.6,7.25,0.0,0.0,205.62,103.1,75.93,74.53,65.28,0.0,0.0,255.54,94.1,74.53,120.21,0.0,0.0,0.0,0.0,0.0,0.0,0.0,0.0,0.0,0.0
72,218.38,142.13,108.02,97.57,0.0,0.0,196.63,144.22,115.19,99.67,0.0,0.0,179.49,149.39,127.1,100.15,0.0,0.0,168.61,156.8,136.7,97.72,0.0,0.0,200.85,142.13,109.24,103.17,69.05,0.0,286.67,283.45,5.0,0.0,0.0,0.0,0.0,319.17,220.39,29.45,22.53,0.0,0.0,0.0,370.72,166.38,47.58,0.0,0.0,0.0,0.0,370.72,185.36,26.22,0.0,0.0,0.0,0.0,89.33,83.99,82.96,81.74,634.8,0.0,0.0
73,200.26,142.13,111.23,103.17,0.0,0.0,275.74,141.45,108.0,90.99,0.0,0.0,166.48,158.06,137.35,98.66,0.0,0.0,177.79,153.76,119.95,103.17,73.5,0.0,187.95,144.89,116.34,106.59,0.0,0.0,319.17,269.84,0.0,0.0,0.0,0.0,0.0,319.17,219.56,25.72,0.0,0.0,0.0,0.0,409.88,146.96,23.55,0.0,0.0,0.0,0.0,370.72,193.64,0.0,0.0,0.0,0.0,0.0,0.0,0.0,0.0,0.0,0.0,0.0,0.0
74,374.64,99.12,70.9,0.0,0.0,0.0,212.59,117.86,99.22,74.97,0.0,0.0,170.66,130.32,108.37,88.08,0.0,0.0,155.44,140.46,108.44,93.53,0.0,0.0,143.96,143.01,108.78,97.11,115.46,0.0,232.04,222.28,100.37,0.0,0.0,0.0,0.0,267.16,181.99,105.3,7.65,0.0,0.0,0.0,378.36,155.69,35.93,0.0,0.0,0.0,0.0,378.36,170.55,17.0,0.0,0.0,0.0,0.0,245.42,0.0,0.0,0.0,0.0,0.0,0.0
75,167.65,136.4,108.16,85.27,0.0,0.0,181.78,124.89,107.4,79.28,0.0,0.0,270.56,112.25,98.05,60.0,0.0,0.0,187.72,121.84,102.76,82.74,0.0,0.0,146.65,141.3,108.6,95.7,0.0,0.0,222.28,222.28,152.7,0.0,0.0,0.0,0.0,378.36,168.53,0.0,0.0,0.0,0.0,0.0,313.42,178.89,38.72,18.9,0.0,0.0,0.0,263.44,183.77,151.35,0.0,0.0,0.0,0.0,0.0,0.0,0.0,0.0,0.0,0.0,0.0
76,176.11,128.88,97.72,90.56,52.0,0.0,188.94,111.38,108.74,90.33,0.0,0.0,191.19,110.77,107.23,88.73,0.0,0.0,154.05,148.67,106.91,87.41,0.0,0.0,157.04,135.23,108.99,93.72,107.56,0.0,275.76,0.0,0.0,0.0,0.0,0.0,0.0,260.97,0.0,0.0,0.0,0.0,0.0,0.0,229.83,0.0,0.0,0.0,0.0,0.0,0.0,193.43,27.33,16.33,0.0,0.0,0.0,0.0,0.0,0.0,0.0,0.0,0.0,0.0,0.0
77,129.55,126.03,106.94,151.01,0.0,0.0,179.08,115.83,93.42,0.0,0.0,0.0,138.65,120.91,97.82,87.71,0.0,0.0,186.86,115.65,91.96,0.0,0.0,0.0,130.0,124.77,111.37,106.72,0.0,0.0,378.97,0.0,0.0,0.0,0.0,0.0,0.0,207.84,0.0,0.0,0.0,0.0,0.0,0.0,177.55,22.58,0.0,0.0,0.0,0.0,0.0,158.3,157.5,0.0,0.0,0.0,0.0,0.0,0.0,0.0,0.0,0.0,0.0,0.0,0.0
78,136.96,121.92,103.3,54.0,0.0,0.0,329.05,88.99,0.0,0.0,0.0,0.0,187.05,111.76,92.45,0.0,0.0,0.0,176.31,120.76,92.93,108.37,0.0,0.0,134.75,124.62,98.74,83.71,0.0,0.0,189.23,40.65,40.47,35.13,0.0,0.0,0.0,294.31,0.0,0.0,0.0,0.0,0.0,0.0,464.1,0.0,0.0,0.0,0.0,0.0,0.0,158.66,123.93,0.0,0.0,0.0,0.0,0.0,0.0,0.0,0.0,0.0,0.0,0.0,0.0
79,179.87,110.78,81.6,0.0,0.0,0.0,170.8,119.45,88.06,0.0,0.0,0.0,147.15,127.95,102.52,0.0,0.0,0.0,167.01,124.29,78.0,0.0,0.0,0.0,144.31,133.84,96.54,0.0,0.0,0.0,467.23,0.0,0.0,0.0,0.0,0.0,0.0,246.72,80.2,78.97,27.33,0.0,0.0,0.0,370.61,35.63,0.0,0.0,0.0,0.0,0.0,338.1,66.2,33.73,0.0,0.0,0.0,0.0,0.0,0.0,0.0,0.0,0.0,0.0,0.0
80,146.13,130.52,99.48,0.0,0.0,0.0,196.01,108.13,0.0,0.0,0.0,0.0,173.8,110.9,90.74,0.0,0.0,0.0,154.99,125.45,92.54,0.0,0.0,0.0,257.04,102.7,0.0,0.0,0.0,0.0,188.43,186.43,0.0,0.0,0.0,0.0,0.0,196.4,107.23,79.03,0.0,0.0,0.0,0.0,366.94,8.48,0.0,0.0,0.0,0.0,0.0,229.93,100.33,18.02,15.65,15.38,0.0,0.0,634.8,0.0,0.0,0.0,0.0,0.0,0.0
81,251.97,121.11,107.58,89.38,0.0,0.0,245.54,132.74,102.87,81.67,48.0,0.0,184.55,133.08,107.77,93.92,71.47,0.0,178.76,137.43,110.47,91.37,74.41,0.0,144.99,138.67,120.64,97.06,75.25,0.0,309.38,190.57,46.43,40.18,0.0,0.0,0.0,382.31,190.57,6.17,0.0,0.0,0.0,0.0,397.65,176.7,0.0,0.0,0.0,0.0,0.0,230.08,190.57,76.03,65.28,36.28,0.0,0.0,0.0,0.0,0.0,0.0,0.0,0.0,0.0
82,167.35,150.16,128.05,96.2,81.6,0.0,155.25,153.6,133.52,106.34,0.0,0.0,313.51,129.77,106.04,0.0,0.0,0.0,367.46,114.66,92.1,0.0,0.0,0.0,166.36,152.11,121.44,107.5,0.0,0.0,290.41,172.63,139.17,0.0,0.0,0.0,0.0,359.48,172.07,69.83,0.0,0.0,0.0,0.0,204.8,202.92,170.84,23.82,0.0,0.0,0.0,217.98,202.92,148.8,30.02,13.9,0.0,0.0,0.0,0.0,0.0,0.0,0.0,0.0,0.0
83,267.57,140.18,113.42,89.59,0.0,0.0,379.38,113.78,89.98,0.0,0.0,0.0,165.17,152.84,126.92,97.41,74.0,0.0,180.04,147.71,117.21,96.24,87.89,0.0,207.15,140.47,115.12,94.35,0.0,0.0,217.98,202.92,163.3,0.0,0.0,0.0,0.0,217.98,172.63,170.84,15.05,0.0,0.0,0.0,376.72,170.84,27.82,0.0,0.0,0.0,0.0,299.52,172.63,102.7,0.0,0.0,0.0,0.0,0.0,0.0,0.0,0.0,0.0,0.0,0.0
84,265.89,127.48,110.13,86.8,0.0,0.0,218.53,132.33,114.39,93.5,0.0,0.0,166.83,136.79,125.59,99.39,74.57,0.0,184.22,134.48,115.73,95.8,2.95,0.0,159.49,159.08,117.58,95.6,0.0,0.0,308.21,285.44,18.83,0.0,0.0,0.0,0.0,314.33,269.13,31.93,0.0,0.0,0.0,0.0,406.65,185.73,31.08,0.0,0.0,0.0,0.0,406.65,222.26,0.0,0.0,0.0,0.0,0.0,0.0,0.0,0.0,0.0,0.0,0.0,0.0
85,160.48,148.38,121.35,96.89,79.72,0.0,277.13,126.29,103.63,86.48,0.0,0.0,162.24,147.27,118.49,102.02,70.0,0.0,169.49,134.63,124.37,101.94,7.25,0.0,163.56,147.03,118.06,100.82,71.11,0.0,301.55,295.12,25.3,0.0,0.0,0.0,0.0,508.85,81.03,0.03,31.08,0.0,0.0,0.0,406.65,190.4,20.0,0.0,0.0,0.0,0.0,385.27,228.29,0.0,0.0,0.0,0.0,0.0,172.1,0.0,0.0,0.0,0.0,0.0,0.0
86,185.43,149.07,100.27,95.48,76.07,0.0,263.7,146.56,99.59,84.11,0.0,0.0,151.94,150.95,117.02,98.49,82.98,0.0,156.43,149.76,100.39,100.22,85.19,0.0,305.65,101.36,99.69,87.11,0.0,0.0,221.84,159.77,26.63,23.27,0.0,0.0,0.0,188.97,188.97,40.12,7.92,0.0,0.0,0.0,221.84,188.97,8.58,7.25,0.0,0.0,0.0,221.84,187.98,10.05,0.0,0.0,0.0,0.0,75.36,73.74,69.7,0.0,0.0,0.0,0.0
87,274.62,107.65,77.55,0.0,0.0,0.0,148.62,136.09,107.56,0.0,0.0,0.0,176.42,134.99,93.74,0.0,0.0,0.0,199.78,119.57,87.39,0.0,0.0,0.0,146.01,140.95,100.75,0.0,0.0,0.0,173.22,38.8,0.0,0.0,0.0,0.0,0.0,173.22,7.65,0.0,0.0,0.0,0.0,0.0,164.0,69.62,0.0,0.0,0.0,0.0,0.0,195.39,0.0,0.0,0.0,0.0,0.0,0.0,0.0,0.0,0.0,0.0,0.0,0.0,0.0
88,147.77,137.03,100.95,0.0,0.0,0.0,176.55,134.81,94.5,0.0,0.0,0.0,212.96,118.53,83.6,0.0,0.0,0.0,176.95,133.51,97.53,0.0,0.0,0.0,147.35,139.62,98.91,0.0,0.0,0.0,131.5,131.5,0.0,0.0,0.0,0.0,0.0,173.22,46.45,0.0,0.0,0.0,0.0,0.0,205.56,0.0,0.0,0.0,0.0,0.0,0.0,131.5,65.68,0.0,0.0,0.0,0.0,0.0,0.0,0.0,0.0,0.0,0.0,0.0,0.0
89,137.64,113.2,92.42,0.0,0.0,0.0,140.84,109.96,93.13,0.0,0.0,0.0,153.64,108.01,82.22,0.0,0.0,0.0,197.92,104.62,62.0,0.0,0.0,0.0,125.1,123.94,101.26,0.0,0.0,0.0,149.03,0.0,0.0,0.0,0.0,0.0,0.0,18.83,0.0,0.0,0.0,0.0,0.0,0.0,168.9,0.0,0.0,0.0,0.0,0.0,0.0,0.0,0.0,0.0,0.0,0.0,0.0,0.0,0.0,0.0,0.0,0.0,0.0,0.0,0.0
90,146.38,109.08,88.03,155.07,0.0,0.0,139.9,110.64,96.92,139.2,0.0,0.0,634.8,0.0,0.0,0.0,0.0,0.0,187.56,105.55,69.32,0.0,0.0,0.0,170.46,105.61,73.63,138.4,0.0,0.0,0.0,0.0,0.0,0.0,0.0,0.0,0.0,0.0,0.0,0.0,0.0,0.0,0.0,0.0,0.0,0.0,0.0,0.0,0.0,0.0,0.0,18.02,0.0,0.0,0.0,0.0,0.0,0.0,0.0,0.0,0.0,0.0,0.0,0.0,0.0
91,159.24,141.15,114.08,94.03,0.0,0.0,153.74,144.04,119.69,86.26,0.0,0.0,167.02,133.65,113.27,100.2,0.0,0.0,165.49,137.69,107.31,104.47,0.0,0.0,211.29,121.16,106.29,8.0,135.4,0.0,324.78,177.0,40.12,25.75,0.0,0.0,0.0,362.38,161.4,37.1,0.0,0.0,0.0,0.0,217.85,185.34,148.6,0.0,0.0,0.0,0.0,217.85,217.85,106.07,28.87,0.0,0.0,0.0,0.0,0.0,0.0,0.0,0.0,0.0,0.0
92,150.5,118.92,102.47,0.0,0.0,0.0,323.54,72.61,0.0,0.0,0.0,0.0,158.42,114.82,83.39,150.41,0.0,0.0,149.95,123.02,89.89,73.52,0.0,0.0,157.08,118.89,77.21,71.96,0.0,0.0,250.18,23.22,0.0,0.0,0.0,0.0,0.0,250.18,17.1,0.0,0.0,0.0,0.0,0.0,250.32,4.35,0.0,0.0,0.0,0.0,0.0,196.67,179.92,0.0,0.0,0.0,0.0,0.0,0.0,0.0,0.0,0.0,0.0,0.0,0.0
93,161.34,112.79,82.99,0.0,0.0,0.0,165.35,106.73,91.77,0.0,0.0,0.0,288.61,76.23,0.0,0.0,0.0,0.0,128.45,123.3,106.51,0.0,0.0,0.0,162.32,107.28,98.75,0.0,0.0,0.0,209.63,137.73,25.18,0.0,0.0,0.0,0.0,209.32,158.2,0.0,0.0,0.0,0.0,0.0,423.82,0.0,0.0,0.0,0.0,0.0,0.0,250.18,0.03,46.45,32.68,31.08,17.0,0.0,0.0,0.0,0.0,0.0,0.0,0.0,0.0
94,189.76,119.8,106.38,95.43,0.0,0.0,175.81,133.01,108.02,93.37,78.72,0.0,153.73,140.8,114.31,102.25,46.0,0.0,151.57,145.85,113.83,99.86,0.0,0.0,176.25,130.06,112.36,91.18,78.88,0.0,192.32,191.87,171.81,0.0,0.0,0.0,0.0,296.12,190.01,0.0,0.0,0.0,0.0,0.0,299.6,178.54,23.0,0.0,0.0,0.0,0.0,300.92,171.81,65.68,0.0,0.0,0.0,0.0,0.0,0.0,0.0,0.0,0.0,0.0,0.0
95,152.08,142.26,114.43,103.11,96.53,0.0,175.09,134.77,106.11,93.64,80.23,0.0,186.68,120.61,108.06,95.52,76.79,0.0,241.34,119.02,104.57,87.08,0.0,0.0,160.94,140.72,113.09,97.67,0.0,0.0,384.85,144.03,2.95,0.0,0.0,0.0,0.0,299.6,179.22,41.17,23.55,0.0,0.0,0.0,299.6,171.81,19.08,30.0,20.0,0.0,0.0,200.7,191.78,134.27,5.37,0.0,0.0,0.0,0.0,0.0,0.0,0.0,0.0,0.0,0.0
96,157.38,155.01,123.19,97.5,0.0,0.0,177.91,151.03,121.09,93.92,0.0,0.0,197.51,147.11,112.83,92.72,0.0,0.0,228.59,146.76,99.25,92.5,0.0,0.0,244.57,127.32,109.94,78.34,0.0,0.0,270.0,188.06,0.0,0.0,0.0,0.0,0.0,328.82,71.47,57.0,22.38,0.0,0.0,0.0,314.99,71.47,71.47,15.38,0.0,0.0,0.0,310.53,150.33,0.0,0.0,0.0,0.0,0.0,0.0,0.0,0.0,0.0,0.0,0.0,0.0
97,166.86,150.0,115.32,109.7,0.0,0.0,176.6,135.6,123.97,94.66,15.65,0.0,182.9,130.04,123.54,93.28,86.47,0.0,157.88,157.57,118.74,100.64,0.0,0.0,163.46,150.69,120.12,98.77,0.0,0.0,327.91,258.73,22.48,0.0,0.0,0.0,0.0,332.9,222.39,78.13,0.0,0.0,0.0,0.0,332.9,206.39,90.57,0.0,0.0,0.0,0.0,314.41,291.93,0.0,0.0,0.0,0.0,0.0,0.0,0.0,0.0,0.0,0.0,0.0,0.0
98,182.06,132.33,119.7,107.27,0.0,0.0,176.48,146.66,112.41,96.5,17.1,0.0,160.95,156.7,114.63,108.31,0.0,0.0,204.34,124.95,110.5,88.9,70.0,0.0,194.34,126.05,113.78,106.66,0.0,0.0,332.9,233.15,40.18,0.0,0.0,0.0,0.0,311.19,298.52,0.0,0.0,0.0,0.0,0.0,327.91,291.93,0.0,0.0,0.0,0.0,0.0,327.91,291.93,0.0,0.0,0.0,0.0,0.0,0.0,0.0,0.0,0.0,0.0,0.0,0.0
99,129.97,129.32,109.46,101.03,0.0,0.0,147.5,127.69,106.65,90.52,0.0,0.0,193.8,118.19,103.03,70.23,0.0,0.0,250.64,112.58,101.32,143.49,0.0,0.0,264.88,108.63,93.03,0.0,0.0,0.0,266.28,200.41,0.0,0.0,0.0,0.0,0.0,267.7,194.16,0.0,0.0,0.0,0.0,0.0,267.7,164.74,33.73,0.0,0.0,0.0,0.0,238.98,205.73,25.08,0.0,0.0,0.0,0.0,0.0,0.0,0.0,0.0,0.0,0.0,0.0
100,167.31,123.57,104.58,84.24,0.0,0.0,137.52,128.78,108.2,92.45,0.0,0.0,312.78,102.56,66.0,0.0,0.0,0.0,206.33,112.82,101.42,0.0,0.0,0.0,181.82,123.51,104.13,79.94,0.0,0.0,305.15,28.43,0.0,0.0,0.0,0.0,0.0,280.38,29.98,27.82,0.0,0.0,0.0,0.0,267.7,191.64,0.0,0.0,0.0,0.0,0.0,279.37,44.47,0.0,0.0,0.0,0.0,0.0,0.0,0.0,0.0,0.0,0.0,0.0,0.0
101,0.0,0.0,0.0,0.0,0.0,0.0,154.89,0.0,0.0,0.0,0.0,0.0,152.84,0.0,0.0,0.0,0.0,0.0,112.76,0.0,0.0,0.0,0.0,0.0,116.81,0.0,0.0,0.0,0.0,0.0,0.0,0.0,0.0,0.0,0.0,0.0,0.0,0.0,0.0,0.0,0.0,0.0,0.0,0.0,0.0,0.0,0.0,0.0,0.0,0.0,0.0,0.0,0.0,0.0,0.0,0.0,0.0,0.0,0.0,0.0,0.0,0.0,0.0,0.0,0.0
102,166.32,145.63,108.27,81.63,0.0,0.0,276.1,110.92,93.29,0.0,0.0,0.0,216.51,125.62,103.72,68.0,0.0,0.0,190.16,131.35,104.75,77.67,0.0,0.0,307.66,109.94,90.14,0.0,0.0,0.0,311.77,159.73,0.0,0.0,0.0,0.0,0.0,343.6,107.2,15.33,0.0,0.0,0.0,0.0,409.99,37.53,18.92,0.0,0.0,0.0,0.0,266.83,266.83,0.0,0.0,0.0,0.0,0.0,0.0,0.0,0.0,0.0,0.0,0.0,0.0
103,205.39,127.99,104.01,76.0,0.0,0.0,244.64,117.52,97.12,0.0,0.0,0.0,161.03,153.65,105.37,85.22,0.0,0.0,174.88,143.75,104.99,81.28,0.0,0.0,220.92,121.93,103.56,103.36,0.0,0.0,309.02,191.73,0.0,0.0,0.0,0.0,0.0,266.83,213.43,0.0,0.0,0.0,0.0,0.0,343.6,108.5,0.0,0.0,0.0,0.0,0.0,343.6,24.3,28.43,25.47,5.0,2.65,0.0,0.0,0.0,0.0,0.0,0.0,0.0,0.0
104,238.23,123.53,100.62,0.0,0.0,0.0,174.92,133.71,106.52,0.0,0.0,0.0,155.79,139.56,108.52,94.82,0.0,0.0,151.66,140.16,109.06,89.63,0.0,0.0,214.73,125.19,102.09,0.0,0.0,0.0,274.59,272.02,0.0,0.0,0.0,0.0,0.0,289.25,152.72,46.87,30.47,25.43,0.0,0.0,289.25,225.88,28.43,0.0,0.0,0.0,0.0,313.31,95.17,24.93,21.53,40.18,30.02,18.02,0.0,0.0,0.0,0.0,0.0,0.0,0.0
105,181.07,131.09,102.6,0.0,0.0,0.0,249.2,118.8,89.93,0.0,0.0,0.0,145.09,141.88,116.06,79.78,0.0,0.0,154.03,140.02,108.87,88.28,0.0,0.0,165.36,135.09,107.0,0.0,0.0,0.0,289.25,173.8,29.98,0.0,0.0,0.0,0.0,276.4,242.14,0.0,0.0,0.0,0.0,0.0,313.31,152.13,10.32,5.0,0.0,0.0,0.0,313.31,123.0,12.3,41.17,0.0,0.0,0.0,0.0,0.0,0.0,0.0,0.0,0.0,0.0
106,174.46,92.68,54.0,0.0,0.0,0.0,124.12,119.64,81.9,0.0,0.0,0.0,145.07,105.01,60.0,54.0,0.0,0.0,148.59,101.23,69.67,115.55,0.0,0.0,137.07,108.82,74.6,72.0,0.0,0.0,205.56,171.6,0.0,0.0,0.0,0.0,0.0,205.56,162.33,7.65,0.0,0.0,0.0,0.0,205.56,134.9,65.28,0.0,0.0,0.0,0.0,267.75,132.0,0.0,0.0,0.0,0.0,0.0,0.0,0.0,0.0,0.0,0.0,0.0,0.0
107,170.82,119.7,103.98,77.86,152.06,0.0,177.37,110.81,105.92,86.11,0.0,0.0,205.08,109.15,97.78,69.68,0.0,0.0,151.05,135.58,106.16,87.81,0.0,0.0,158.22,126.18,106.54,97.03,0.0,0.0,304.02,260.93,23.82,0.0,0.0,0.0,0.0,476.13,104.03,0.0,0.0,0.0,0.0,0.0,401.72,124.43,46.45,0.0,0.0,0.0,0.0,401.72,172.31,0.0,0.0,0.0,0.0,0.0,0.0,0.0,0.0,0.0,0.0,0.0,0.0
108,180.59,110.21,102.2,86.76,0.0,0.0,175.92,114.14,105.75,75.52,42.0,0.0,168.45,125.02,100.99,80.65,89.59,0.0,142.76,141.13,108.88,91.43,0.0,0.0,201.74,109.89,98.49,74.9,0.0,0.0,327.85,177.17,99.47,0.0,0.0,0.0,0.0,401.72,148.65,37.42,0.0,0.0,0.0,0.0,260.93,260.93,58.2,0.0,0.0,0.0,0.0,322.42,209.36,40.12,10.0,0.0,0.0,0.0,634.8,0.0,0.0,0.0,0.0,0.0,0.0
109,200.69,190.82,106.29,0.0,0.0,0.0,211.37,149.76,126.57,76.91,0.0,0.0,225.29,140.57,110.7,93.03,0.0,0.0,244.57,135.7,108.44,56.0,0.0,0.0,200.94,184.55,108.33,0.0,0.0,0.0,369.17,0.0,0.0,0.0,0.0,0.0,0.0,265.82,54.15,0.0,0.0,0.0,0.0,0.0,189.27,126.87,23.22,0.0,0.0,0.0,0.0,136.57,136.57,42.25,27.82,0.0,0.0,0.0,0.0,0.0,0.0,0.0,0.0,0.0,0.0
110,221.46,144.91,110.13,93.71,0.0,0.0,361.28,113.51,94.35,0.0,0.0,0.0,300.92,127.46,104.16,0.0,0.0,0.0,238.25,137.29,109.77,92.53,0.0,0.0,201.16,175.85,109.57,82.56,0.0,0.0,199.7,73.97,85.72,0.0,0.0,0.0,0.0,305.21,36.28,0.0,0.0,0.0,0.0,0.0,406.65,0.0,0.0,0.0,0.0,0.0,0.0,174.23,136.57,29.0,0.0,0.0,0.0,0.0,0.0,0.0,0.0,0.0,0.0,0.0,0.0
111,304.71,135.38,108.98,52.0,0.0,0.0,283.6,138.11,111.72,56.89,0.0,0.0,199.24,164.11,121.23,74.97,0.0,0.0,330.9,125.19,93.48,44.0,0.0,0.0,257.01,150.11,119.26,71.27,0.0,0.0,342.09,45.6,30.47,0.0,0.0,0.0,0.0,184.56,122.2,72.0,45.6,0.0,0.0,0.0,265.03,122.2,45.6,0.0,0.0,0.0,0.0,289.73,122.2,10.0,0.0,0.0,0.0,0.0,0.0,0.0,0.0,0.0,0.0,0.0,0.0
112,145.78,142.94,120.03,99.73,0.0,0.0,280.34,120.49,99.8,0.0,0.0,0.0,173.64,130.75,104.44,98.89,0.0,0.0,165.23,136.66,113.59,87.15,0.0,0.0,381.08,99.86,81.35,0.0,0.0,0.0,197.4,90.67,37.53,0.0,0.0,0.0,0.0,208.31,90.67,25.18,0.0,0.0,0.0,0.0,287.58,55.82,0.0,0.0,0.0,0.0,0.0,300.72,10.58,0.0,0.0,0.0,0.0,0.0,0.0,0.0,0.0,0.0,0.0,0.0,0.0
113,293.97,115.14,88.46,75.57,0.0,0.0,151.23,141.28,116.52,92.41,0.0,0.0,152.99,139.23,117.57,88.19,65.93,0.0,167.95,134.1,111.08,87.21,0.0,0.0,183.16,128.98,100.05,87.78,62.95,0.0,249.81,31.0,0.0,0.0,0.0,0.0,0.0,200.3,90.67,0.0,0.0,0.0,0.0,0.0,161.28,92.53,0.0,0.0,0.0,0.0,0.0,138.3,100.9,21.23,0.0,0.0,0.0,0.0,0.0,0.0,0.0,0.0,0.0,0.0,0.0
114,235.18,148.84,122.08,95.75,0.0,0.0,207.91,178.57,121.78,75.25,0.0,0.0,319.11,132.97,112.39,0.0,0.0,0.0,361.51,126.73,103.9,0.0,0.0,0.0,232.84,149.36,122.51,97.56,0.0,0.0,330.75,228.09,22.75,0.0,0.0,0.0,0.0,366.51,208.74,15.0,0.0,0.0,0.0,0.0,278.31,278.31,57.0,0.0,0.0,0.0,0.0,294.34,271.26,18.92,0.0,0.0,0.0,0.0,634.8,79.92,0.0,0.0,0.0,0.0,0.0
115,291.21,133.52,115.04,0.0,0.0,0.0,378.14,123.77,99.07,0.0,0.0,0.0,220.62,174.78,120.25,0.0,0.0,0.0,255.3,141.32,117.43,42.0,0.0,0.0,259.12,135.07,121.04,100.0,0.0,0.0,302.51,246.36,57.0,0.0,0.0,0.0,0.0,280.91,278.31,40.47,0.0,0.0,0.0,0.0,366.51,213.87,32.62,0.0,0.0,0.0,0.0,366.51,188.87,40.65,0.0,0.0,0.0,0.0,0.0,0.0,0.0,0.0,0.0,0.0,0.0
116,153.2,133.2,90.29,76.49,76.18,0.0,171.84,120.86,88.66,72.6,0.0,0.0,214.76,93.21,83.97,70.12,0.0,0.0,150.07,143.3,86.65,73.8,0.0,0.0,152.08,136.6,89.46,75.25,72.87,0.0,317.98,191.94,37.07,25.3,17.1,0.0,0.0,313.69,191.94,36.77,36.12,0.0,0.0,0.0,292.47,292.47,0.0,0.0,0.0,0.0,0.0,292.47,191.94,141.13,0.0,0.0,0.0,0.0,166.83,0.0,0.0,0.0,0.0,0.0,0.0
117,160.34,139.36,111.18,82.86,0.0,0.0,349.81,91.41,66.74,0.0,0.0,0.0,205.06,127.07,103.59,82.27,0.0,0.0,223.17,121.38,97.15,63.63,0.0,0.0,148.27,139.93,113.17,84.66,0.0,0.0,233.03,233.03,125.63,0.0,0.0,0.0,0.0,233.03,199.07,146.17,0.0,0.0,0.0,0.0,319.6,170.82,37.0,13.9,0.0,0.0,0.0,291.93,178.05,62.22,3.28,0.0,0.0,0.0,0.0,0.0,0.0,0.0,0.0,0.0,0.0
118,201.96,128.47,105.78,79.04,0.0,0.0,171.17,138.85,110.4,82.58,0.0,0.0,147.01,141.29,111.64,88.72,86.04,0.0,213.33,122.11,100.45,80.0,0.0,0.0,192.75,134.17,110.33,78.86,0.0,0.0,397.05,146.17,0.0,0.0,0.0,0.0,0.0,319.6,160.54,32.35,11.33,0.0,0.0,0.0,319.6,170.49,23.27,0.0,0.0,0.0,0.0,383.15,146.17,0.0,0.0,0.0,0.0,0.0,0.0,0.0,0.0,0.0,0.0,0.0,0.0
119,231.22,154.21,105.61,90.97,0.0,0.0,276.43,150.38,103.55,86.37,0.0,0.0,196.95,160.92,111.41,102.7,0.0,0.0,206.51,159.19,107.1,102.51,0.0,0.0,175.57,174.34,137.38,95.44,0.0,0.0,324.06,136.63,66.2,32.35,0.0,0.0,0.0,306.06,234.25,0.0,0.0,0.0,0.0,0.0,306.06,204.89,37.68,0.0,0.0,0.0,0.0,327.23,123.9,85.07,2.95,0.0,0.0,0.0,79.95,76.2,0.0,0.0,0.0,0.0,0.0
120,186.13,161.34,141.65,92.37,0.0,0.0,180.77,164.18,147.38,88.64,0.0,0.0,216.19,154.46,106.31,100.62,0.0,0.0,203.78,160.5,108.87,101.52,0.0,0.0,180.07,173.17,124.07,100.51,0.0,0.0,249.43,241.58,0.0,0.0,0.0,0.0,0.0,306.06,226.31,0.0,0.0,0.0,0.0,0.0,363.0,103.17,38.8,0.0,0.0,0.0,0.0,241.58,241.58,23.0,0.0,0.0,0.0,0.0,239.31,0.0,0.0,0.0,0.0,0.0,0.0
121,212.98,140.88,106.29,76.82,65.63,0.0,194.0,143.28,108.21,90.07,67.03,0.0,188.99,143.58,127.31,78.75,0.0,0.0,178.39,144.11,139.08,73.53,68.0,0.0,174.88,150.27,128.21,85.75,0.0,0.0,191.3,176.32,0.0,0.0,0.0,0.0,0.0,245.18,14.97,31.08,23.27,19.53,16.77,0.0,378.1,0.0,0.0,0.0,0.0,0.0,0.0,176.32,176.32,0.0,0.0,0.0,0.0,0.0,0.0,0.0,0.0,0.0,0.0,0.0,0.0
122,172.38,135.27,115.67,102.15,81.03,0.0,181.24,132.92,114.94,98.85,60.64,0.0,206.15,125.34,109.11,95.17,0.0,0.0,149.29,140.86,121.88,106.13,93.34,0.0,149.64,135.76,125.32,108.2,92.09,0.0,262.48,164.15,0.0,0.0,0.0,0.0,0.0,330.04,35.93,0.0,0.0,0.0,0.0,0.0,188.96,168.05,7.92,0.0,0.0,0.0,0.0,210.1,131.6,25.43,0.0,0.0,0.0,0.0,0.0,0.0,0.0,0.0,0.0,0.0,0.0
123,201.38,126.1,109.94,96.08,0.0,0.0,149.1,148.82,115.85,105.61,82.43,0.0,163.92,135.71,115.85,103.53,83.61,0.0,172.99,133.02,115.78,102.16,82.32,0.0,187.18,132.73,111.14,96.57,74.68,0.0,241.71,103.73,0.0,0.0,0.0,0.0,0.0,202.8,168.05,0.0,0.0,0.0,0.0,0.0,171.81,168.05,0.0,0.0,0.0,0.0,0.0,289.89,0.0,0.0,0.0,0.0,0.0,0.0,0.0,0.0,0.0,0.0,0.0,0.0,0.0
124,178.77,154.62,142.74,114.71,0.0,0.0,348.71,127.16,116.6,0.0,0.0,0.0,189.77,152.24,132.9,118.61,0.0,0.0,177.74,167.86,131.54,108.78,0.0,0.0,178.88,154.08,143.45,110.19,0.0,0.0,234.25,175.68,36.73,0.0,0.0,0.0,0.0,304.59,108.13,0.0,0.0,0.0,0.0,0.0,355.51,48.02,40.12,0.0,0.0,0.0,0.0,216.01,210.4,0.0,0.0,0.0,0.0,0.0,92.46,91.95,90.08,89.21,86.69,86.48,71.73
125,201.31,151.66,123.46,109.43,0.0,0.0,223.24,150.82,122.62,103.15,0.0,0.0,242.89,146.1,121.09,93.41,0.0,0.0,171.22,168.96,140.94,108.42,0.0,0.0,214.56,150.87,122.68,104.52,0.0,0.0,234.25,154.37,22.18,0.0,0.0,0.0,0.0,234.25,110.57,36.77,37.07,0.0,0.0,0.0,355.51,38.8,20.5,0.0,0.0,0.0,0.0,355.51,196.92,0.0,0.0,0.0,0.0,0.0,0.0,0.0,0.0,0.0,0.0,0.0,0.0
